,CVX_close,XOM_close,spread,z_score,signal,position,cvx_returns,xom_returns,spread_returns,transaction_costs,net_returns,cum_returns,portfolio_value
2025-11-19 01:35:10.763715,105.72003262669753,100.75792908073424,6.461291340681399,,0,0,,,,,,1.0,100000.0
2025-11-19 01:50:10.763715,105.19368190681081,100.55923267820842,6.130680598707187,,0,0,-0.004978722639495281,-0.0019720175309142496,0.0,0.0,0.0,1.0,100000.0
2025-11-19 02:05:10.763715,106.0805896608015,101.5511143966022,6.040464946424905,,0,0,0.008431188431795578,0.009863656394115683,0.0,0.0,0.0,1.0,100000.0
2025-11-19 02:20:10.763715,107.94324887769788,103.90818884565256,5.581120872218477,,0,0,0.01755890708047847,0.02321071967605337,0.0,0.0,0.0,1.0,100000.0
2025-11-19 02:35:10.763715,107.49148100330675,103.55422712369969,5.478048086194235,,0,0,-0.004185235103521867,-0.0034064853394629724,0.0,0.0,0.0,1.0,100000.0
2025-11-19 02:50:10.763715,106.25383139365657,103.20149658224318,4.587880703278344,,0,0,-0.011513932063249799,-0.0034062399117242848,0.0,0.0,0.0,1.0,100000.0
2025-11-19 03:05:10.763715,108.81004697279478,105.68590627432532,4.696652382718497,,0,0,0.024057632045923816,0.02407338821973637,0.0,0.0,0.0,1.0,100000.0
2025-11-19 03:20:10.763715,110.06283803622038,106.92023272311877,4.733482670043728,,0,0,0.011513560542243173,0.011679196330961705,0.0,0.0,0.0,1.0,100000.0
2025-11-19 03:35:10.763715,109.02716479705262,106.18055053767583,4.426485807500654,,0,0,-0.009409835850561432,-0.0069180749667692165,0.0,0.0,0.0,1.0,100000.0
2025-11-19 03:50:10.763715,110.28345812080624,107.05892167330788,4.817477371876649,,0,0,0.0115227551417314,0.008272429660461933,0.0,0.0,0.0,1.0,100000.0
2025-11-19 04:05:10.763715,110.12893602123779,106.32793952401994,5.383061061528309,,0,0,-0.0014011357841099414,-0.006827848981316498,0.0,0.0,0.0,1.0,100000.0
2025-11-19 04:20:10.763715,108.6761156646048,105.5982861021488,4.649037536973239,,0,0,-0.013191994848227973,-0.006862292499388634,0.0,0.0,0.0,1.0,100000.0
2025-11-19 04:35:10.763715,108.75169535199802,105.99284322852198,4.335930754859447,,0,0,0.0006954581227993639,0.0037363970660613255,0.0,0.0,0.0,1.0,100000.0
2025-11-19 04:50:10.763715,105.62524353603634,103.00446856870838,4.153389258714384,,0,0,-0.02874853404208788,-0.028194117345928915,0.0,0.0,0.0,1.0,100000.0
2025-11-19 05:05:10.763715,102.7768937195906,100.38357557281034,3.886935896390156,,0,0,-0.026966563305238278,-0.025444459180426593,0.0,0.0,0.0,1.0,100000.0
2025-11-19 05:20:10.763715,102.52951242845997,99.55042413509932,4.460309495344333,,0,0,-0.002406973806832302,-0.008299678836471869,0.0,0.0,0.0,1.0,100000.0
2025-11-19 05:35:10.763715,101.11814753137187,98.05924376384047,4.517937540369701,,0,0,-0.013765450197306572,-0.014979146339298088,0.0,0.0,0.0,1.0,100000.0
2025-11-19 05:50:10.763715,101.53730516952277,98.53241045499033,4.470968784196117,,0,0,0.004145226632250587,0.0048253145036423195,0.0,0.0,0.0,1.0,100000.0
2025-11-19 06:05:10.763715,99.38173129019373,97.2091821020834,3.6189348043252068,,0,0,-0.021229378460755677,-0.013429371582372673,0.0,0.0,0.0,1.0,100000.0
2025-11-19 06:20:10.763715,97.92104180571023,95.18102622321248,4.156224054669181,,0,0,-0.014697766536369672,-0.02086383029888128,0.0,0.0,0.0,1.0,100000.0
2025-11-19 06:35:10.763715,99.44561853219504,97.30645703225929,3.586994480039337,,0,0,0.015569449613391573,0.02233040442390677,0.0,0.0,0.0,1.0,100000.0
2025-11-19 06:50:10.763715,99.32203821336591,96.98717027816997,3.7779502141972614,,0,0,-0.0012426924449076004,-0.0032812494034539785,0.0,0.0,0.0,1.0,100000.0
2025-11-19 07:05:10.763715,99.70411473826857,97.09516962383185,4.0536343270295845,,0,0,0.003846845390766962,0.001113542599006978,0.0,0.0,0.0,1.0,100000.0
2025-11-19 07:20:10.763715,98.56991311799987,95.05164779393016,4.93254876102209,,0,0,-0.011375675148874942,-0.021046585919966443,0.0,0.0,0.0,1.0,100000.0
2025-11-19 07:35:10.763715,97.27656104537412,94.28806938616397,4.391413732945992,,0,0,-0.013121164782578743,-0.008033300058317927,0.0,0.0,0.0,1.0,100000.0
2025-11-19 07:50:10.763715,96.03979314203465,94.45452510300275,2.9906668248371773,,0,0,-0.012713935300021406,0.00176539532437614,-0.0,0.0,-0.0,1.0,100000.0
2025-11-19 08:05:10.763715,94.78922422191533,92.84705775796375,3.323647574531904,,0,0,-0.013021362075091525,-0.01701842599161929,0.0,0.0,0.0,1.0,100000.0
2025-11-19 08:20:10.763715,96.36760285979263,93.3811093523999,4.375920827660295,,0,0,0.01665145643751731,0.005751949575271809,0.0,0.0,0.0,1.0,100000.0
2025-11-19 08:35:10.763715,96.31742199087353,92.55281819804392,5.1417068821367735,,0,0,-0.0005207234322525123,-0.008870007650371714,0.0,0.0,0.0,1.0,100000.0
2025-11-19 08:50:10.763715,96.12752606361751,92.15796198777367,5.340792058184178,,0,0,-0.0019715636416640647,-0.004266279708796561,0.0,0.0,0.0,1.0,100000.0
2025-11-19 09:05:10.763715,95.1748751264369,91.33905700292844,5.1948615326890035,,0,0,-0.00991028247778003,-0.008885884270681599,0.0,0.0,0.0,1.0,100000.0
2025-11-19 09:20:10.763715,98.11191579518785,93.92181270726007,5.58757559012362,,0,0,0.030859411844241347,0.028276575093706402,0.0,0.0,0.0,1.0,100000.0
2025-11-19 09:35:10.763715,97.67169155534737,93.91219012428775,5.1568307578341575,,0,0,-0.004486959981083949,-0.00010245312238932325,0.0,0.0,0.0,1.0,100000.0
2025-11-19 09:50:10.763715,96.59158589187982,92.44321222820147,5.523845914264285,,0,0,-0.011058533401722581,-0.015642036397427894,0.0,0.0,0.0,1.0,100000.0
2025-11-19 10:05:10.763715,98.00494932075108,93.60021755771976,5.797419217266864,,0,0,0.014632365912837564,0.012515849478079044,0.0,0.0,0.0,1.0,100000.0
2025-11-19 10:20:10.763715,96.97600244555441,91.91093892940371,6.432616016496709,,0,0,-0.010498927679959524,-0.018047806643978537,0.0,0.0,0.0,1.0,100000.0
2025-11-19 10:35:10.763715,98.65554538309904,92.20856360437227,7.81896266782779,,0,0,0.017319160361219943,0.0032381855569678653,0.0,0.0,0.0,1.0,100000.0
2025-11-19 10:50:10.763715,96.26991493300511,89.54649209307118,8.055794487808768,,0,0,-0.02418141261933171,-0.028870111486856143,0.0,0.0,0.0,1.0,100000.0
2025-11-19 11:05:10.763715,94.28569121919654,87.78890837862333,7.803003216017814,,0,0,-0.02061104671370495,-0.01962761101374111,0.0,0.0,0.0,1.0,100000.0
2025-11-19 11:20:10.763715,94.48359346696053,88.05733029108144,7.736477429112412,,0,0,0.002098963747361182,0.003057583439817213,0.0,0.0,0.0,1.0,100000.0
2025-11-19 11:35:10.763715,94.49784966452387,89.04706780111256,6.775722524864321,,0,0,0.00015088542931351867,0.011239694716606241,0.0,0.0,0.0,1.0,100000.0
2025-11-19 11:50:10.763715,94.38155049059057,89.28518796351737,6.424846203397706,,0,0,-0.0012307070938245568,0.0026740932439983656,-0.0,0.0,-0.0,1.0,100000.0
2025-11-19 12:05:10.763715,94.06033262038213,89.13935053731797,6.2472958290281895,,0,0,-0.0034033968348555765,-0.0016333888019477438,0.0,0.0,0.0,1.0,100000.0
2025-11-19 12:20:10.763715,93.45621119320663,88.74652975025302,6.030150367226156,,0,0,-0.0064227013699140745,-0.004406816795243462,0.0,0.0,0.0,1.0,100000.0
2025-11-19 12:35:10.763715,91.73407104600352,86.80866955373023,6.217036791430658,,0,0,-0.018427241220413282,-0.0218358982821778,0.0,0.0,0.0,1.0,100000.0
2025-11-19 12:50:10.763715,90.48205397358167,85.88496917716942,5.8749762607850755,,0,0,-0.01364833216432726,-0.010640646623308547,0.0,0.0,0.0,1.0,100000.0
2025-11-19 13:05:10.763715,90.54429138748436,85.3021152224368,6.511395284295702,,0,0,0.0006878426292231676,-0.006786448901556663,0.0,0.0,0.0,1.0,100000.0
2025-11-19 13:20:10.763715,91.87249681985045,86.67418469213727,6.487946412509544,,0,0,0.014669123939377249,0.01608482352544982,0.0,0.0,0.0,1.0,100000.0
2025-11-19 13:35:10.763715,92.3250236352629,87.1307931596086,6.49065868572923,,0,0,0.004925596136782673,0.005268102250897133,0.0,0.0,0.0,1.0,100000.0
2025-11-19 13:50:10.763715,90.03127600793367,84.86525446235488,6.428740567757828,,0,0,-0.024844267967813916,-0.026001584687788126,0.0,0.0,0.0,1.0,100000.0
2025-11-19 14:05:10.763715,90.53938762380643,85.28733918591078,6.521047702946547,,0,0,0.005643723363734088,0.0049735869671272415,0.0,0.0,0.0,1.0,100000.0
2025-11-19 14:20:10.763715,90.5175134189595,84.80459964136215,6.974730310333101,,0,0,-0.00024159877177243327,-0.0056601548266894675,0.0,0.0,0.0,1.0,100000.0
2025-11-19 14:35:10.763715,89.28036873797564,83.95626028857778,6.57330245192604,,0,0,-0.013667462066238478,-0.010003459203533627,0.0,0.0,0.0,1.0,100000.0
2025-11-19 14:50:10.763715,89.71842690388588,84.73858921872434,6.240672041895394,,0,0,0.0049065452137175836,0.009318291780237908,0.0,0.0,0.0,1.0,100000.0
2025-11-19 15:05:10.763715,90.8685356097556,86.06786298458006,6.08128538569153,,0,0,0.012819091301074836,0.01568675827756172,0.0,0.0,0.0,1.0,100000.0
2025-11-19 15:20:10.763715,91.39888809841867,87.28732744681153,5.410317951759353,,0,0,0.0058364810779028,0.014168638792041888,0.0,0.0,0.0,1.0,100000.0
2025-11-19 15:35:10.763715,90.03633844599592,86.20403863484879,5.11493874344616,,0,0,-0.014907726787174336,-0.012410608087672803,0.0,0.0,0.0,1.0,100000.0
2025-11-19 15:50:10.763715,89.5202955213435,85.81371505512709,4.9834117330339325,,0,0,-0.005731496122112434,-0.004527903633089192,0.0,0.0,0.0,1.0,100000.0
2025-11-19 16:05:10.763715,90.47191218926,86.2498049377679,5.505427145412412,,0,0,0.010630177909651817,0.005081820340264498,0.0,0.0,0.0,1.0,100000.0
2025-11-19 16:20:10.763715,91.89259668959387,87.52994568592783,5.665018246044923,,0,0,0.015703044911462793,0.014842245139958132,0.0,0.0,0.0,1.0,100000.0
2025-11-19 16:35:10.763715,91.46515837240564,86.9117605717448,5.846567001887877,,0,0,-0.004651498951891542,-0.007062555669818282,0.0,0.0,0.0,1.0,100000.0
2025-11-19 16:50:10.763715,91.72427474009052,86.67872549602195,6.335251091962192,,0,0,0.002832951610162615,-0.002681283570713844,0.0,0.0,0.0,1.0,100000.0
2025-11-19 17:05:10.763715,90.33947632907987,85.26068524247725,6.347393764833583,,0,0,-0.015097403767264539,-0.016359726627611537,0.0,0.0,0.0,1.0,100000.0
2025-11-19 17:20:10.763715,89.13518586614931,83.7528624840997,6.628491007311737,,0,0,-0.013330722203255707,-0.017684853858368377,0.0,0.0,0.0,1.0,100000.0
2025-11-19 17:35:10.763715,90.08879665814473,84.78835721438853,6.562014303717433,,0,0,0.010698477629557113,0.012363693604925174,0.0,0.0,0.0,1.0,100000.0
2025-11-19 17:50:10.763715,91.90814293594744,86.53957612841661,6.656198237389262,,0,0,0.020195033625618253,0.020654002171549335,0.0,0.0,0.0,1.0,100000.0
2025-11-19 18:05:10.763715,91.5514449770706,86.45479576065507,6.3830191902899145,,0,0,-0.0038810267238825746,-0.0009796716318061227,0.0,0.0,0.0,1.0,100000.0
2025-11-19 18:20:10.763715,91.6150905663181,87.77482062234783,5.146280706211684,,0,0,0.0006951893469671067,0.015268382165255057,0.0,0.0,0.0,1.0,100000.0
2025-11-19 18:35:10.763715,92.09844504085444,88.26107810064666,5.150612778469579,,0,0,0.005275926395405861,0.005539828789749901,0.0,0.0,0.0,1.0,100000.0
2025-11-19 18:50:10.763715,92.09813543396938,87.4198542767803,5.979010337944388,,0,0,-3.3616950311232685e-06,-0.009531084844749849,0.0,0.0,0.0,1.0,100000.0
2025-11-19 19:05:10.763715,93.06855475861806,87.90382829475853,6.4726567447896315,,0,0,0.010536796647142133,0.005536202524954126,0.0,0.0,0.0,1.0,100000.0
2025-11-19 19:20:10.763715,95.53078949321596,89.96438817500292,6.904990885721688,,0,0,0.026456140218185764,0.023441071000172453,0.0,0.0,0.0,1.0,100000.0
2025-11-19 19:35:10.763715,96.1082498941726,89.92504720279418,7.521206900435331,,0,0,0.006044756920988714,-0.0004372949453312902,0.0,0.0,0.0,1.0,100000.0
2025-11-19 19:50:10.763715,98.15604974770363,92.0697248981902,7.456239942943171,,0,0,0.02130722238502858,0.023849614341146408,0.0,0.0,0.0,1.0,100000.0
2025-11-19 20:05:10.763715,94.85819455015088,88.5307538492066,7.644699072953657,,0,0,-0.03359808392890118,-0.038437945295230924,0.0,0.0,0.0,1.0,100000.0
2025-11-19 20:20:10.763715,95.5634848153108,89.63792767294065,7.259289269828031,,0,0,0.007435206504874392,0.012506092804991598,0.0,0.0,0.0,1.0,100000.0
2025-11-19 20:35:10.763715,95.5048642311202,89.7640208520183,7.076451660196454,,0,0,-0.000613420327899239,0.0014066944913957435,-0.0,0.0,-0.0,1.0,100000.0
2025-11-19 20:50:10.763715,95.42817240822879,89.37125750813216,7.3866792142028,,0,0,-0.0008030148360381739,-0.004375509699299673,0.0,0.0,0.0,1.0,100000.0
2025-11-19 21:05:10.763715,96.12928464597978,89.5033037270182,7.957709962608135,,0,0,0.007347015247779476,0.001477502080285964,0.0,0.0,0.0,1.0,100000.0
2025-11-19 21:20:10.763715,93.51518413694092,86.88296681551006,7.924958097338859,,0,0,-0.027193591616393897,-0.02927642670599151,0.0,0.0,0.0,1.0,100000.0
2025-11-19 21:35:10.763715,92.97797408361662,86.60581193362766,7.6607791093402255,,0,0,-0.005744629156026915,-0.0031899794866687703,0.0,0.0,0.0,1.0,100000.0
2025-11-19 21:50:10.763715,93.39329444914507,87.07968458987364,7.609277619576801,,0,0,0.004466868305335936,0.005471603413973458,0.0,0.0,0.0,1.0,100000.0
2025-11-19 22:05:10.763715,95.52335218666101,89.0405625556522,7.807633500232328,,0,0,0.022807394792950575,0.02251820243738689,0.0,0.0,0.0,1.0,100000.0
2025-11-19 22:20:10.763715,94.10803136753596,88.35987568921145,7.062871536268872,,0,0,-0.014816490279354944,-0.007644682905224354,0.0,0.0,0.0,1.0,100000.0
2025-11-19 22:35:10.763715,91.94807767092605,87.30350121878827,5.943574403539614,,0,0,-0.02295185294201163,-0.011955363927160456,0.0,0.0,0.0,1.0,100000.0
2025-11-19 22:50:10.763715,91.10867356793864,86.65755584764325,5.740504582770427,,0,0,-0.009129109865587015,-0.007398848409598591,0.0,0.0,0.0,1.0,100000.0
2025-11-19 23:05:10.763715,91.7056634955611,87.86444628576264,5.148561521686148,,0,0,0.006552503776463103,0.013927122987882123,0.0,0.0,0.0,1.0,100000.0
2025-11-19 23:20:10.763715,91.96089565997792,88.30762969570453,4.967204448600583,,0,0,0.0027831668698321543,0.005043944720262816,0.0,0.0,0.0,1.0,100000.0
2025-11-19 23:35:10.763715,91.32789645102653,87.61744371982063,5.014121866008239,,0,0,-0.006883351933542281,-0.007815700390353508,0.0,0.0,0.0,1.0,100000.0
2025-11-19 23:50:10.763715,91.84840698745444,88.30344475855668,4.858838445106201,,0,0,0.005699359742803445,0.007829503003188742,0.0,0.0,0.0,1.0,100000.0
2025-11-20 00:05:10.763715,92.80727950380688,88.44096630851284,5.68223560906813,,0,0,0.010439729417227817,0.0015573746905590546,0.0,0.0,0.0,1.0,100000.0
2025-11-20 00:20:10.763715,94.2694384442676,89.74433960713974,5.860414278915641,,0,0,0.01575478721365542,0.014737212323984394,0.0,0.0,0.0,1.0,100000.0
2025-11-20 00:35:10.763715,93.584382112504,88.81309990114524,6.092741639888601,,0,0,-0.007267003421990381,-0.010376584306832637,0.0,0.0,0.0,1.0,100000.0
2025-11-20 00:50:10.763715,93.52961768202603,88.3864986988517,6.458230967671469,,0,0,-0.0005851877123271843,-0.004803358995107421,0.0,0.0,0.0,1.0,100000.0
2025-11-20 01:05:10.763715,92.49801313438353,87.8769557590135,5.928587817022262,,0,0,-0.011029709873824789,-0.005764940882818537,0.0,0.0,0.0,1.0,100000.0
2025-11-20 01:20:10.763715,91.26227935151061,85.97743531857455,6.56411131072511,,0,0,-0.013359571097787848,-0.021615683247471984,0.0,0.0,0.0,1.0,100000.0
2025-11-20 01:35:10.763715,91.61702316662478,86.36881610628521,6.533297733918673,,0,0,0.003887080375757579,0.004552133780921341,0.0,0.0,0.0,1.0,100000.0
2025-11-20 01:50:10.763715,92.3040938602783,86.71635587293322,6.877999741563599,,0,0,0.007499378062130857,0.004023903328955303,0.0,0.0,0.0,1.0,100000.0
2025-11-20 02:05:10.763715,91.78654553434326,86.73168016728545,6.345355133059286,,0,0,-0.005606992109347342,0.0001767174623283907,-0.0,0.0,-0.0,1.0,100000.0
2025-11-20 02:20:10.763715,90.75888172960141,86.43566758521945,5.609299508127805,-0.20201716075794493,0,0,-0.011196235774635799,-0.0034129695342585142,0.0,0.0,0.0,1.0,100000.0
2025-11-20 02:35:10.763715,89.51866774014704,84.62839501439339,6.149467491363623,0.26246518245316836,0,0,-0.013664932465225266,-0.020908875020190232,0.0,0.0,0.0,1.0,100000.0
2025-11-20 02:50:10.763715,89.25309525793696,84.10450804446165,6.399987009912152,0.47404482811364396,0,0,-0.0029666715213073624,-0.00619043962540744,0.0,0.0,0.0,1.0,100000.0
2025-11-20 03:05:10.763715,88.43264248835536,83.68162766381118,5.996122539443789,0.12927715323204667,0,0,-0.00919242931811537,-0.00502803464978252,0.0,0.0,0.0,1.0,100000.0
2025-11-20 03:20:10.763715,87.10795850870291,82.6888933178866,5.649401907260668,-0.16765987283456338,0,0,-0.014979581547920895,-0.011863229404581732,0.0,0.0,0.0,1.0,100000.0
2025-11-20 03:35:10.763715,87.56102131293714,82.49733637563646,6.291171457909968,0.37388022062086385,0,0,0.0052011643022142895,-0.0023165982100367133,0.0,0.0,0.0,1.0,100000.0
2025-11-20 03:50:10.763715,87.49121235031919,83.00715171418366,5.7191327526387,-0.12539030249633373,0,0,-0.0007972607168258428,0.006179779383734818,-0.0,0.0,-0.0,1.0,100000.0
2025-11-20 04:05:10.763715,90.65188038556187,85.39773326124359,6.524788954394651,0.5534894531905541,0,0,0.036125548501799276,0.028799705780669926,0.0,0.0,0.0,1.0,100000.0
2025-11-20 04:20:10.763715,90.44622802978932,85.63021715694929,6.0901118551845315,0.16757257044806234,0,0,-0.0022685944836208227,0.0027223661194202275,-0.0,0.0,-0.0,1.0,100000.0
2025-11-20 04:35:10.763715,91.13359337614708,85.97026502019975,6.442488946114807,0.4589433180539348,0,0,0.007599712683776794,0.00397111994504451,0.0,0.0,0.0,1.0,100000.0
2025-11-20 04:50:10.763715,90.9131995037577,85.88290443686604,6.308155809776949,0.32997632045102837,0,0,-0.0024183603896723582,-0.0010161720836056043,0.0,0.0,0.0,1.0,100000.0
2025-11-20 05:05:10.763715,88.94171786525341,83.45463776359371,6.728810410026313,0.6862517924089575,0,0,-0.021685317965547957,-0.02827415641325215,0.0,0.0,0.0,1.0,100000.0
2025-11-20 05:20:10.763715,88.66307090965978,83.42979633723101,6.474635262607052,0.45012669982809783,0,0,-0.00313291627687895,-0.00029766382106966027,0.0,0.0,0.0,1.0,100000.0
2025-11-20 05:35:10.763715,88.69100815109746,83.51355624663981,6.420058867113127,0.38748639154257103,0,0,0.0003150944485799112,0.0010039567766679802,0.0,0.0,0.0,1.0,100000.0
2025-11-20 05:50:10.763715,91.73829942258288,86.66564905677355,6.362157647991879,0.32053466465840946,0,0,0.034358514295991904,0.03774348682775153,0.0,0.0,0.0,1.0,100000.0
2025-11-20 06:05:10.763715,91.03789838121676,86.42458519093881,5.899233657916909,-0.11705955175803175,0,0,-0.007634772453539829,-0.0027815388041092515,0.0,0.0,0.0,1.0,100000.0
2025-11-20 06:20:10.763715,91.84204329397723,86.82506925677212,6.308853349264098,0.24474906560184742,0,0,0.008833078608571743,0.004633913659504607,0.0,0.0,0.0,1.0,100000.0
2025-11-20 06:35:10.763715,91.58283342655069,86.7885516681526,6.085617721425891,0.02324349832775735,0,0,-0.0028223443003857485,-0.00042058807360723094,0.0,0.0,0.0,1.0,100000.0
2025-11-20 06:50:10.763715,90.0871977232923,85.28891979604934,6.067300710357884,-0.009007440643152533,0,0,-0.016330961243494202,-0.017279143887978465,0.0,0.0,0.0,1.0,100000.0
2025-11-20 07:05:10.763715,91.04605229027148,86.77225184882376,5.56489387775413,-0.5179405687006915,0,0,0.010643627410016121,0.0173918494491605,0.0,0.0,0.0,1.0,100000.0
2025-11-20 07:20:10.763715,90.77763393599491,87.76527198231379,4.318230640705963,-1.7397327899795183,0,0,-0.002948160271911582,0.011443982521279983,-0.0,0.0,-0.0,1.0,100000.0
2025-11-20 07:35:10.763715,91.81572716981334,88.82173344837523,4.315581609422722,-1.7765169070998121,0,0,0.011435561699596253,0.012037351929751194,0.0,0.0,0.0,1.0,100000.0
2025-11-20 07:50:10.763715,92.01539935033904,87.62712133196689,5.692091147380637,-0.4408012586200532,0,0,0.002174705648809061,-0.013449547425266939,0.0,0.0,0.0,1.0,100000.0
2025-11-20 08:05:10.763715,94.24793108298657,89.49944900875325,6.08015376312251,-0.06724061940068828,0,0,0.024262588092971216,0.02136698830597461,0.0,0.0,0.0,1.0,100000.0
2025-11-20 08:20:10.763715,92.5162457571435,87.64588857744555,6.1744495485203,0.01837927475850072,0,0,-0.018373722435544027,-0.020710299916219754,0.0,0.0,0.0,1.0,100000.0
2025-11-20 08:35:10.763715,93.16676117076024,88.42967111286595,6.052844409267664,-0.12938625500651815,0,0,0.007031364148998742,0.008942604703332302,0.0,0.0,0.0,1.0,100000.0
2025-11-20 08:50:10.763715,96.03483758256539,91.392589161367,6.0020883409790144,-0.23005846179187484,0,0,0.03078433097559774,0.03350592636174543,0.0,0.0,0.0,1.0,100000.0
2025-11-20 09:05:10.763715,95.07587478460202,90.05371709653791,6.36207638996548,0.15478018245803943,0,0,-0.009985572133017873,-0.014649678678706812,0.0,0.0,0.0,1.0,100000.0
2025-11-20 09:20:10.763715,93.79407682961777,89.30092828581657,5.821866422032102,-0.5291370827067124,0,0,-0.013481842348421424,-0.00835933079713247,0.0,0.0,0.0,1.0,100000.0
2025-11-20 09:35:10.763715,94.53872962740672,89.44345638935249,6.42611180688661,0.20620012333806048,0,0,0.007939230524563579,0.0015960427990149295,0.0,0.0,0.0,1.0,100000.0
2025-11-20 09:50:10.763715,94.28718408292121,88.77938912689982,6.828752798405517,0.6946612691154633,0,0,-0.002660767131913988,-0.007424436501670462,0.0,0.0,0.0,1.0,100000.0
2025-11-20 10:05:10.763715,92.71806448246755,86.74688992406897,7.261890631966509,1.2156267205891325,0,0,-0.016641918153730173,-0.02289381829295567,0.0,0.0,0.0,1.0,100000.0
2025-11-20 10:20:10.763715,93.01492349686407,86.84483423746028,7.462262656683478,1.4350411446933922,0,0,0.0032017386908744783,0.0011290815552815747,0.0,0.0,0.0,1.0,100000.0
2025-11-20 10:35:10.763715,91.70301207035854,85.48051507241955,7.494370547266357,1.4460663577898032,0,0,-0.014104311192061125,-0.015709848225517464,0.0,0.0,0.0,1.0,100000.0
2025-11-20 10:50:10.763715,92.60173109377519,86.09853038085244,7.784269776844397,1.761601747801656,0,0,0.009800321746543217,0.007229896870758257,0.0,0.0,0.0,1.0,100000.0
2025-11-20 11:05:10.763715,91.7449972138004,84.92775713322379,8.080889086551053,2.059797342240446,-1,-1,-0.009251812788544922,-0.013598063084814482,0.0,0.001,-0.001,0.999,99900.0
2025-11-20 11:20:10.763715,93.42079101891547,86.9340682463264,7.78022389204591,1.6547731599645308,0,-1,0.018265778582017278,0.02362373834923459,0.0050064596865595536,0.0,0.0050064596865595536,1.004001453226873,100400.14532268731
2025-11-20 11:35:10.763715,92.13585681111078,85.92726612831486,7.487111487941149,1.3158078612338748,0,-1,-0.01375426383988243,-0.011581214802450002,0.002345367147165805,0.0,0.002345367147165805,1.006356205250978,100635.62052509781
2025-11-20 11:50:10.763715,91.77625984202479,85.52171095225549,7.527035396913547,1.3853675657461486,0,-1,-0.003902899278651284,-0.004719749554858987,-0.0007466246275532815,0.0,-0.0007466246275532815,1.0056048349240465,100560.48349240464
2025-11-20 12:05:10.763715,93.5299573595981,86.58036270351319,8.237832953672083,2.2221901905582793,0,-1,0.019108400370553058,0.012378748501052694,-0.006913836566784022,0.0,-0.006913836566784022,0.9986522474446138,99865.22474446137
2025-11-20 12:20:10.763715,91.34987766085348,85.0049989968241,7.609676959793788,1.4702776054341904,0,-1,-0.023308892255374247,-0.018195392783046938,0.005384230629957482,0.0,0.005384230629957482,1.0040292214639808,100402.92214639808
2025-11-20 12:35:10.763715,90.87045969643701,85.3040527854065,6.835654859481295,0.5344130162638432,0,-1,-0.005248151138158796,0.0035180729617274586,0.008713878323298056,0.0,0.008713878323298056,1.0127782099328535,101277.82099328535
2025-11-20 12:50:10.763715,92.57414418361314,87.00182598969377,6.866827487946509,0.5657940999147487,0,-1,0.018748496407605675,0.019902608948231926,0.0008579795346141013,0.0,0.0008579795346141013,1.013647152910079,101364.7152910079
2025-11-20 13:05:10.763715,90.64245198660286,84.93759907046422,6.9686483613295565,0.6783589444641457,0,-1,-0.020866433214644986,-0.023726248222354362,-0.002506789671897793,0.0,-0.002506789671897793,1.0111061526962155,101110.61526962156
2025-11-20 13:20:10.763715,90.9634113542111,85.18167820615488,7.049160272307134,0.7614755618705749,0,-1,0.003540938716614539,0.002873628856499444,-0.0007100668852695301,0.0,-0.0007100668852695301,1.0103881996996937,101038.81996996938
2025-11-20 13:35:10.763715,91.40754288323114,85.5229369250854,7.15711070666832,0.8765860798448456,0,-1,0.004882529386355028,0.004006245546191334,-0.000935893187837775,0.0,-0.000935893187837775,1.0094425842665231,100944.2584266523
2025-11-20 13:50:10.763715,92.25454289180496,86.54045142625509,7.001735919056657,0.6771591120014564,0,-1,0.0092661938157097,0.011897562662762429,0.0024543437643258365,0.0,0.0024543437643258365,1.0119201033786627,101192.01033786626
2025-11-20 14:05:10.763715,91.4941444353104,84.95805724314724,7.800187036651167,1.5956334740143776,0,-1,-0.00824239579601349,-0.01828502344312677,-0.009770562865490929,0.0,-0.009770562865490929,1.0020330743937473,100203.30743937474
2025-11-20 14:20:10.763715,89.07951995102042,83.30019093542545,7.0187612934062145,0.6654509304162813,0,-1,-0.026391027526326716,-0.01951393854236838,0.007167438922236213,0.0,0.007167438922236213,1.0092150852525252,100921.50852525252
2025-11-20 14:35:10.763715,89.29802137768141,83.96331395349851,6.5840063789312495,0.15229372422965398,0,-1,0.0024528806035453155,0.007960642234147164,0.005389314399853505,0.0,0.005389314399853505,1.0146540626440261,101465.40626440261
2025-11-20 14:50:10.763715,89.63389091244787,84.34661981763945,6.5422732977121,0.10180519446299273,0,-1,0.003761220344915772,0.004565158830596161,0.0007360130086264145,0.0,0.0007360130086264145,1.0154008612333878,101540.08612333878
2025-11-20 15:05:10.763715,89.14675344907135,84.67260618236058,5.733999854925997,-0.8377471449868035,0,0,-0.0054347463712396404,0.0038648420698532693,0.009242083050574269,0.001,0.008242083050574268,1.023769879461298,102376.9879461298
2025-11-20 15:20:10.763715,89.55063071682356,85.1222833915813,5.6948907078175495,-0.8669744577243533,0,0,0.00453047645737259,0.005310775580147364,0.0,0.0,0.0,1.023769879461298,102376.9879461298
2025-11-20 15:35:10.763715,89.63447545793511,84.26684416314826,6.621446507360133,0.21759596989088997,0,0,0.0009362830885768503,-0.010049533381263243,0.0,0.0,0.0,1.023769879461298,102376.9879461298
2025-11-20 15:50:10.763715,89.95328090885364,84.56938193358802,6.642215679056747,0.23721036703674853,0,0,0.003556728025570388,0.003590234966602157,0.0,0.0,0.0,1.023769879461298,102376.9879461298
2025-11-20 16:05:10.763715,90.45004595595933,84.95046929973917,6.763563598902337,0.3713943059000766,0,0,0.005522478358616301,0.004506209664041583,0.0,0.0,0.0,1.023769879461298,102376.9879461298
2025-11-20 16:20:10.763715,88.98045582321015,84.05346641121018,6.177629754622188,-0.32615240313231475,0,0,-0.016247533289974525,-0.010559128112218041,0.0,0.0,0.0,1.023769879461298,102376.9879461298
2025-11-20 16:35:10.763715,90.9903230998949,86.44770969261283,5.828877946806827,-0.7534189473925109,0,0,0.02258773860046337,0.028484765514481314,0.0,0.0,0.0,1.023769879461298,102376.9879461298
2025-11-20 16:50:10.763715,91.45353098719985,87.07303182109975,5.676067939161115,-0.9545415441151262,0,0,0.005090737910628418,0.007233530312259484,0.0,0.0,0.0,1.023769879461298,102376.9879461298
2025-11-20 17:05:10.763715,89.90106213405372,85.5394489085626,5.634363657547695,-1.0080646367317705,0,0,-0.016975493853413126,-0.01761260496462369,0.0,0.0,0.0,1.023769879461298,102376.9879461298
2025-11-20 17:20:10.763715,91.42241316925993,86.3946682993524,6.313220200978762,-0.19737699248148333,0,0,0.016922503462057925,0.009997953011177119,0.0,0.0,0.0,1.023769879461298,102376.9879461298
2025-11-20 17:35:10.763715,90.55074874770641,85.14926194390785,6.6684316030835475,0.22402160451229755,0,0,-0.009534471814255374,-0.014415314972091808,0.0,0.0,0.0,1.023769879461298,102376.9879461298
2025-11-20 17:50:10.763715,90.98094819884646,86.16913133828497,6.093936403533718,-0.47116465847479916,0,0,0.004750920970721939,0.011977430820820922,0.0,0.0,0.0,1.023769879461298,102376.9879461298
2025-11-20 18:05:10.763715,92.59160215370224,87.68851579829925,6.20781297911536,-0.33099073348147934,0,0,0.01770320035943751,0.017632584156493936,0.0,0.0,0.0,1.023769879461298,102376.9879461298
2025-11-20 18:20:10.763715,91.86535962258675,86.62432864240664,6.529923451583414,0.0613519299680519,0,0,-0.007843503235962168,-0.012135992338386137,0.0,0.0,0.0,1.023769879461298,102376.9879461298
2025-11-20 18:35:10.763715,93.66299338573074,87.89398297345755,7.076794203635018,0.7174046616938495,0,0,0.019568135045998414,0.014657017848786591,0.0,0.0,0.0,1.023769879461298,102376.9879461298
2025-11-20 18:50:10.763715,94.97208801481395,88.44873009329578,7.839395853460346,1.6056569569524475,0,0,0.013976647358385996,0.0063115483116262805,0.0,0.0,0.0,1.023769879461298,102376.9879461298
2025-11-20 19:05:10.763715,95.46829301683182,89.55508990302312,7.245702689399593,0.8821041965722134,0,0,0.005224745632005812,0.01250848721694875,0.0,0.0,0.0,1.023769879461298,102376.9879461298
2025-11-20 19:20:10.763715,97.50744589286187,92.14891044205807,6.729628754246065,0.2519516137760845,0,0,0.02135947770293245,0.028963407237307504,0.0,0.0,0.0,1.023769879461298,102376.9879461298
2025-11-20 19:35:10.763715,96.56744810549395,91.81953169546304,6.11410885255593,-0.5089485437140056,0,0,-0.009640266738201286,-0.0035744182434163108,0.0,0.0,0.0,1.023769879461298,102376.9879461298
2025-11-20 19:50:10.763715,95.51146311238845,90.79634178618747,6.066089618749331,-0.5690891250041429,0,0,-0.010935206571389355,-0.011143488649769773,0.0,0.0,0.0,1.023769879461298,102376.9879461298
2025-11-20 20:05:10.763715,94.64715478793511,89.60187800629167,6.378472522330199,-0.18581569993972002,0,0,-0.009049262740706943,-0.013155417458432295,0.0,0.0,0.0,1.023769879461298,102376.9879461298
2025-11-20 20:20:10.763715,94.13766166467249,88.52093921949246,6.933834784284485,0.4929418431109034,0,0,-0.005383079125877321,-0.012063796103953361,0.0,0.0,0.0,1.023769879461298,102376.9879461298
2025-11-20 20:35:10.763715,94.00874619136401,88.42746396561931,6.89700373674269,0.45849386922768615,0,0,-0.0013694356863004353,-0.001055967714501671,0.0,0.0,0.0,1.023769879461298,102376.9879461298
2025-11-20 20:50:10.763715,94.28811823815725,88.89002036522136,6.7207018091184665,0.2521876232664572,0,0,0.0029717665441952867,0.005230913325546593,0.0,0.0,0.0,1.023769879461298,102376.9879461298
2025-11-20 21:05:10.763715,94.73155517573794,89.26863919260678,6.791153428557578,0.3533349750374503,0,0,0.004702999125092644,0.0042594075896236205,0.0,0.0,0.0,1.023769879461298,102376.9879461298
2025-11-20 21:20:10.763715,95.38504991877674,90.39220086733509,6.337804088870342,-0.20286213682898596,0,0,0.006898385039984856,0.012586297773668376,0.0,0.0,0.0,1.023769879461298,102376.9879461298
2025-11-20 21:35:10.763715,96.47953491370123,90.41887306609038,7.406013743482319,1.1300204938278673,0,0,0.011474387190198776,0.0002950719033210092,0.0,0.0,0.0,1.023769879461298,102376.9879461298
2025-11-20 21:50:10.763715,97.54880310954027,92.42116673392601,6.5027806089786395,0.011295250185045116,0,0,0.011082849816756335,0.02214464303677044,0.0,0.0,0.0,1.023769879461298,102376.9879461298
2025-11-20 22:05:10.763715,97.31462178387956,92.06420159761754,6.620253097923225,0.17910335626809784,0,0,-0.002400658113639209,-0.0038623742690475638,0.0,0.0,0.0,1.023769879461298,102376.9879461298
2025-11-20 22:20:10.763715,101.98528953974089,95.9079343971477,7.504379357725867,1.3285151899532452,0,0,0.047995539316117775,0.04175056898152296,0.0,0.0,0.0,1.023769879461298,102376.9879461298
2025-11-20 22:35:10.763715,102.81336669727641,96.8219500059667,7.432040640551904,1.2431475022984915,0,0,0.00811957451189893,0.009530135484246083,0.0,0.0,0.0,1.023769879461298,102376.9879461298
2025-11-20 22:50:10.763715,101.51074154227155,95.59460271341543,7.338500949002977,1.1305165083784763,0,0,-0.012669803517282974,-0.012676333129787554,0.0,0.0,0.0,1.023769879461298,102376.9879461298
2025-11-20 23:05:10.763715,99.85902222199883,94.08070464958261,7.178154244487146,0.9401723725027182,0,0,-0.016271374784361137,-0.015836647894979516,0.0,0.0,0.0,1.023769879461298,102376.9879461298
2025-11-20 23:20:10.763715,100.40288466535092,94.77352141219112,7.0395084185071966,0.7578978317652257,0,0,0.005446302509782397,0.007364068596095175,0.0,0.0,0.0,1.023769879461298,102376.9879461298
2025-11-20 23:35:10.763715,100.77859441055008,94.46582401645361,7.718337297620053,1.6117010606631208,0,0,0.0037420214215102554,-0.003246659944176389,0.0,0.0,0.0,1.023769879461298,102376.9879461298
2025-11-20 23:50:10.763715,100.5962402535981,95.4925396779891,6.524544089146929,0.04488272078190345,0,0,-0.001809453267517469,0.010868646647878233,-0.0,0.0,-0.0,1.023769879461298,102376.9879461298
2025-11-21 00:05:10.763715,102.02443558103464,96.18242899879311,7.273115031342272,1.0087704220379188,0,0,0.014197303237537762,0.007224536315930008,0.0,0.0,0.0,1.023769879461298,102376.9879461298
2025-11-21 00:20:10.763715,101.18926363746411,96.087021666439,6.5319308444210264,0.006425853761761446,0,0,-0.0081859991561255,-0.0009919413904103669,0.0,0.0,0.0,1.023769879461298,102376.9879461298
2025-11-21 00:35:10.763715,99.9174900660079,94.88373981999516,6.4455353626100305,-0.13277567109239308,0,0,-0.012568265898372899,-0.012522834255608184,0.0,0.0,0.0,1.023769879461298,102376.9879461298
2025-11-21 00:50:10.763715,97.69766334033879,92.76131071086974,6.316557900742154,-0.34075986416081766,0,0,-0.022216598157165812,-0.02236873370665937,0.0,0.0,0.0,1.023769879461298,102376.9879461298
2025-11-21 01:05:10.763715,97.43371998227998,92.15131167435023,6.653537339559151,0.1258253000459852,0,0,-0.0027016342974277574,-0.006576007085764779,0.0,0.0,0.0,1.023769879461298,102376.9879461298
2025-11-21 01:20:10.763715,97.78086672377019,93.35205652910227,5.817805234930461,-1.0712547127784864,0,0,0.0035629014426765693,0.013030143933222771,0.0,0.0,0.0,1.023769879461298,102376.9879461298
2025-11-21 01:35:10.763715,98.35128942009436,93.66169549156473,6.083196119390934,-0.690745700794628,0,0,0.005833684190339694,0.003316894924172642,0.0,0.0,0.0,1.023769879461298,102376.9879461298
2025-11-21 01:50:10.763715,97.75632029122549,91.93696917013642,7.187290928117108,0.8774722665627186,0,0,-0.006049428862366368,-0.018414425581091853,0.0,0.0,0.0,1.023769879461298,102376.9879461298
2025-11-21 02:05:10.763715,97.28986006839835,92.18532365271439,6.4761715151067705,-0.14601310918420365,0,0,-0.004771663064214282,0.0027013559922599573,-0.0,0.0,-0.0,1.023769879461298,102376.9879461298
2025-11-21 02:20:10.763715,97.9154660758351,92.72894791960651,6.566241898136127,-0.01693314827490688,0,0,0.006430331043717485,0.005897080417486933,0.0,0.0,0.0,1.023769879461298,102376.9879461298
2025-11-21 02:35:10.763715,96.44181014560536,91.51682522095284,6.286673365794144,-0.41378972496156213,0,0,-0.015050287654132188,-0.013071675305801445,0.0,0.0,0.0,1.023769879461298,102376.9879461298
2025-11-21 02:50:10.763715,96.88913353700951,91.73726848157669,6.5168334949702995,-0.07905061490784243,0,0,0.004638272453916015,0.0024087730326267653,0.0,0.0,0.0,1.023769879461298,102376.9879461298
2025-11-21 03:05:10.763715,96.99662102149111,91.82658429183911,6.53633410849821,-0.053861582169788355,0,0,0.0011093863734525922,0.0009736044220713946,0.0,0.0,0.0,1.023769879461298,102376.9879461298
2025-11-21 03:20:10.763715,95.21352317979522,90.27470419714275,6.282025774801809,-0.43209605827426584,0,0,-0.01838309234814295,-0.016900117832590156,0.0,0.0,0.0,1.023769879461298,102376.9879461298
2025-11-21 03:35:10.763715,95.95495443555627,90.76957032656485,6.535954066184132,-0.07035977853213977,0,0,0.007787037292601662,0.005481780680681059,0.0,0.0,0.0,1.023769879461298,102376.9879461298
2025-11-21 03:50:10.763715,97.60804700937166,91.54547732676275,7.424684441438032,1.195056591501824,0,0,0.017227798017720897,0.008548095990830396,0.0,0.0,0.0,1.023769879461298,102376.9879461298
2025-11-21 04:05:10.763715,98.91384689507892,93.05415517836093,7.244254251537683,0.9168229698020828,0,0,0.01337799418916652,0.016480091596585478,0.0,0.0,0.0,1.023769879461298,102376.9879461298
2025-11-21 04:20:10.763715,100.66555424643178,94.54620607737205,7.526111085698545,1.296924557844219,0,0,0.017709424982843558,0.01603422110652919,0.0,0.0,0.0,1.023769879461298,102376.9879461298
2025-11-21 04:35:10.763715,98.14831922498615,92.62171595225244,6.904731498952046,0.39295274756056026,0,0,-0.025005922237147482,-0.02035502221574803,0.0,0.0,0.0,1.023769879461298,102376.9879461298
2025-11-21 04:50:10.763715,96.44176152088635,91.33702641312246,6.4637483035857315,-0.2555901277436016,0,0,-0.017387538753341758,-0.013870284370376518,0.0,0.0,0.0,1.023769879461298,102376.9879461298
2025-11-21 05:05:10.763715,97.37607165986692,92.05459096202918,6.691170611844029,0.07262710887234437,0,0,0.009687817022900669,0.007856228487898687,0.0,0.0,0.0,1.023769879461298,102376.9879461298
2025-11-21 05:20:10.763715,98.80730928175181,92.77605424614903,7.4116796774836615,1.0978237722748065,0,0,0.01469804231664007,0.007837341696705247,0.0,0.0,0.0,1.023769879461298,102376.9879461298
2025-11-21 05:35:10.763715,99.64405600286226,93.50494154521549,7.530384290099306,1.2447917085130258,0,0,0.008468469865163808,0.007856416237886243,0.0,0.0,0.0,1.023769879461298,102376.9879461298
2025-11-21 05:50:10.763715,104.74101106917477,99.07778592239389,7.137413915225395,0.6667782559179255,0,0,0.05115162179032651,0.05959946378324377,0.0,0.0,0.0,1.023769879461298,102376.9879461298
2025-11-21 06:05:10.763715,105.52877242935863,99.93986105883305,7.07592704534332,0.5724522642938357,0,0,0.0075210402510206276,0.008700993148094804,0.0,0.0,0.0,1.023769879461298,102376.9879461298
2025-11-21 06:20:10.763715,106.51499097677016,101.66693225416962,6.360771670876375,-0.4520710807658057,0,0,0.009345494358628192,0.017281104626710286,0.0,0.0,0.0,1.023769879461298,102376.9879461298
2025-11-21 06:35:10.763715,108.22252647365197,103.1425618336113,6.614633635599404,-0.09078562759175689,0,0,0.016030940633081414,0.01451435138961954,0.0,0.0,0.0,1.023769879461298,102376.9879461298
2025-11-21 06:50:10.763715,109.6238290300901,104.1657098987297,7.008011654292218,0.46453831547719626,0,0,0.012948344509211784,0.009919746484181147,0.0,0.0,0.0,1.023769879461298,102376.9879461298
2025-11-21 07:05:10.763715,108.90744448388807,103.68463711086586,6.765541963486399,0.10477968660930014,0,0,-0.006534934535130987,-0.004618341182828223,0.0,0.0,0.0,1.023769879461298,102376.9879461298
2025-11-21 07:20:10.763715,109.78982390158643,104.88227127192522,6.468106944420839,-0.32751303854364017,0,0,0.008102103780691428,0.01155073880211166,0.0,0.0,0.0,1.023769879461298,102376.9879461298
2025-11-21 07:35:10.763715,108.77665502239269,103.68382423576006,6.635553282242867,-0.09370145827632836,0,0,-0.009228258532429479,-0.011426593089865378,0.0,0.0,0.0,1.023769879461298,102376.9879461298
2025-11-21 07:50:10.763715,108.20498212570654,103.32649588971287,6.415892005664929,-0.419080463350164,0,0,-0.0052554741324640775,-0.003446326837199587,0.0,0.0,0.0,1.023769879461298,102376.9879461298
2025-11-21 08:05:10.763715,107.46736522024743,102.58722215642632,6.406549102076582,-0.4508623309121986,0,0,-0.0068168479026425866,-0.007154735355349939,0.0,0.0,0.0,1.023769879461298,102376.9879461298
2025-11-21 08:20:10.763715,108.64627185998427,102.7235600024639,7.4511464808867345,1.1113588641907386,0,0,0.010969903629076017,0.0013289944222263372,0.0,0.0,0.0,1.023769879461298,102376.9879461298
2025-11-21 08:35:10.763715,111.92764659141156,106.36338323897176,7.146855287502518,0.6370223257722024,0,0,0.030202368431528903,0.035433188223038314,0.0,0.0,0.0,1.023769879461298,102376.9879461298
2025-11-21 08:50:10.763715,108.9232753040184,103.4359310435369,7.026378327284547,0.41666725290887874,0,0,-0.026842083961262198,-0.027523120328521555,0.0,0.0,0.0,1.023769879461298,102376.9879461298
2025-11-21 09:05:10.763715,109.59322156172497,104.5166407289654,6.63169489232159,-0.27610216650347774,0,0,0.006150625344644389,0.01044810709900812,0.0,0.0,0.0,1.023769879461298,102376.9879461298
2025-11-21 09:20:10.763715,107.58679044407556,102.0288444553454,7.0760438666061845,0.48303345563635175,0,0,-0.018307985558389195,-0.02380287250210611,0.0,0.0,0.0,1.023769879461298,102376.9879461298
2025-11-21 09:35:10.763715,106.78910973821951,101.31926634095369,6.977383387954205,0.29700085956973543,0,0,-0.007414299679017633,-0.00695468147443612,0.0,0.0,0.0,1.023769879461298,102376.9879461298
2025-11-21 09:50:10.763715,108.03255436997509,102.99813106372417,6.56694330123598,-0.44000363654378843,0,0,0.01164392731434627,0.016570044211738244,0.0,0.0,0.0,1.023769879461298,102376.9879461298
2025-11-21 10:05:10.763715,108.78817542899657,103.10780004883662,7.214527151477043,0.6968343640796401,0,0,0.00699438297491084,0.0010647667484819934,0.0,0.0,0.0,1.023769879461298,102376.9879461298
2025-11-21 10:20:10.763715,107.89504282578103,101.46448864216056,7.9402549521600605,1.9443138862672389,0,0,-0.008209831626401876,-0.015937799137385467,0.0,0.0,0.0,1.023769879461298,102376.9879461298
2025-11-21 10:35:10.763715,106.50047206456458,100.3916780657809,7.602532306236313,1.3163351998636974,0,0,-0.012925253326682262,-0.010573261549301272,0.0,0.0,0.0,1.023769879461298,102376.9879461298
2025-11-21 10:50:10.763715,106.49761078154643,101.43044394763963,6.576361047865845,-0.4877596213785977,0,0,-2.6866388126545182e-05,0.010347131374555785,-0.0,0.0,-0.0,1.023769879461298,102376.9879461298
2025-11-21 11:05:10.763715,105.95406601945868,100.33532062612198,7.11164515253364,0.45817362102807246,0,0,-0.005103821185272417,-0.010796791169355169,0.0,0.0,0.0,1.023769879461298,102376.9879461298
2025-11-21 11:20:10.763715,105.89952964528682,100.67169337342754,6.725740956443602,-0.21063718333126377,0,0,-0.0005147171431990616,0.0033524858963573934,-0.0,0.0,-0.0,1.023769879461298,102376.9879461298
2025-11-21 11:35:10.763715,106.35674064566679,100.75060837113818,7.105211143640815,0.4720338955866307,0,0,0.004317403504164874,0.0007838846756844653,0.0,0.0,0.0,1.023769879461298,102376.9879461298
2025-11-21 11:50:10.763715,104.41804109955419,99.78064573681986,6.122042056076651,-1.2603378223635582,0,0,-0.018228271516626093,-0.009627362553933594,0.0,0.0,0.0,1.023769879461298,102376.9879461298
2025-11-21 12:05:10.763715,107.99077362362594,103.05196703934709,6.472127610391752,-0.6179631781108453,0,0,0.034215663178984945,0.03278512860255112,0.0,0.0,0.0,1.023769879461298,102376.9879461298
2025-11-21 12:20:10.763715,108.32584540410069,104.04694387295494,5.827026921923363,-1.7699562485077904,0,0,0.0031027815546775805,0.009655097929649026,0.0,0.0,0.0,1.023769879461298,102376.9879461298
2025-11-21 12:35:10.763715,105.76928532681234,100.94391260918447,6.327327780772549,-0.8316010706353291,0,0,-0.02360064735937495,-0.0298233772974571,0.0,0.0,0.0,1.023769879461298,102376.9879461298
2025-11-21 12:50:10.763715,106.06099121397425,101.23675236776135,6.330551102839735,-0.8088035622035589,0,0,0.002757945146935503,0.002901014543696734,0.0,0.0,0.0,1.023769879461298,102376.9879461298
2025-11-21 13:05:10.763715,104.6492547572008,100.24679139529286,5.894045885394036,-1.6203467461823218,0,0,-0.013310609684246022,-0.009778671770033442,0.0,0.0,0.0,1.023769879461298,102376.9879461298
2025-11-21 13:20:10.763715,105.71017670185529,101.54698112971549,5.674123755053884,-1.9911568008108318,0,0,0.010137883419389482,0.012969888774751137,0.0,0.0,0.0,1.023769879461298,102376.9879461298
2025-11-21 13:35:10.763715,104.96081899128623,100.3569919638038,6.097049236785736,-1.1656036744249056,0,0,-0.007088794418370403,-0.011718607019854277,0.0,0.0,0.0,1.023769879461298,102376.9879461298
2025-11-21 13:50:10.763715,104.87825838994894,100.19444038842349,6.174621588889551,-1.0013894237832983,0,0,-0.0007865849574224537,-0.0016197334356029547,0.0,0.0,0.0,1.023769879461298,102376.9879461298
2025-11-21 14:05:10.763715,105.91912293361167,100.96637202471173,6.455040148043892,-0.46502600709002534,0,0,0.0099245025579342,0.007704336021995717,0.0,0.0,0.0,1.023769879461298,102376.9879461298
2025-11-21 14:20:10.763715,108.1707538722556,102.29633425828327,7.396497500681761,1.2889634647141444,0,0,0.021258020990744253,0.01317232863676665,0.0,0.0,0.0,1.023769879461298,102376.9879461298
2025-11-21 14:35:10.763715,105.61467415744863,100.4810741608021,6.628668437973246,-0.13503440022685734,0,0,-0.02363004438173344,-0.017745113846385774,0.0,0.0,0.0,1.023769879461298,102376.9879461298
2025-11-21 14:50:10.763715,105.94713837280436,99.98816954301867,7.44670329160644,1.3778682558276747,0,0,0.0031478979413419594,-0.004905447338218294,0.0,0.0,0.0,1.023769879461298,102376.9879461298
2025-11-21 15:05:10.763715,105.2865172050623,99.28829557337988,7.4755425953030965,1.4529427873812217,0,0,-0.006235384720043036,-0.0069995677772426435,0.0,0.0,0.0,1.023769879461298,102376.9879461298
2025-11-21 15:20:10.763715,103.87848061654896,98.32986110618599,7.011679827021538,0.5819051458344245,0,0,-0.013373379858039769,-0.00965304582638904,0.0,0.0,0.0,1.023769879461298,102376.9879461298
2025-11-21 15:35:10.763715,105.70646189710033,100.97869660271701,6.2302379122160545,-0.8760227227352504,0,0,0.01759730475168464,0.026938261345356374,0.0,0.0,0.0,1.023769879461298,102376.9879461298
2025-11-21 15:50:10.763715,106.21723919573222,101.60414133981845,6.12487653158918,-1.0597274472870553,0,0,0.004832034763675219,0.006193828581112948,0.0,0.0,0.0,1.023769879461298,102376.9879461298
2025-11-21 16:05:10.763715,104.89444435975496,99.71050487056135,6.667542549230191,-0.06805794576951445,0,0,-0.012453673678522903,-0.018637394542056818,0.0,0.0,0.0,1.023769879461298,102376.9879461298
2025-11-21 16:20:10.763715,106.14498685569615,101.10291570505193,6.546392037529245,-0.3192829931931181,0,0,0.011921913534831408,0.013964534993560873,0.0,0.0,0.0,1.023769879461298,102376.9879461298
2025-11-21 16:35:10.763715,110.012227951861,104.38346778698457,7.181892730266966,0.8914871751398146,0,0,0.03643357270769987,0.032447650585103016,0.0,0.0,0.0,1.023769879461298,102376.9879461298
2025-11-21 16:50:10.763715,110.80202420343959,106.0232370231063,6.356318044174145,-0.6867016420720554,0,0,0.007179167864177716,0.01570908948405525,0.0,0.0,0.0,1.023769879461298,102376.9879461298
2025-11-21 17:05:10.763715,108.53227697609748,103.64459986326982,6.429815984885593,-0.5387270487320653,0,0,-0.02048470904443689,-0.02243505505607324,0.0,0.0,0.0,1.023769879461298,102376.9879461298
2025-11-21 17:20:10.763715,107.19976894020785,102.90479359128719,5.826106565863697,-1.6716059993965369,0,0,-0.012277527690523815,-0.007137914304832127,0.0,0.0,0.0,1.023769879461298,102376.9879461298
2025-11-21 17:35:10.763715,109.29509293625516,104.88955022934938,5.966205326036373,-1.4143588339131519,0,0,0.019545974928509402,0.01928730984044491,0.0,0.0,0.0,1.023769879461298,102376.9879461298
2025-11-21 17:50:10.763715,108.71375292379761,103.79241054873091,6.465680537816624,-0.4878400531790106,0,0,-0.005318994630404861,-0.010459952189893928,0.0,0.0,0.0,1.023769879461298,102376.9879461298
2025-11-21 18:05:10.763715,109.16636789855889,104.49614109265404,6.225035849228107,-0.9836929092548155,0,0,0.004163364455631813,0.006780173426964797,0.0,0.0,0.0,1.023769879461298,102376.9879461298
2025-11-21 18:20:10.763715,109.03976476544824,105.72798897500118,4.8849136276132725,-3.395231283226603,1,1,-0.0011597265306865223,0.011788453329151016,-0.0,0.001,-0.001,1.0227461095818366,102274.61095818366
2025-11-21 18:35:10.763715,107.83236433953087,104.27855135673197,5.1053844856196235,-2.832264116553872,0,1,-0.01107302852784553,-0.013709119338417786,0.0024321113860644155,0.0,0.0024321113860644155,1.0252335420400036,102523.35420400037
2025-11-21 18:50:10.763715,108.03383132589943,104.19590371255678,5.388269393197234,-2.26681995218962,0,1,0.0018683350550878774,-0.0007925660943682855,0.002649108475410309,0.0,0.002649108475410309,1.0279494969054968,102794.94969054968
2025-11-21 19:05:10.763715,103.59553418150577,99.2611054157926,5.811345164127303,-1.5085703459581823,0,1,-0.041082474720394835,-0.04736077063430166,0.005573610040237306,0.0,0.005573610040237306,1.033678886542306,103367.88865423061
2025-11-21 19:20:10.763715,102.81994667204069,97.75731130679152,6.517176653391061,-0.28556313913813136,0,1,-0.007486688645344519,-0.015149882753187849,0.007437777413373649,0.0,0.007437777413373649,1.0413671600173116,104136.71600173115
2025-11-21 19:35:10.763715,101.94497474428462,97.39739547373668,5.996765333260285,-1.1630370792160656,0,1,-0.008509748896747826,-0.0036817280287642085,-0.004882801685479105,0.0,-0.004882801685479105,1.0362823706931765,103628.23706931765
2025-11-21 19:50:10.763715,100.6075839477578,95.60094663474689,6.42909382502863,-0.4012829131052956,0,1,-0.013118751560648123,-0.018444526470671407,0.005051336866124731,0.0,0.005051336866124731,1.041516982035974,104151.69820359739
2025-11-21 20:05:10.763715,103.47511754855246,97.98054039979223,6.952439885990103,0.5270079994440376,0,0,0.028502161450211005,0.024890901699298196,0.003981614087961716,0.001,0.0029816140879617157,1.0446223837424637,104462.23837424637
2025-11-21 20:20:10.763715,100.59972416345063,95.91062525804372,6.116163158141092,-0.9357284453521888,0,0,-0.027788259179823083,-0.021125777968794446,0.0,0.0,0.0,1.0446223837424637,104462.23837424637
2025-11-21 20:35:10.763715,100.19493069254351,95.2891643365162,6.323583826528591,-0.5761351101381876,0,0,-0.00402380299024907,-0.006479583673399181,0.0,0.0,0.0,1.0446223837424637,104462.23837424637
2025-11-21 20:50:10.763715,100.14610321835386,95.48576819962867,6.081077778726382,-1.0045076417006322,0,0,-0.0004873247962960958,0.002063234203819375,-0.0,0.0,-0.0,1.0446223837424637,104462.23837424637
2025-11-21 21:05:10.763715,102.12533326698433,97.5823182592251,5.994952555992356,-1.1433746303079726,0,0,0.019763425485613162,0.021956675838992634,0.0,0.0,0.0,1.0446223837424637,104462.23837424637
2025-11-21 21:20:10.763715,100.36185107286495,95.5126194278014,6.270373927305002,-0.6478300374705276,0,0,-0.01726782315127573,-0.021209773126373177,0.0,0.0,0.0,1.0446223837424637,104462.23837424637
2025-11-21 21:35:10.763715,101.74324862713765,97.20341413006682,5.98613429102511,-1.1241212840126207,0,0,0.013764169746827148,0.017702317373292198,0.0,0.0,0.0,1.0446223837424637,104462.23837424637
2025-11-21 21:50:10.763715,101.45880592963839,97.22805792191973,5.677414479236674,-1.6222926843969743,0,0,-0.0027956911277884355,0.00025352804809863905,-0.0,0.0,-0.0,1.0446223837424637,104462.23837424637
2025-11-21 22:05:10.763715,100.18045821595858,95.81667226167437,5.789452270531214,-1.3987370357749886,0,0,-0.012599672369161707,-0.014516238320617214,0.0,0.0,0.0,1.0446223837424637,104462.23837424637
2025-11-21 22:20:10.763715,100.3214127627039,96.49278646645871,5.264352586658958,-2.219766092282986,1,1,0.0014070064087894352,0.007056331521698933,0.0,0.001,-0.001,1.0435777613587214,104357.77613587213
2025-11-21 22:35:10.763715,100.12915214972138,96.79101302692025,4.778302757487282,-2.8814952816312434,0,1,-0.001916446426420304,0.0030906617103985123,-0.004961121857067876,0.0,-0.004961121857067876,1.0384004449172948,103840.04449172948
2025-11-21 22:50:10.763715,99.74492076356259,95.93308298594164,5.239236181243996,-2.0743113926978403,0,1,-0.003837357831456001,-0.00886373656136863,0.004894494263949131,0.0,0.004894494263949131,1.0434828899386246,104348.28899386246
2025-11-21 23:05:10.763715,99.3446954599428,96.04318436521052,4.730547708325361,-2.7328350931779872,0,1,-0.0040124880601037916,0.0011476893668165289,-0.00514310083645685,0.0,-0.00514310083645685,1.0381161522145528,103811.61522145527
2025-11-21 23:20:10.763715,99.25591507508221,95.499233712931,5.17762447693714,-2.002981855996255,0,1,-0.0008936600434431563,-0.0056636049280822665,0.004685675512890879,0.0,0.004685675512890879,1.0429804276485208,104298.04276485209
2025-11-21 23:35:10.763715,99.72433018702176,95.6715512054599,5.476286026392529,-1.5239578035952024,0,1,0.004719266469763728,0.0018043861278185247,0.0029417279923928084,0.0,0.0029417279923928084,1.0460485923680525,104604.85923680525
2025-11-21 23:50:10.763715,99.8359823474701,96.63615473381293,4.637687095557979,-2.6546204654248013,0,1,0.0011196080258342178,0.010082448922370757,-0.008812823081529886,0.0,-0.008812823081529886,1.0368299511888295,103682.99511888294
2025-11-22 00:05:10.763715,101.81525553836975,98.97261503337596,4.315264424749827,-2.955202362502436,0,1,0.019825248816714103,0.02417791049321938,-0.003992916010393206,0.0,-0.003992916010393206,1.0326899762766724,103268.99762766724
2025-11-22 00:20:10.763715,100.8023185674421,97.1616380758831,5.086358695221435,-1.8315977418479303,0,1,-0.009948774037559893,-0.018297757989744423,0.0080767296919074,0.0,0.0080767296919074,1.0410307340706013,104103.07340706013
2025-11-22 00:35:10.763715,103.3973811843944,100.33067334145132,4.559538454703983,-2.4703864237721938,0,1,0.025744076662443716,0.03261611607549475,-0.00638674080104492,0.0,-0.00638674080104492,1.0343819406061707,103438.19406061707
2025-11-22 00:50:10.763715,100.5198153109846,97.44519790276254,4.524514728289603,-2.415742864959966,0,1,-0.0278301620451884,-0.028759653878418168,0.0005015739267363317,0.0,0.0005015739267363317,1.0349007596178657,103490.07596178657
2025-11-22 01:05:10.763715,100.65221046604348,97.23331219076354,4.865642925615177,-1.9152372186707438,0,1,0.0013171050369451542,-0.0021744089658520815,0.0034591607437329387,0.0,0.0034591607437329387,1.038480647699195,103848.0647699195
2025-11-22 01:20:10.763715,101.9579618569018,98.10497990703504,5.312696235576652,-1.3106517087379521,0,1,0.012972903275669578,0.008964702493743815,0.004141587530586813,0.0,0.004141587530586813,1.0427816062004618,104278.16062004618
2025-11-22 01:35:10.763715,102.29729519016904,98.52920551077231,5.234116062359234,-1.3822589404788375,0,1,0.0033281690520989837,0.004324200505817943,-0.0009316912208521084,0.0,-0.0009316912208521084,1.0418100557326988,104181.00557326988
2025-11-22 01:50:10.763715,101.20286103640312,97.62294071216883,5.032462298205431,-1.6004435178513479,0,1,-0.010698563942784456,-0.009197930643055963,-0.001637490274485131,0.0,-0.001637490274485131,1.0401041018985757,104010.41018985758
2025-11-22 02:05:10.763715,101.71116532528333,97.32838568692998,5.830938897209762,-0.5900751509353258,0,1,0.005022627657703893,-0.0030172726112329684,0.00799500595328977,0.0,0.00799500595328977,1.048419740385296,104841.97403852959
2025-11-22 02:20:10.763715,101.94609818297047,96.62095723632298,6.762774303389179,0.5637900659318985,0,0,0.0023098040115439034,-0.0072684699906822026,0.009470125674886285,0.001,0.008470125674886284,1.057299987346391,105729.99873463911
2025-11-22 02:35:10.763715,101.62892668509102,95.78012451753648,7.273924686083234,1.180419943516447,0,0,-0.003111168583521562,-0.00870238448093541,0.0,0.0,0.0,1.057299987346391,105729.99873463911
2025-11-22 02:50:10.763715,102.81592572213006,97.01826176535553,7.241208849274699,1.138241737145939,0,0,0.011679736033394228,0.012926870309010408,0.0,0.0,0.0,1.057299987346391,105729.99873463911
2025-11-22 03:05:10.763715,102.88353223266442,97.54896515862599,6.78600835798953,0.5682964573541226,0,0,0.0006575490135358741,0.005470139163634924,0.0,0.0,0.0,1.057299987346391,105729.99873463911
2025-11-22 03:20:10.763715,101.50867455801442,96.54998125886468,6.395270596878561,0.08595104067847284,0,0,-0.013363243318093465,-0.010240845693614942,0.0,0.0,0.0,1.057299987346391,105729.99873463911
2025-11-22 03:35:10.763715,103.03601078800877,97.87144314882902,6.620807106969963,0.3613410576030522,0,0,0.01504636166952844,0.013686816638744936,0.0,0.0,0.0,1.057299987346391,105729.99873463911
2025-11-22 03:50:10.763715,103.68121423748296,98.33345507394579,6.810872955218997,0.592412914147889,0,0,0.006261921871195675,0.004720599903837108,0.0,0.0,0.0,1.057299987346391,105729.99873463911
2025-11-22 04:05:10.763715,105.52424547565712,99.54972195559068,7.455734274247575,1.3664718602326367,0,0,0.017775941878464874,0.012368800432470017,0.0,0.0,0.0,1.057299987346391,105729.99873463911
2025-11-22 04:20:10.763715,106.70882969736908,100.50441633068141,7.6998291186082355,1.626082029755599,0,0,0.011225706626684318,0.009590125982638309,0.0,0.0,0.0,1.057299987346391,105729.99873463911
2025-11-22 04:35:10.763715,104.7253129303984,99.27231642865017,6.930079709998523,0.6886377625079032,0,0,-0.018588122206906643,-0.012259161806157493,0.0,0.0,0.0,1.057299987346391,105729.99873463911
2025-11-22 04:50:10.763715,104.45067941468953,98.45149884084881,7.46405075111123,1.3318668393255013,0,0,-0.0026224177137708082,-0.008268343253492016,0.0,0.0,0.0,1.057299987346391,105729.99873463911
2025-11-22 05:05:10.763715,104.96932162791454,99.57124652787657,6.879606120587738,0.6336371560018191,0,0,0.004965426899387504,0.011373597154045179,0.0,0.0,0.0,1.057299987346391,105729.99873463911
2025-11-22 05:20:10.763715,105.63807599894372,100.49711166295756,6.636271400989514,0.3531717341614149,0,0,0.006370950680235188,0.009298519074196543,0.0,0.0,0.0,1.057299987346391,105729.99873463911
2025-11-22 05:35:10.763715,105.73450167300214,100.47565541757785,6.7538340707022115,0.49930989705025236,0,0,0.0009127927894048149,-0.00021350111485463064,0.0,0.0,0.0,1.057299987346391,105729.99873463911
2025-11-22 05:50:10.763715,106.8959011297939,100.66270506306725,7.7309670132983825,1.6563515444746035,0,0,0.010984110563868166,0.0018616414564505135,0.0,0.0,0.0,1.057299987346391,105729.99873463911
2025-11-22 06:05:10.763715,110.24770541439023,102.62076987631741,9.15384073637118,3.1704231184947576,-1,-1,0.03135577930651001,0.01945174046359477,0.0,0.001,-0.001,1.0562426873590447,105624.26873590446
2025-11-22 06:20:10.763715,109.5615763919829,101.72435740223216,9.350786372827585,3.213692881281268,0,-1,-0.0062235220209651,-0.008735195371908033,-0.002381701462819375,0.0,-0.002381701462819375,1.0537270326054695,105372.70326054696
2025-11-22 06:35:10.763715,110.12987028445148,102.57284587046576,9.083216545974551,2.807560286865271,0,-1,0.005186981706391203,0.00834105508161187,0.003029965941815557,0.0,0.003029965941815557,1.0569197896262346,105691.97896262346
2025-11-22 06:50:10.763715,109.9774653543126,102.27245174519868,9.226736145406264,2.8230893944527904,0,-1,-0.0013838655193658678,-0.0029285930668866422,-0.0015011527041151052,0.0,-0.0015011527041151052,1.0553331916260045,105533.31916260044
2025-11-22 07:05:10.763715,109.9733185627023,101.94924890864235,9.540983221448272,2.9783216984048755,0,-1,-3.770582998008365e-05,-0.003160214026760255,-0.003075487040819138,0.0,-0.003075487040819138,1.0520875280714124,105208.75280714124
2025-11-22 07:20:10.763715,111.27625949672705,103.65382927893492,9.164706415293765,2.5030826552404215,0,-1,0.011847791364792304,0.016719891402241283,0.0046233230196207585,0.0,0.0046233230196207585,1.0569516685586007,105695.16685586006
2025-11-22 07:35:10.763715,113.27035351029956,104.95566551020154,9.876334355426863,2.9923187562456492,0,-1,0.017920210677383253,0.012559461047631393,-0.005547623167969973,0.0,-0.005547623167969973,1.0510880989946805,105108.80989946805
2025-11-22 07:50:10.763715,114.44151264467703,106.2548732139512,9.76761683374528,2.7594881233519857,0,-1,0.010339502774404208,0.012378633372806203,0.0018549476141235914,0.0,0.0018549476141235914,1.0530378123561444,105303.78123561444
2025-11-22 08:05:10.763715,116.52185721878065,108.36691761829762,9.767342333715064,2.6353191348181286,0,-1,0.018178233807191635,0.019877153305652984,0.0014031652496250303,0.0,0.0014031652496250303,1.0545153984209839,105451.53984209838
2025-11-22 08:20:10.763715,116.71889352921607,108.41190546932718,9.920060172074912,2.6346635973219152,0,-1,0.0016909815474830392,0.00041514377282569903,-0.001282014742395282,0.0,-0.001282014742395282,1.0531634941341252,105316.34941341252
2025-11-22 08:35:10.763715,117.81264850953414,109.53752740793622,9.904941460668581,2.511587371517225,0,-1,0.00937084774577901,0.010382825887397695,0.0008574909862445659,0.0,0.0008574909862445659,1.0540665723373872,105406.65723373872
2025-11-22 08:50:10.763715,117.57170395802622,109.0398274835752,10.154291504146201,2.5828819436549226,0,-1,-0.0020451501138133432,-0.0045436476077053145,-0.00243089208457958,0.0,-0.00243089208457958,1.0515042502500722,105150.42502500722
2025-11-22 09:05:10.763715,117.57921572898377,109.58228196427255,9.627420031519662,2.1168277209282667,0,-1,6.389097635461916e-05,0.004974828860391023,0.0048369168836411534,0.0,0.0048369168836411534,1.0565902889113272,105659.02889113272
2025-11-22 09:20:10.763715,116.93362666198092,109.37950744123721,9.181588384156044,1.754156080006838,0,-1,-0.005490673355832754,-0.001850431651911122,0.003667774470551664,0.0,0.003667774470551664,1.0604656237988288,106046.56237988287
2025-11-22 09:35:10.763715,116.39409508851419,109.54971825456288,8.474378581907558,1.2283415590990765,0,-1,-0.004613998461078683,0.001556149020117914,0.006146993376710647,0.0,0.006146993376710647,1.0669842989645495,106698.42989645495
2025-11-22 09:50:10.763715,117.4415029692399,110.54313973114138,8.543146208399108,1.2565152085880853,0,-1,0.008998805995520609,0.00906822484262415,-6.550822144436863e-05,0.0,-6.550822144436863e-05,1.0669144027208153,106691.44027208153
2025-11-22 10:05:10.763715,116.43905272463745,109.20562132574587,8.85831329255359,1.4477658329212777,0,-1,-0.008535740937043457,-0.012099515253941373,-0.003383744360385214,0.0,-0.003383744360385214,1.063304237127595,106330.4237127595
2025-11-22 10:20:10.763715,119.85172779550706,112.69875212685389,8.829832221879485,1.4016367618476537,0,-1,0.029308681159920802,0.031986730707648015,0.0022021156266219394,0.0,0.0022021156266219394,1.065645756004027,106564.57560040269
2025-11-22 10:35:10.763715,118.9566330165847,111.02196756701565,9.586572949461143,1.8729311456778295,0,-1,-0.007468351064989109,-0.014878466071663765,-0.007188736749476723,0.0,-0.007188736749476723,1.057985109195917,105798.51091959169
2025-11-22 10:50:10.763715,116.88636814674534,109.02914791540633,9.479476358619294,1.7525315664460066,0,-1,-0.017403526119898927,-0.017949777825783997,-0.0002791750789651673,0.0,-0.0002791750789651673,1.0576897461195132,105768.97461195131
2025-11-22 11:05:10.763715,118.88088109206639,110.95080686159608,9.580922922762824,1.7758043061597606,0,-1,0.01706369166006616,0.017625185401620502,0.0002992467593582217,0.0,0.0002992467593582217,1.058006256348446,105800.6256348446
2025-11-22 11:20:10.763715,119.43093538965817,112.2874231398476,8.814248595897254,1.258232378514838,0,-1,0.0046269365817181995,0.012046927066685198,0.007240742993608157,0.0,0.007240742993608157,1.0656670077362946,106566.70077362946
2025-11-22 11:35:10.763715,120.11360023915005,113.35490616202573,8.445313615060215,1.0071001894095237,0,-1,0.005715980095647666,0.00950670157287914,0.0036492702674247694,0.0,0.0036492702674247694,1.0695559146626021,106955.59146626022
2025-11-22 11:50:10.763715,121.37068775125104,114.43979100684614,8.63365839773428,1.1096810932915917,0,-1,0.010465821602200664,0.009570691569976697,-0.0010375333559090316,0.0,-0.0010375333559090316,1.06844621472513,106844.621472513
2025-11-22 12:05:10.763715,121.65349501957357,114.43021261493911,8.925901540066036,1.276623207640369,0,-1,0.002330111772145038,-8.369808982311433e-05,-0.002412564509311058,0.0,-0.002412564509311058,1.0658685193073762,106586.85193073763
2025-11-22 12:20:10.763715,119.9167093098195,112.91172568425183,8.685009034692087,1.1024567789776607,0,-1,-0.014276496614212597,-0.013269982603257291,0.0012039594739221404,0.0,0.0012039594739221404,1.0671517818091518,106715.17818091519
2025-11-22 12:35:10.763715,119.88115884752543,113.05149164122443,8.511772207758469,0.9780794353635435,0,-1,-0.0002964596218382187,0.0012378338576051195,0.0015158756196466817,0.0,0.0015158756196466817,1.0687694511776589,106876.94511776589
2025-11-22 12:50:10.763715,117.92336689233444,111.92018322813762,7.668455809119479,0.4325472000698512,0,-1,-0.016331106355762404,-0.010007018896107,0.006472982943389851,0.0,0.006472982943389851,1.075687577605548,107568.75776055478
2025-11-22 13:05:10.763715,119.24229359449537,113.58060527428965,7.3516660589052805,0.22558820932773618,0,-1,0.011184608588772127,0.01483576954808452,0.0034304179881669925,0.0,0.0034304179881669925,1.0793776356214138,107937.76356214138
2025-11-22 13:20:10.763715,119.39346264331566,113.34167200719112,7.7382132616825885,0.4600962486614535,0,-1,0.0012677469064321656,-0.002103644953480588,-0.0033400915060105662,0.0,-0.0033400915060105662,1.075772415548897,107577.2415548897
2025-11-22 13:35:10.763715,118.28070151296394,111.95807208447451,7.988465325679471,0.6084081194984098,0,-1,-0.009320117749462176,-0.012207336438700422,-0.0027055844500087634,0.0,-0.0027055844500087634,1.0728618224296396,107286.18224296396
2025-11-22 13:50:10.763715,117.93408725474328,111.43078738207912,8.161290245463363,0.7056917608454736,0,-1,-0.0029304379648329437,-0.004709662220670818,-0.0017091486976868412,0.0,-0.0017091486976868412,1.071028142043036,107102.8142043036
2025-11-22 14:05:10.763715,118.52360842383757,112.1343413690183,8.057725681181921,0.6265890769388892,0,-1,0.004998734316914666,0.006313820475187137,0.0012211421612014581,0.0,0.0012211421612014581,1.072336019663118,107233.60196631179
2025-11-22 14:20:10.763715,117.54091857008966,111.2012653407041,7.994228519657881,0.5728014425368759,0,-1,-0.008291089571234145,-0.0083210550570193,9.384436515635398e-05,0.0,9.384436515635398e-05,1.0724366523561175,107243.66523561176
2025-11-22 14:35:10.763715,115.83130369806211,109.84919325915696,7.616568106864989,0.32281397983929505,0,-1,-0.014544848660580256,-0.012158783242300242,0.002566977229407791,0.0,0.002566977229407791,1.075189572822698,107518.9572822698
2025-11-22 14:50:10.763715,116.49961785659201,110.26248636812726,7.877738587940925,0.4790312172321365,0,-1,0.0057697197319992455,0.0037623681768446104,-0.0020633322258712962,0.0,-0.0020633322258712962,1.072971099528172,107297.1099528172
2025-11-22 15:05:10.763715,117.01871496872309,110.67945840000088,7.98606783879444,0.5381823756857035,0,-1,0.004455783818708037,0.0037816309572551443,-0.0007304201450996453,0.0,-0.0007304201450996453,1.072187379821967,107218.7379821967
2025-11-22 15:20:10.763715,116.38498876957972,109.85201192768123,8.16747644912293,0.6478120651088176,0,-1,-0.00541559697790861,-0.007476061812023094,-0.0019492277262918075,0.0,-0.0019492277262918075,1.070097442453438,107009.7442453438
2025-11-22 15:35:10.763715,115.29629506416549,109.08948833592721,7.829960666964254,0.4248795293056265,0,-1,-0.009354245052767385,-0.006941371199063795,0.002516155243815389,0.0,0.002516155243815389,1.0727899737446605,107278.99737446604
2025-11-22 15:50:10.763715,114.50831571124381,109.48081061410161,6.656481561088697,-0.3176566303576172,0,-1,-0.006834385723176517,0.0035871676010559295,0.010368179481258736,0.0,0.010368179481258736,1.0839128527381399,108391.28527381399
2025-11-22 16:05:10.763715,112.80719306622746,107.13910354094283,7.262223484081261,0.06952888195510734,0,-1,-0.014855887403898982,-0.02138920108486264,-0.006215061514630391,0.0,-0.006215061514630391,1.077176267681874,107717.62676818739
2025-11-22 16:20:10.763715,110.40019199875363,104.91138764162386,7.049791897407985,-0.0660441272994385,0,-1,-0.021337301301883382,-0.02079274350534077,0.0008539352079911314,0.0,0.0008539352079911314,1.0780961064220598,107809.61064220598
2025-11-22 16:35:10.763715,108.87364739147313,103.79724233815186,6.620815108772774,-0.3422162094637124,0,-1,-0.013827372757628242,-0.010619870049549895,0.003365516868403343,0.0,0.003365516868403343,1.081724457053983,108172.4457053983
2025-11-22 16:50:10.763715,108.90169610071013,103.47579245582708,6.9655308138203935,-0.12798925903448768,0,-1,0.0002576262475724178,-0.0030969019511863927,-0.003308449069810684,0.0,-0.003308449069810684,1.0781456267802514,107814.56267802513
2025-11-22 17:05:10.763715,109.14509497186724,103.96988703951169,6.722186786426306,-0.28390629854787996,0,-1,0.0022350328771005845,0.004774977528155144,0.002468897259592916,0.0,0.002468897259592916,1.0808074575636513,108080.74575636513
2025-11-22 17:20:10.763715,111.87668769882445,106.30705509124903,7.151386430220242,-0.013424749246596675,0,-1,0.025027168904487196,0.022479278551578608,-0.002882361896201148,0.0,-0.002882361896201148,1.0776921793308398,107769.21793308399
2025-11-22 17:35:10.763715,113.45881272769249,107.69428806197175,7.366919273235908,0.12326863547210783,0,-1,0.014141686363893458,0.013049302979298849,-0.001286545332290735,0.0,-0.001286545332290735,1.0763056794878754,107630.56794878753
2025-11-22 17:50:10.763715,113.50818793583281,107.44697490405706,7.659927840875042,0.3026481359692585,0,-1,0.0004351817805359204,-0.002296437093974535,-0.0026974499461289883,0.0,-0.0026974499461289883,1.0734023987907224,107340.23987907224
2025-11-22 18:05:10.763715,112.73462512054802,107.42707293475644,6.905970871402232,-0.18334347710732155,0,-1,-0.0068150397724796585,-0.0001852259620933605,0.006632569806903583,0.0,0.006632569806903583,1.0805218151315996,108052.18151315996
2025-11-22 18:20:10.763715,111.79347953864747,105.83426000531719,7.533938588302732,0.20898072104323392,0,-1,-0.008348327595839922,-0.014826922915479712,-0.006257983978468789,0.0,-0.006257983978468789,1.07375992692412,107375.99269241201
2025-11-22 18:35:10.763715,111.84369365188289,105.81545524142066,7.602677667380334,0.2433966054561632,0,-1,0.0004491685332868034,-0.00017768125270190005,-0.0006242060479937763,0.0,-0.0006242060479937763,1.0730896794836406,107308.96794836406
2025-11-22 18:50:10.763715,111.16879524276847,105.36881389314208,7.367774983077794,0.08610850961698131,0,-1,-0.006034300076096066,-0.004220946243245538,0.0018761577347148131,0.0,0.0018761577347148131,1.0751029649858466,107510.29649858466
2025-11-22 19:05:10.763715,111.68286594083142,105.89070606851682,7.367718794181698,0.07885909968351563,0,-1,0.004624235577441738,0.004953004177346232,0.00025507233125733435,0.0,0.00025507233125733435,1.0753771940054673,107537.71940054673
2025-11-22 19:20:10.763715,109.50981810985552,104.59534243089605,6.470760749399091,-0.5176030878423281,0,0,-0.019457307194526763,-0.01223302483961719,0.007406298814550606,0.001,0.006406298814550606,1.0822663816486193,108226.63816486193
2025-11-22 19:35:10.763715,110.49404757446185,105.42388474551838,6.638775867383444,-0.42162029825147146,0,0,0.00898759108173297,0.007921407353006504,0.0,0.0,0.0,1.0822663816486193,108226.63816486193
2025-11-22 19:50:10.763715,112.30183544759524,107.88655998818723,6.020530901079653,-0.8378398017319051,0,0,0.01636095258357817,0.023359746689409766,0.0,0.0,0.0,1.0822663816486193,108226.63816486193
2025-11-22 20:05:10.763715,111.47818342012562,107.72146871281146,5.359513738583999,-1.269064387150461,0,0,-0.007334270398937304,-0.0015302302288056069,0.0,0.0,0.0,1.0822663816486193,108226.63816486193
2025-11-22 20:20:10.763715,111.38866181568567,108.38336070840802,4.617948498972055,-1.7224051503204598,0,0,-0.000803041471375332,0.006144476152299738,-0.0,0.0,-0.0,1.0822663816486193,108226.63816486193
2025-11-22 20:35:10.763715,113.10562469383615,109.52214191660845,5.213074213959203,-1.3219857062123954,0,0,0.015414161999643516,0.010506974509345346,0.0,0.0,0.0,1.0822663816486193,108226.63816486193
2025-11-22 20:50:10.763715,112.22405570643465,108.87587055144824,4.968160652291971,-1.4573918191049147,0,0,-0.007794209967787236,-0.0059008283973507325,0.0,0.0,0.0,1.0822663816486193,108226.63816486193
2025-11-22 21:05:10.763715,113.40995943336806,109.25338508418834,5.782166924813268,-0.9232236750088141,0,0,0.010567286304779433,0.003467384745839519,0.0,0.0,0.0,1.0822663816486193,108226.63816486193
2025-11-22 21:20:10.763715,113.19108453897366,109.2849514181896,5.532195375212012,-1.0757294509049429,0,0,-0.0019299442084977914,0.00028892774330913085,-0.0,0.0,-0.0,1.0822663816486193,108226.63816486193
2025-11-22 21:35:10.763715,112.53150784497191,109.45613175437848,4.703985355197688,-1.575610595635172,0,0,-0.005827108174536799,0.0015663669514187628,-0.0,0.0,-0.0,1.0822663816486193,108226.63816486193
2025-11-22 21:50:10.763715,110.85737675420454,108.2051215050338,4.262250601063641,-1.815956964320039,0,0,-0.014876998654223428,-0.011429329990867654,0.0,0.0,0.0,1.0822663816486193,108226.63816486193
2025-11-22 22:05:10.763715,111.62024052781686,108.2557357469601,4.975253227363922,-1.3575857329235859,0,0,0.006881488593255769,0.0004677619804154265,0.0,0.0,0.0,1.0822663816486193,108226.63816486193
2025-11-22 22:20:10.763715,112.38489948009048,109.07833850448871,4.929549014816331,-1.3665042024262897,0,0,0.006850540266333249,0.007598699060633596,0.0,0.0,0.0,1.0822663816486193,108226.63816486193
2025-11-22 22:35:10.763715,114.46365988350802,111.48984160628255,4.632687324020452,-1.5255795612190102,0,0,0.01849679461417142,0.02210799261206753,0.0,0.0,0.0,1.0822663816486193,108226.63816486193
2025-11-22 22:50:10.763715,116.16203903520729,113.11698429749293,4.7281342112735985,-1.4520381594956946,0,0,0.014837714899451404,0.014594537652645512,0.0,0.0,0.0,1.0822663816486193,108226.63816486193
2025-11-22 23:05:10.763715,120.01639310695414,116.84172945674824,4.913163997657023,-1.32773342403148,0,0,0.033180840348185026,0.03292825725851545,0.0,0.0,0.0,1.0822663816486193,108226.63816486193
2025-11-22 23:20:10.763715,119.36492367282149,115.51611752418853,5.567582577103636,-0.9393954345400982,0,0,-0.005428170412954181,-0.011345363841523848,0.0,0.0,0.0,1.0822663816486193,108226.63816486193
2025-11-22 23:35:10.763715,121.56442843982057,117.04926042239352,6.256756239882762,-0.5394739500632809,0,0,0.01842672620499397,0.01327211242088322,0.0,0.0,0.0,1.0822663816486193,108226.63816486193
2025-11-22 23:50:10.763715,121.68353997135013,117.38334190276345,6.046757124428723,-0.6745300304206182,0,0,0.000979822247825668,0.002854195568296136,0.0,0.0,0.0,1.0822663816486193,108226.63816486193
2025-11-23 00:05:10.763715,124.74730525723459,121.31519178393368,5.237174935914226,-1.1747445991776477,0,0,0.025178140663937087,0.03349580798634322,0.0,0.0,0.0,1.0822663816486193,108226.63816486193
2025-11-23 00:20:10.763715,123.18816373650961,119.86517569231425,5.106474565297546,-1.253437559861154,0,0,-0.012498398402353894,-0.011952469186233161,0.0,0.0,0.0,1.0822663816486193,108226.63816486193
2025-11-23 00:35:10.763715,121.93842119284989,118.3766804759873,5.323079761521257,-1.119181029456028,0,0,-0.010144988818348022,-0.012418078960212964,0.0,0.0,0.0,1.0822663816486193,108226.63816486193
2025-11-23 00:50:10.763715,120.48709432200145,117.3288713489241,4.90397155583571,-1.379612486782343,0,0,-0.011902129424433916,-0.008851482596487825,0.0,0.0,0.0,1.0822663816486193,108226.63816486193
2025-11-23 01:05:10.763715,116.57303322134756,113.66123733189232,4.602973360996913,-1.5699274942575614,0,0,-0.032485314071842186,-0.03125943320569924,0.0,0.0,0.0,1.0822663816486193,108226.63816486193
2025-11-23 01:20:10.763715,115.97769578223951,112.77967049812338,4.876085830275628,-1.3988116462826197,0,0,-0.0051069910652288275,-0.007756090418009065,0.0,0.0,0.0,1.0822663816486193,108226.63816486193
2025-11-23 01:35:10.763715,114.80902236250637,111.51388438917937,4.95436475521042,-1.3582230555087826,0,0,-0.010076708386476674,-0.011223530830984929,0.0,0.0,0.0,1.0822663816486193,108226.63816486193
2025-11-23 01:50:10.763715,115.131753978082,111.77691041813635,5.017983933701217,-1.3281857949790081,0,0,0.002811030082257915,0.002358684126176014,0.0,0.0,0.0,1.0822663816486193,108226.63816486193
2025-11-23 02:05:10.763715,115.36174952263386,112.36262375070953,4.670981035787392,-1.5382697799384073,0,0,0.0019976725499695203,0.005240020773361387,0.0,0.0,0.0,1.0822663816486193,108226.63816486193
2025-11-23 02:20:10.763715,118.37339991949511,115.58126964748546,4.511876105756315,-1.6201499006887368,0,0,0.02610614358158969,0.02864516499647518,0.0,0.0,0.0,1.0822663816486193,108226.63816486193
2025-11-23 02:35:10.763715,119.5704531298088,117.25256382660865,4.0625024983305025,-1.86718581409697,0,0,0.010112518615903454,0.014459905002086604,0.0,0.0,0.0,1.0822663816486193,108226.63816486193
2025-11-23 02:50:10.763715,119.15780977249901,116.25391468119217,4.633649281059917,-1.5141576515400164,0,0,-0.0034510478676685885,-0.008517077263174078,0.0,0.0,0.0,1.0822663816486193,108226.63816486193
2025-11-23 03:05:10.763715,118.27215519423444,114.70923078186783,5.26969508836855,-1.123685777078298,0,0,-0.007432618809925184,-0.01328715599436281,0.0,0.0,0.0,1.0822663816486193,108226.63816486193
2025-11-23 03:20:10.763715,118.20218882309962,115.57033273719122,4.351439188219672,-1.6384409831165807,0,0,-0.0005915709493914401,0.00750682355250798,-0.0,0.0,-0.0,1.0822663816486193,108226.63816486193
2025-11-23 03:35:10.763715,115.67480474838001,113.31548009668069,4.045357565073772,-1.7717288945600334,0,0,-0.021381872026939086,-0.01951065283889164,0.0,0.0,0.0,1.0822663816486193,108226.63816486193
2025-11-23 03:50:10.763715,118.03468691510227,116.48327138835856,3.2845823389986464,-2.140543340522885,1,1,0.020401004106776366,0.02795550342261377,0.0,0.001,-0.001,1.0811841152669708,108118.41152669708
2025-11-23 04:05:10.763715,119.82731718519997,118.57424106426302,3.017354690309574,-2.213962841343042,0,1,0.015187317533083,0.01795081517699737,-0.002496405582136964,0.0,-0.002496405582136964,1.0784850412063005,107848.50412063005
2025-11-23 04:20:10.763715,119.14771985180046,117.75446323289793,3.1453376279404353,-2.078740053966513,0,1,-0.005671472493614771,-0.006913624949290598,0.0011392839049245498,0.0,0.0011392839049245498,1.0797137418554485,107971.37418554486
2025-11-23 04:35:10.763715,115.73173055274438,114.778549864288,2.660982770356128,-2.2594213036246784,0,1,-0.02867020286502331,-0.025272191702187086,-0.003774038753829454,0.0,-0.003774038753829454,1.075638860350644,107563.8860350644
2025-11-23 04:50:10.763715,117.68434739930605,117.14502582450679,2.2823347007173,-2.36520352556792,0,1,0.01687192300016438,0.020617754476048633,-0.003439057744556176,0.0,-0.003439057744556176,1.0719396761976094,107193.96761976094
2025-11-23 05:05:10.763715,117.18261119082307,116.95562700435838,1.9671792274727835,-2.423834740588002,0,1,-0.004263406473084985,-0.0016167892645493342,-0.002670673585578707,0.0,-0.002670673585578707,1.0690768752190547,106907.68752190546
2025-11-23 05:20:10.763715,119.57606359577765,119.15937123287337,2.189677145426643,-2.2290106920531527,0,1,0.0204249792749287,0.018842566920126647,0.0018627728842962495,0.0,0.0018627728842962495,1.0710683226334408,107106.83226334407
2025-11-23 05:35:10.763715,117.12780292212257,116.35495039503567,2.504110037823324,-2.0119657061532674,0,1,-0.020474504679559802,-0.02353504226165315,0.0027103572198255432,0.0,0.0027103572198255432,1.0739713003946167,107397.13003946167
2025-11-23 05:50:10.763715,115.95901497608003,115.3250670613178,2.3498816833576655,-2.018920534340528,0,1,-0.009978740460278801,-0.008851220598877219,-0.0012592181010464415,0.0,-0.0012592181010464415,1.0726189362931555,107261.89362931556
2025-11-23 06:05:10.763715,116.24699038147916,115.34567235891868,2.6175583795400996,-1.8417195557085906,0,1,0.0024834240395932294,0.00017867145561623055,0.002307411055304945,0.0,0.002307411055304945,1.0750939090848879,107509.39090848879
2025-11-23 06:20:10.763715,116.22843445115032,115.43852940522406,2.5075270326370998,-1.840531479171415,0,1,-0.00015962503861777222,0.0008050327715498629,-0.0009526796431244379,0.0,-0.0009526796431244379,1.0740696890032557,107406.96890032558
2025-11-23 06:35:10.763715,115.53754492350403,114.67329740872523,2.5704835343528885,-1.7647198064609213,0,1,-0.0059442384379414515,-0.006628913244490775,0.0005860425111155537,0.0,0.0005860425111155537,1.0746991395009122,107469.91395009123
2025-11-23 06:50:10.763715,117.57793710628151,115.76125715281889,3.5391038401789956,-1.3077213677794286,0,1,0.01765999255158479,0.009487472399227093,0.008313685249272795,0.0,0.008313685249272795,1.0836338498843872,108363.38498843872
2025-11-23 07:05:10.763715,116.63163598386105,113.93357872359735,4.3932869279368845,-0.9139424007792145,0,1,-0.008048288188328034,-0.01578834295837661,0.007505138359221434,0.0,0.007505138359221434,1.0917666718585053,109176.66718585053
2025-11-23 07:20:10.763715,115.8419956518553,113.70188093020812,3.8318969335510786,-1.1387657257409678,0,1,-0.006770378597064419,-0.0020336216590837175,-0.004767015407941213,0.0,-0.004767015407941213,1.0865622033118791,108656.22033118791
2025-11-23 07:35:10.763715,116.5715083211456,113.91862503416452,4.347890457140792,-0.8929398310538587,0,1,0.006297480159809465,0.0019062490627523854,0.004419594376797391,0.0,0.004419594376797391,1.0913643675156768,109136.43675156767
2025-11-23 07:50:10.763715,117.90901226521005,114.81256860653623,4.804751909007507,-0.6751758750825355,0,1,0.011473677945212257,0.00784721174525771,0.0037432256865616263,0.0,0.0037432256865616263,1.0954495906495596,109544.95906495595
2025-11-23 08:05:10.763715,118.57454598651795,116.05627278562491,4.245086656152438,-0.9065062924303418,0,1,0.005644468633245081,0.010832474128776415,-0.005026827976812694,0.0,-0.005026827976812694,1.0899429540000944,108994.29540000945
2025-11-23 08:20:10.763715,117.23438707039108,114.1262797372085,4.8062042194486025,-0.639784476414673,0,1,-0.011302247923253628,-0.016629803819233624,0.005080119300748122,0.0,0.005080119300748122,1.0954799942374247,109547.99942374247
2025-11-23 08:35:10.763715,115.60678612084922,111.54117885010746,5.725240169772093,-0.2094860219485944,0,1,-0.013883306683427299,-0.022651232416000977,0.008430895669697118,0.0,0.008430895669697118,1.1047158717770806,110471.58717770806
2025-11-23 08:50:10.763715,117.12458629078772,113.71086925402648,5.105632986877964,-0.47751228039197513,0,1,0.013128988538370745,0.019451922835016067,-0.006033507096581615,0.0,-0.006033507096581615,1.0980505607250073,109805.05607250072
2025-11-23 09:05:10.763715,117.26154815727823,114.29052851925886,4.671560399140645,-0.6630888391188913,0,1,0.0011693690524590128,0.005097659256631193,-0.0038524415974282907,0.0,-0.0038524415974282907,1.0938203850687909,109382.0385068791
2025-11-23 09:20:10.763715,116.63464095331715,113.02583311485495,5.290531064014644,-0.3568788200411126,0,1,-0.00534622997745382,-0.0110656186543997,0.005554742176377289,0.0,0.005554742176377289,1.0998962752951138,109989.62752951137
2025-11-23 09:35:10.763715,119.34597909339205,115.69803886156267,5.369423486959548,-0.3028252667598912,0,1,0.023246422485752927,0.023642433531034124,-4.42327970526131e-05,0.0,-4.42327970526131e-05,1.09984762380639,109984.76238063899
2025-11-23 09:50:10.763715,119.8519640532143,115.91055352571833,5.666055810603567,-0.14021422682650314,0,1,0.004239648152924325,0.0018368043766925357,0.0024301737812045567,0.0,0.0024301737812045567,1.1025204446650843,110252.04446650842
2025-11-23 10:05:10.763715,122.01182589856484,117.99098947028608,5.776436736010652,-0.06765971417685915,0,1,0.018021080108387322,0.01794863264203239,0.00033950705396567846,0.0,0.00033950705396567846,1.1028947581331894,110289.47581331893
2025-11-23 10:20:10.763715,122.33595679071303,118.1223602353111,5.971151542525362,0.047229197629339977,0,1,0.002656553082138524,0.001113396587441251,0.0015597228392996443,0.0,0.0015597228392996443,1.1046149682767936,110461.49682767937
2025-11-23 10:35:10.763715,125.20121851429353,121.84286919962102,5.171262144898932,-0.3473489635225111,0,1,0.023421255685948994,0.031497076056542506,-0.007607172072399127,0.0,-0.007607172072399127,1.0962119721393644,109621.19721393644
2025-11-23 10:50:10.763715,128.85244487805363,125.10612409349686,5.607787926613412,-0.10846005952159181,0,1,0.029162866041461566,0.0267824856334391,0.0027788798208249303,0.0,0.0027788798208249303,1.0992582134680893,109925.82134680892
2025-11-23 11:05:10.763715,129.00598373538844,124.65225589411003,6.208441830792722,0.22055195533834676,0,1,0.0011915866825820132,-0.0036278655635405554,0.004765472853896472,0.0,0.004765472853896472,1.104496698643794,110449.66986437941
2025-11-23 11:20:10.763715,130.61242083352462,126.4948343172357,5.999716423418491,0.12716529864162612,0,1,0.012452423148303193,0.01478174951515454,-0.002109387165441765,0.0,-0.002109387165441765,1.102166887483402,110216.68874834021
2025-11-23 11:35:10.763715,131.74967284541182,127.73810473660588,5.912196766904884,0.1022538207998477,0,1,0.008707073987524572,0.009828626015289998,-0.0009753108704152694,0.0,-0.0009753108704152694,1.1010919321370278,110109.19321370278
2025-11-23 11:50:10.763715,133.49360727776306,130.40064352703843,5.033208602744963,-0.36055456299794914,0,1,0.013236726852426273,0.020843731758214634,-0.007296868834777464,0.0,-0.007296868834777464,1.0930574087331923,109305.74087331923
2025-11-23 12:05:10.763715,132.00217954057894,128.53969055983927,5.3750445183762565,-0.15029698338903014,0,1,-0.011172278340496722,-0.014271041283728692,0.002886422623163052,0.0,0.002886422623163052,1.0962124343661759,109621.24343661759
2025-11-23 12:20:10.763715,133.5691948932897,129.8822803569869,5.619446608347758,0.007648066523279105,0,1,0.01187113241739346,0.010444943435760079,0.00158160039052474,0.0,0.00158160039052474,1.0979462043804675,109794.62043804675
2025-11-23 12:35:10.763715,135.51617388346415,131.97399185844134,5.505836891885622,-0.04185716191052317,0,1,0.014576557055164585,0.016104671828252926,-0.0012884916718283734,0.0,-0.0012884916718283734,1.0965315098400077,109653.15098400076
2025-11-23 12:50:10.763715,132.81922812149162,128.55075147843027,6.181196757265781,0.3764786735214201,0,1,-0.019901283254143087,-0.025938749990095933,0.005651521354282315,0.0,0.005651521354282315,1.102728581083512,110272.8581083512
2025-11-23 13:05:10.763715,130.48095937541672,126.30187840502414,6.058339866266294,0.3267915680142278,0,1,-0.01760489636286744,-0.017494048440342858,-0.0003711437041196419,0.0,-0.0003711437041196419,1.10231931031329,110231.931031329
2025-11-23 13:20:10.763715,127.1355428532926,122.50923552024655,6.449135097648437,0.5896312925550704,0,0,-0.025639116528096362,-0.030028396510583644,0.003942484321298661,0.001,0.002942484321298661,1.1055628676009515,110556.28676009514
2025-11-23 13:35:10.763715,126.13034451187421,122.02736423959453,5.918638223556499,0.280698540217443,0,0,-0.007906509217318836,-0.003933346564491291,0.0,0.0,0.0,1.1055628676009515,110556.28676009514
2025-11-23 13:50:10.763715,127.37453553662802,123.36019005475653,5.849834688244627,0.2510460109879035,0,0,0.009864327490492819,0.010922351912355133,0.0,0.0,0.0,1.1055628676009515,110556.28676009514
2025-11-23 14:05:10.763715,129.96117742281518,126.18433401725025,5.654353346164399,0.13793027188633106,0,0,0.020307370506119415,0.022893479340783784,0.0,0.0,0.0,1.1055628676009515,110556.28676009514
2025-11-23 14:20:10.763715,130.2148356941239,126.337289086313,5.75733238292554,0.21944168608177134,0,0,0.0019518003479106483,0.001212155773963497,0.0,0.0,0.0,1.1055628676009515,110556.28676009514
2025-11-23 14:35:10.763715,133.00076484677487,129.47456610754878,5.45266438819084,0.03806109641007518,0,0,0.02139486747266761,0.024832549787358493,0.0,0.0,0.0,1.1055628676009515,110556.28676009514
2025-11-23 14:50:10.763715,130.4269515915941,126.83448126005959,5.479653881149986,0.07490419417966909,0,0,-0.019351868074938938,-0.020390760338954816,0.0,0.0,0.0,1.1055628676009515,110556.28676009514
2025-11-23 15:05:10.763715,127.81533105466058,123.64718188855703,6.007908554072742,0.45100459701260404,0,0,-0.020023626290916474,-0.025129596777136443,0.0,0.0,0.0,1.1055628676009515,110556.28676009514
2025-11-23 15:20:10.763715,127.49332806330078,123.55655508885796,5.77518391675396,0.31227047833214105,0,0,-0.002519283005433026,-0.000732946746661356,0.0,0.0,0.0,1.1055628676009515,110556.28676009514
2025-11-23 15:35:10.763715,127.37428404241409,124.28284410562316,4.9406574095588525,-0.2519363678226203,0,0,-0.0009337274561347364,0.005878190891959401,-0.0,0.0,-0.0,1.1055628676009515,110556.28676009514
2025-11-23 15:50:10.763715,128.237709357967,124.23433091673242,5.851874081176717,0.4098973314105399,0,0,0.006778647056146614,-0.0003903450169639999,0.0,0.0,0.0,1.1055628676009515,110556.28676009514
2025-11-23 16:05:10.763715,125.32522055437045,120.45279292348165,6.664657370405351,1.0147572035523926,0,0,-0.022711640890797025,-0.03043875203694968,0.0,0.0,0.0,1.1055628676009515,110556.28676009514
2025-11-23 16:20:10.763715,124.4928960460114,120.30390892668892,5.979001598235158,0.5450553481582401,0,0,-0.006641316924696383,-0.0012360360700587325,0.0,0.0,0.0,1.1055628676009515,110556.28676009514
2025-11-23 16:35:10.763715,122.62419348731282,117.98459594454333,6.395102720561283,0.8772224847466683,0,0,-0.015010515604102603,-0.019278783231881036,0.0,0.0,0.0,1.1055628676009515,110556.28676009514
2025-11-23 16:50:10.763715,123.48866829031901,119.18765231852404,6.074421551556966,0.642784128068453,0,0,0.007049789918460281,0.010196724109189592,0.0,0.0,0.0,1.1055628676009515,110556.28676009514
2025-11-23 17:05:10.763715,124.24313215729636,119.85685251715338,6.169642319848975,0.7298611639818766,0,0,0.006109579748674765,0.00561467723888831,0.0,0.0,0.0,1.1055628676009515,110556.28676009514
2025-11-23 17:20:10.763715,122.78850121682652,118.1907610522307,6.356312894648383,0.8828584769469447,0,0,-0.011707938420517428,-0.01390067759942426,0.0,0.0,0.0,1.1055628676009515,110556.28676009514
2025-11-23 17:35:10.763715,121.79493872914284,117.29497718205685,6.245205814980565,0.8027152928444494,0,0,-0.008091657425878918,-0.007579136154119315,0.0,0.0,0.0,1.1055628676009515,110556.28676009514
2025-11-23 17:50:10.763715,119.63935248779022,115.45764256284636,5.8996162983316225,0.5494242688613606,0,0,-0.01769848783409944,-0.015664222487197565,0.0,0.0,0.0,1.1055628676009515,110556.28676009514
2025-11-23 18:05:10.763715,119.20423541161598,115.3606773550971,5.560021674410422,0.29714133407554527,0,0,-0.0036369059772255463,-0.0008398336012835905,0.0,0.0,0.0,1.1055628676009515,110556.28676009514
2025-11-23 18:20:10.763715,120.35812817477036,117.03706505731675,5.062469883793227,-0.07587911770733234,0,0,0.009679964467453228,0.014531708209891026,0.0,0.0,0.0,1.1055628676009515,110556.28676009514
2025-11-23 18:35:10.763715,118.36264886184973,115.33083096227526,4.747837429856801,-0.30849611067230626,0,0,-0.016579514347572877,-0.014578578967320288,0.0,0.0,0.0,1.1055628676009515,110556.28676009514
2025-11-23 18:50:10.763715,119.23170383412689,116.21773842510288,4.743181328468424,-0.29495589116748944,0,0,0.007342307566059025,0.007690115951022092,0.0,0.0,0.0,1.1055628676009515,110556.28676009514
2025-11-23 19:05:10.763715,118.06885702234047,115.308555055927,4.475990051148841,-0.49894703558725995,0,0,-0.009752832295378044,-0.0078231032671644,0.0,0.0,0.0,1.1055628676009515,110556.28676009514
2025-11-23 19:20:10.763715,117.19933194797183,113.95669755985915,4.938208043375411,-0.09696605695821463,0,0,-0.0073645590911760594,-0.011723826522777703,0.0,0.0,0.0,1.1055628676009515,110556.28676009514
2025-11-23 19:35:10.763715,117.83307529017124,113.78526990495044,5.740828350426071,0.6110178954793772,0,0,0.005407397223738064,-0.0015043227697841832,0.0,0.0,0.0,1.1055628676009515,110556.28676009514
2025-11-23 19:50:10.763715,115.90122123937311,112.04319202485603,5.5251316202278105,0.4494061833727821,0,0,-0.016394836899918053,-0.015310223208589657,0.0,0.0,0.0,1.1055628676009515,110556.28676009514
2025-11-23 20:05:10.763715,115.17816600438931,111.12766776752603,5.703978461125047,0.6347246406450696,0,0,-0.006238547163281982,-0.008171172570011098,0.0,0.0,0.0,1.1055628676009515,110556.28676009514
2025-11-23 20:20:10.763715,113.5780520097294,109.15965464273721,6.042595317556533,0.9477340165944288,0,0,-0.013892511490406378,-0.017709479235232584,0.0,0.0,0.0,1.1055628676009515,110556.28676009514
2025-11-23 20:35:10.763715,116.93257404248818,112.43580190826941,6.169716223563412,1.0728588884636168,0,0,0.029534949520629405,0.03001243706985446,0.0,0.0,0.0,1.1055628676009515,110556.28676009514
2025-11-23 20:50:10.763715,117.03182571929132,112.50654101808699,6.199281325183364,1.0962944733448494,0,0,0.0008487940816821471,0.0006291511121634397,0.0,0.0,0.0,1.1055628676009515,110556.28676009514
2025-11-23 21:05:10.763715,116.29026738430743,111.3429947480256,6.603956733270877,1.4378856608808537,0,0,-0.006336381838240923,-0.010342032201259621,0.0,0.0,0.0,1.1055628676009515,110556.28676009514
2025-11-23 21:20:10.763715,116.85633689410716,111.71211701343987,6.8063961865585725,1.580643301962878,0,0,0.004867729024381928,0.0033151817610941325,0.0,0.0,0.0,1.1055628676009515,110556.28676009514
2025-11-23 21:35:10.763715,116.03294551031586,111.53520239653389,6.15728708853274,0.9910045272926803,0,0,-0.007046185133609328,-0.001583665421761693,0.0,0.0,0.0,1.1055628676009515,110556.28676009514
2025-11-23 21:50:10.763715,116.12373717039193,111.17724322765166,6.60071180547294,1.3555417329749218,0,0,0.0007824644946896608,-0.0032093828781482037,0.0,0.0,0.0,1.1055628676009515,110556.28676009514
2025-11-23 22:05:10.763715,117.53028001362553,112.2174171537636,6.982557579539133,1.658989468765287,0,0,0.012112448991972613,0.009355996748201756,0.0,0.0,0.0,1.1055628676009515,110556.28676009514
2025-11-23 22:20:10.763715,118.33147057850124,113.5111227357031,6.509291743518446,1.2326518827885993,0,0,0.006816886378411047,0.011528563165616346,0.0,0.0,0.0,1.1055628676009515,110556.28676009514
2025-11-23 22:35:10.763715,117.48164468953365,112.62270209600602,6.5346675903685,1.229761524592879,0,0,-0.007181740282724003,-0.007826727621800145,0.0,0.0,0.0,1.1055628676009515,110556.28676009514
2025-11-23 22:50:10.763715,116.88927698995913,111.66530387383374,6.885452884402511,1.4930417392566888,0,0,-0.005042214902080788,-0.008500934574950492,0.0,0.0,0.0,1.1055628676009515,110556.28676009514
2025-11-23 23:05:10.763715,116.3180541733057,111.21666809344121,6.75619054931029,1.3559758778861792,0,0,-0.004886870989051495,-0.0040176828865250425,0.0,0.0,0.0,1.1055628676009515,110556.28676009514
2025-11-23 23:20:10.763715,113.24573351048068,107.45277471188206,7.391759903646843,1.8352769898892947,0,0,-0.026413102288037615,-0.03384288925466494,0.0,0.0,0.0,1.1055628676009515,110556.28676009514
2025-11-23 23:35:10.763715,112.08547179611023,105.04865041191312,8.59985127163118,2.6935854782757467,-1,-1,-0.010245522532317475,-0.022373775888200442,0.0,0.001,-0.001,1.1044573047333506,110445.73047333506
2025-11-23 23:50:10.763715,113.65545632182744,107.23542960904402,8.015593917250428,2.153336333343513,0,-1,0.014007029640497048,0.02081682333429491,0.006500057996048737,0.0,0.006500057996048737,1.111636341268277,111163.6341268277
2025-11-24 00:05:10.763715,115.43123827793353,109.92531820624902,7.1415104107164495,1.4444095552819942,0,-1,0.015624256094470157,0.02508395412795683,0.009086471249103584,0.0,0.009086471249103584,1.12173719292267,112173.71929226701
2025-11-24 00:20:10.763715,115.15407150982688,109.52640582013402,7.257320569492137,1.5029864567575957,0,-1,-0.002401141772726212,-0.0036289400169534636,-0.0011738028650961313,0.0,-0.0011738028650961313,1.1204204945917324,112042.04945917324
2025-11-24 00:35:10.763715,116.37391379744241,110.48878511917344,7.529102900597138,1.6793057539233154,0,-1,0.010593132067513888,0.008786733133741897,-0.0019371376576593786,0.0,-0.0019371376576593786,1.1182500858592455,111825.00858592454
2025-11-24 00:50:10.763715,116.68974657792003,111.01693708139595,7.324642147293019,1.5016597120609363,0,-1,0.002713948256714671,0.004780140913422493,0.001995068438695227,0.0,0.001995068438695227,1.1204810713121114,112048.10713121115
2025-11-24 01:05:10.763715,122.35122794891323,116.27592008861951,7.805389470811932,1.8079532488303403,0,-1,0.048517385091866094,0.04737099712422932,-0.0018512260023225285,0.0,-0.0018512260023225285,1.1184068076177882,111840.68076177881
2025-11-24 01:20:10.763715,123.46942719140041,118.25692781028798,6.97205661329798,1.178951371351445,0,-1,0.009139256395155115,0.017037127895084714,0.007644374287051229,0.0,0.007644374287051229,1.126956327860405,112695.63278604049
2025-11-24 01:35:10.763715,123.55547755680098,118.04204185498912,7.269795623330353,1.3670443070645153,0,-1,0.0006969366211375672,-0.0018171109234597083,-0.002487010560580693,0.0,-0.002487010560580693,1.124153575571703,112415.3575571703
2025-11-24 01:50:10.763715,121.59697556886275,116.37383692043046,6.954677173760956,1.119947300976434,0,-1,-0.01585119516079625,-0.014132294802287393,0.0019291762551280796,0.0,0.0019291762551280796,1.1263222659568133,112632.22659568134
2025-11-24 02:05:10.763715,119.78319294086629,113.61448949266479,7.8591853537401875,1.717346738496747,0,-1,-0.014916346558054627,-0.023711063421002043,-0.0084419174633878,0.0,-0.0084419174633878,1.1168139463504299,111681.39463504299
2025-11-24 02:20:10.763715,121.02771825663757,113.9731621614321,8.75037472900189,2.2569431278659304,0,-1,0.010389815843243388,0.0031569271698437262,-0.007279860923871895,0.0,-0.007279860923871895,1.108683696143158,110868.36961431582
2025-11-24 02:35:10.763715,119.29597456070958,112.69868353840846,8.274146554992754,1.8747747029071933,0,-1,-0.014308653595004217,-0.01118226956990509,0.0032927661868743727,0.0,0.0032927661868743727,1.1123343323297572,111233.43323297572
2025-11-24 02:50:10.763715,116.6601801135519,110.33088920236392,7.9709157836091435,1.6292682160292078,0,-1,-0.022094579945917014,-0.021009955588678908,0.001397233690056756,0.0,0.001397233690056756,1.1138885233334952,111388.85233334952
2025-11-24 03:05:10.763715,115.99642504301706,109.27693420714346,8.345433801377524,1.8246599696338177,0,-1,-0.0056896455147658065,-0.009552673805495626,-0.00372089305525225,0.0,-0.00372089305525225,1.1097438632626984,110974.38632626984
2025-11-24 03:20:10.763715,114.0333128912059,107.52916583913834,8.104084788710452,1.625023360350078,0,-1,-0.016923902189943774,-0.015993936695662292,0.001167940955889256,0.0,0.001167940955889256,1.1110399785711498,111103.99785711498
2025-11-24 03:35:10.763715,116.54523549988362,110.2961747705542,7.890169082078671,1.4534625500432827,0,-1,0.022027971870590468,0.02573263644168189,0.0033217859745258184,0.0,0.0033217859745258184,1.1147306155891048,111473.06155891049
2025-11-24 03:50:10.763715,117.87524879326095,111.77566167213209,7.762708914661658,1.3418130141448772,0,-1,0.011411991984680236,0.01341376439079256,0.0018021875988482976,0.0,0.0018021875988482976,1.116739569280576,111673.9569280576
2025-11-24 04:05:10.763715,116.82891356472608,111.7734720508697,6.718530727784767,0.6653724576950083,0,-1,-0.008876632195873646,-1.958942787394502e-05,0.00885733424115166,0.0,0.00885733424115166,1.126630904906014,112663.09049060139
2025-11-24 04:20:10.763715,119.18421863635724,114.29392436718366,6.590885557472305,0.5709908259627624,0,-1,0.02016029251462892,0.022549646799616907,0.0020538357251523413,0.0,0.0020538357251523413,1.1289448197075704,112894.48197075704
2025-11-24 04:35:10.763715,118.94605831291203,114.43808551240842,6.210709077602374,0.3163620828368656,0,-1,-0.001998253847448228,0.001261319409784356,0.0032408059534417867,0.0,0.0032408059534417867,1.132603510800386,113260.3510800386
2025-11-24 04:50:10.763715,117.30323653277507,112.98043654911277,6.003847748951685,0.1684022818919683,0,-1,-0.013811485672061363,-0.012737446251122386,0.0012635612196676884,0.0,0.0012635612196676884,1.1340346246738928,113403.46246738928
2025-11-24 05:05:10.763715,120.51785603737828,115.60295717377033,6.634967388332868,0.5627201840847955,0,-1,0.027404354727288638,0.02321216579400942,-0.004537565182720277,0.0,-0.004537565182720277,1.1288888686449732,112888.88686449731
2025-11-24 05:20:10.763715,120.75728934615488,116.5528930601188,5.9385990064473475,0.08703146723428187,0,-1,0.0019867040175551853,0.008217228257582976,0.006108259238924897,0.0,0.006108259238924897,1.1357844145065934,113578.44145065935
2025-11-24 05:35:10.763715,119.46378450639075,114.76499265360722,6.40639221552361,0.3833953263959617,0,-1,-0.010711608771345027,-0.015339820055683795,-0.004399968492823807,0.0,-0.004399968492823807,1.130786998868124,113078.6998868124
2025-11-24 05:50:10.763715,119.00248695131296,114.44924105819807,6.256148154749496,0.26139005555904354,0,-1,-0.0038614008168569303,-0.002751288420870468,0.0011510491049675814,0.0,0.0011510491049675814,1.1320885902310802,113208.85902310802
2025-11-24 06:05:10.763715,117.44084278623714,112.96715823343317,6.154534748641666,0.16676052094628005,0,-1,-0.013122785960891115,-0.012949695524946736,0.00036577031387994077,0.0,0.00036577031387994077,1.132502674630069,113250.26746300691
2025-11-24 06:20:10.763715,115.63735969894357,110.65919306280617,6.624676376132001,0.4985551334685535,0,-1,-0.01535652371446472,-0.02043040833033849,-0.004769898427497383,0.0,-0.004769898427497383,1.1271007519032143,112710.07519032144
2025-11-24 06:35:10.763715,117.26316475694937,112.21849382615905,6.714381670389031,0.5542770796256855,0,-1,0.014059513830465331,0.014091018741369865,-0.00017815683487508623,0.0,-0.00017815683487508623,1.1268999512006699,112689.99512006699
2025-11-24 06:50:10.763715,120.62418321720307,115.49059039747362,6.851989427404334,0.6549009299453401,0,-1,0.0286621844738717,0.029158264914725063,6.22315589426728e-05,0.0,6.22315589426728e-05,1.1269700799414055,112697.00799414056
2025-11-24 07:05:10.763715,118.79590889280765,113.10431614728238,7.374483728348835,1.0865606671430639,0,-1,-0.015156780967406247,-0.020662066424447456,-0.005197852403585276,0.0,-0.005197852403585276,1.1211122558026134,112111.22558026134
2025-11-24 07:20:10.763715,119.48495083233679,114.07488094598266,7.107402004614585,0.8578730452701357,0,-1,0.005800216067633146,0.008581147313922344,0.002653251455377632,0.0,0.002653251455377632,1.1240868485269635,112408.68485269634
2025-11-24 07:35:10.763715,118.08135549815923,112.97826381941316,6.784107115762367,0.5590613986407335,0,-1,-0.011747047008012879,-0.009613134087676833,0.0022769477506935244,0.0,0.0022769477506935244,1.126646335548301,112664.6335548301
2025-11-24 07:50:10.763715,116.73045077244835,112.16696990473301,6.232424977483106,0.010545498097752421,0,-1,-0.011440457471136756,-0.007180973465629958,0.004366330462873352,0.0,0.004366330462873352,1.1315656457640901,113156.56457640901
2025-11-24 08:05:10.763715,115.37704043156599,111.18579768605376,5.845587890928698,-0.3892786223904888,0,-1,-0.01159432120690318,-0.008747425552393828,0.0029770495167711127,0.0,0.0029770495167711127,1.134934372723007,113493.4372723007
2025-11-24 08:20:10.763715,115.51441547414521,109.76511817175441,7.382504008307009,1.1334380591336621,0,-1,0.0011906618688204418,-0.012777526841250109,-0.013778070548037504,0.0,-0.013778070548037504,1.1192971668682368,111929.71668682368
2025-11-24 08:35:10.763715,116.16123627687817,109.85602203797913,7.939773512975208,1.6746642283244244,0,-1,0.0055994812429081,0.0008281671603767027,-0.004783636468572383,0.0,-0.004783636468572383,1.113942856121636,111394.2856121636
2025-11-24 08:50:10.763715,114.11336966299777,108.50609712878281,7.221746133981242,0.920413638746465,0,-1,-0.017629518069170458,-0.012288128444425395,0.0055242259767015415,0.0,0.0055242259767015415,1.120096528183984,112009.6528183984
2025-11-24 09:05:10.763715,113.82989527601408,108.95807971922578,6.493014252923672,0.14701166614095434,0,-1,-0.0024841470181876657,0.00416550408136529,0.0065876721274303,0.0,0.0065876721274303,1.1274753568627331,112747.53568627332
2025-11-24 09:20:10.763715,113.98721311692056,108.88689107415703,6.720461515582343,0.37261987018928944,0,-1,0.00138204327189273,-0.0006533581103135289,-0.002025679998355889,0.0,-0.002025679998355889,1.1251914525836972,112519.14525836972
2025-11-24 09:35:10.763715,113.87382268063087,108.50816527925693,6.980161773368039,0.6382336721319981,0,-1,-0.0009947645283105988,-0.003478157849526431,-0.0024316414457685423,0.0,-0.0024316414457685423,1.1224553904131702,112245.53904131702
2025-11-24 09:50:10.763715,112.72507701960808,107.0517081261889,7.266202486673279,0.9272007613661958,0,-1,-0.010087881779858643,-0.013422558102606286,-0.0031349606729232198,0.0,-0.0031349606729232198,1.1189365369071143,111893.65369071142
2025-11-24 10:05:10.763715,111.68032226317209,106.14015113179659,7.119441572502012,0.75376895193361,0,-1,-0.009268166268400657,-0.00851510929015542,0.0008797541824748217,0.0,0.0008797541824748217,1.1199209260053822,111992.09260053822
2025-11-24 10:20:10.763715,112.73445943374169,107.3603861159748,6.971499763206495,0.5767645335003898,0,-1,0.009438880092820234,0.01149645041171099,0.0018865134274176389,0.0,0.0018865134274176389,1.1220336718699375,112203.36718699375
2025-11-24 10:35:10.763715,113.64080347484888,108.18092181092828,7.069516946026738,0.6695094730771112,0,-1,0.008039636200498856,0.007642816169337374,-0.0005105382945565532,0.0,-0.0005105382945565532,1.121460830712666,112146.08307126659
2025-11-24 10:50:10.763715,112.15444874338809,106.61686407736606,7.123948169065386,0.7147215070603667,0,-1,-0.013079410616713472,-0.014457796322865368,-0.0011632666382679919,0.0,-0.0011632666382679919,1.1201562727421734,112015.62727421735
2025-11-24 11:05:10.763715,111.16254847101676,106.78651808525758,5.964918188579986,-0.5754844401056115,0,0,-0.008844056419383017,0.0015912492771164022,0.010411629331608122,0.001,0.00941162933160812,1.1306987683746985,113069.87683746986
2025-11-24 11:20:10.763715,112.22200051763024,108.00769669199673,5.821361673026473,-0.7326875592544364,0,0,0.00953065633332173,0.011435700204815769,0.0,0.0,0.0,1.1306987683746985,113069.87683746986
2025-11-24 11:35:10.763715,109.288075919139,105.34718411478681,5.508363606062815,-1.0894309404570734,0,0,-0.02614393421038963,-0.024632620254803173,0.0,0.0,0.0,1.1306987683746985,113069.87683746986
2025-11-24 11:50:10.763715,110.2443835153038,106.21993615396062,5.604904932182663,-0.9815874409240963,0,0,0.008750337931398455,0.008284531252613636,0.0,0.0,0.0,1.1306987683746985,113069.87683746986
2025-11-24 12:05:10.763715,110.78223045556263,105.1799252564966,7.167288338681317,0.7501197059975917,0,0,0.004878678832506367,-0.009791108290223116,0.0,0.0,0.0,1.1306987683746985,113069.87683746986
2025-11-24 12:20:10.763715,111.79187631172753,106.09463062125693,7.275838827146416,0.8549215729255077,0,0,0.009113788845133364,0.008696577436518194,0.0,0.0,0.0,1.1306987683746985,113069.87683746986
2025-11-24 12:35:10.763715,110.44762564289255,104.89738118475995,7.11102359487009,0.6584550032617742,0,0,-0.012024582762047875,-0.01128473165405508,0.0,0.0,0.0,1.1306987683746985,113069.87683746986
2025-11-24 12:50:10.763715,108.21674803788997,102.1057783635782,7.630212259877567,1.2144440202840883,0,0,-0.02019851121304872,-0.026612702716236503,0.0,0.0,0.0,1.1306987683746985,113069.87683746986
2025-11-24 13:05:10.763715,106.06733184090623,99.65320235203734,7.896879938722222,1.4807973076472416,0,0,-0.019862139973298443,-0.02401995313926042,0.0,0.0,0.0,1.1306987683746985,113069.87683746986
2025-11-24 13:20:10.763715,106.2853220156095,99.73507857288037,8.034212137459917,1.595255082461803,0,0,0.002055205603080701,0.0008216115379191535,0.0,0.0,0.0,1.1306987683746985,113069.87683746986
2025-11-24 13:35:10.763715,106.89125377314326,100.13440102497995,8.246763003541545,1.7840950269700337,0,0,0.005700991877737982,0.004003831528620827,0.0,0.0,0.0,1.1306987683746985,113069.87683746986
2025-11-24 13:50:10.763715,106.55906125825999,98.79515296463529,9.233891736646953,2.7275838476712515,-1,-1,-0.003107761422541544,-0.013374505131463876,0.0,0.001,-0.001,1.1295680696063237,112956.80696063237
2025-11-24 14:05:10.763715,106.77125994258348,99.75602264787663,8.499517618526212,1.8942656115578274,0,-1,0.0019913715625665684,0.009725878794734966,0.00758979486148945,0.0,0.00758979486148945,1.1381412595367242,113814.12595367242
2025-11-24 14:20:10.763715,104.58446800831771,97.31027943596456,8.72207842640239,2.056602025684186,0,-1,-0.02048109140457577,-0.024517248653198265,-0.00367136253443685,0.0,-0.00367136253443685,1.1339627303575643,113396.27303575643
2025-11-24 14:35:10.763715,103.93194252074258,97.2235954408311,8.154947153705322,1.4463760779518566,0,-1,-0.006239219838296006,-0.0008907999816247791,0.0053616741630287635,0.0,0.0053616741630287635,1.14004266903076,114004.26690307599
2025-11-24 14:50:10.763715,102.4776540468337,95.48299706769178,8.415358507180372,1.6657960042533184,0,-1,-0.01399269982487461,-0.01790304468012216,-0.003643963575703523,0.0,-0.003643963575703523,1.135888395070064,113588.8395070064
2025-11-24 15:05:10.763715,101.05626579630471,94.5634132222606,7.899871517596466,1.1282175353993675,0,-1,-0.013870226282496678,-0.00963086490445253,0.004382660027084118,0.0,0.004382660027084118,1.1408666077343663,114086.66077343663
2025-11-24 15:20:10.763715,100.85941536882054,94.64013337076189,7.627442468747304,0.8390345180568963,0,-1,-0.0019479289674225742,0.0008113090029964187,0.002747166418669824,0.0,0.002747166418669824,1.144000758167316,114400.0758167316
2025-11-24 15:35:10.763715,99.52026552387638,93.43588026076675,7.4746275254673975,0.6706599642073068,0,-1,-0.013277390514779275,-0.01272455000963868,0.0007421704193396571,0.0,0.0007421704193396571,1.1448498016897297,114484.98016897296
2025-11-24 15:50:10.763715,99.46864381049897,92.90775277735375,7.943275231285014,1.1206545341049743,0,-1,-0.0005187055430937448,-0.005652298473980966,-0.005049491789055433,0.0,-0.005049491789055433,1.1390688920163956,113906.88920163955
2025-11-24 16:05:10.763715,101.21889043173789,94.33020891721517,8.292230586760837,1.4394931591616238,0,-1,0.0175959634533005,0.015310413795824207,-0.0025133549101665487,0.0,-0.0025133549101665487,1.1362060076236282,113620.60076236282
2025-11-24 16:20:10.763715,99.75254105983456,93.52680777441417,7.6173284677906,0.747055184489865,0,-1,-0.01448691410910341,-0.008516901976821423,0.006096736010084501,0.0,0.006096736010084501,1.1431331557051816,114313.31557051816
2025-11-24 16:35:10.763715,100.86468658288737,94.71605214416147,7.5579245128066646,0.6725895402185885,0,-1,0.01114904453798049,0.012715545393313876,0.0013773049217650647,0.0,0.0013773049217650647,1.1447075986267672,114470.75986267671
2025-11-24 16:50:10.763715,98.96259891198214,93.13386699549416,7.214480491795314,0.30901561753963624,0,-1,-0.01885781570680989,-0.01670450903358134,0.0024018548151801093,0.0,0.0024018548151801093,1.147457020084502,114745.7020084502
2025-11-24 17:05:10.763715,99.02392893329441,93.88634461650793,6.534529085539987,-0.38876774697821087,0,-1,0.0006197292915359753,0.008079527300741907,0.007339581875082546,0.0,0.007339581875082546,1.1558788748315505,115587.88748315505
2025-11-24 17:20:10.763715,100.88258955816292,95.94820169804612,6.362011216642955,-0.5717947106803561,0,0,0.018769812962284638,0.02196120309039773,0.002864627083945432,0.001,0.001864627083945432,1.158034157887322,115803.41578873219
2025-11-24 17:35:10.763715,97.43303448013164,92.46533455430674,6.343501336821248,-0.5901699689477737,0,0,-0.03419376022304099,-0.03629945201787255,0.0,0.0,0.0,1.158034157887322,115803.41578873219
2025-11-24 17:50:10.763715,97.63176145155425,91.3757735658087,7.615577604516176,0.7061503445925683,0,0,0.0020396262159230183,-0.011783453699160229,0.0,0.0,0.0,1.158034157887322,115803.41578873219
2025-11-24 18:05:10.763715,98.57042904078472,92.17938041291598,7.762595297203234,0.84107035149765,0,0,0.00961436703870433,0.008794528524877832,0.0,0.0,0.0,1.158034157887322,115803.41578873219
2025-11-24 18:20:10.763715,97.574044482319,91.90824891221821,7.033308045398954,0.08183521626852884,0,0,-0.010108351644218305,-0.00294134652981215,0.0,0.0,0.0,1.158034157887322,115803.41578873219
2025-11-24 18:35:10.763715,97.7748201138366,92.4305889484168,6.719515592901843,-0.24801341481382078,0,0,0.002057674585314473,0.005683276989614683,0.0,0.0,0.0,1.158034157887322,115803.41578873219
2025-11-24 18:50:10.763715,97.50398811710505,91.60613040757026,7.260874931914813,0.30052181551606516,0,0,-0.0027699564818040034,-0.008919758601848238,0.0,0.0,0.0,1.158034157887322,115803.41578873219
2025-11-24 19:05:10.763715,98.6461222729395,91.73436301903882,8.276684462756322,1.333468419276922,0,0,0.011713717334953522,0.0013998256546590149,0.0,0.0,0.0,1.158034157887322,115803.41578873219
2025-11-24 19:20:10.763715,97.58363547452947,91.52955115372473,7.4159621124348405,0.4185934675969928,0,0,-0.010770689956471569,-0.0022326624241298942,0.0,0.0,0.0,1.158034157887322,115803.41578873219
2025-11-24 19:35:10.763715,98.1575465812927,93.15628946241662,6.387339320420523,-0.7150996164679877,0,0,0.005881222850249612,0.017772820779594634,0.0,0.0,0.0,1.158034157887322,115803.41578873219
2025-11-24 19:50:10.763715,99.45734284616667,93.52183394324601,7.327030079135241,0.29643044425325077,0,0,0.013241939210425269,0.003923991422789097,0.0,0.0,0.0,1.158034157887322,115803.41578873219
2025-11-24 20:05:10.763715,100.08155954573084,94.00603356522797,7.474251613677865,0.44900884250525697,0,0,0.006276225381665945,0.005177396566835801,0.0,0.0,0.0,1.158034157887322,115803.41578873219
2025-11-24 20:20:10.763715,99.06745407801174,93.43638333486722,7.021320490794608,-0.11644116794140312,0,0,-0.01013279041935522,-0.006059719879208503,0.0,0.0,0.0,1.158034157887322,115803.41578873219
2025-11-24 20:35:10.763715,98.6815725216154,92.76475006753758,7.2970788998995175,0.2057184178789341,0,0,-0.003895139528794944,-0.007188134250900591,0.0,0.0,0.0,1.158034157887322,115803.41578873219
2025-11-24 20:50:10.763715,96.77475509272602,92.17402316068684,5.972198890255854,-1.4631604287299165,0,0,-0.019322933149162114,-0.006368010547332381,0.0,0.0,0.0,1.158034157887322,115803.41578873219
2025-11-24 21:05:10.763715,97.34442084564141,92.73028595449789,5.993878541812549,-1.4482151465913284,0,0,0.0058865119562385715,0.006034919326905364,0.0,0.0,0.0,1.158034157887322,115803.41578873219
2025-11-24 21:20:10.763715,97.00001440759573,92.15577588605177,6.215433976647489,-1.1735621644749692,0,0,-0.0035380192830136714,-0.006195495490308622,0.0,0.0,0.0,1.158034157887322,115803.41578873219
2025-11-24 21:35:10.763715,97.87970779536325,92.56647029004222,6.6905437255369264,-0.5812090778752549,0,0,0.00906900265056687,0.004456523750592245,0.0,0.0,0.0,1.158034157887322,115803.41578873219
2025-11-24 21:50:10.763715,100.16541543684451,95.50303204648296,6.083383020950791,-1.3517617517057008,0,0,0.02335221153561262,0.03172381692031134,0.0,0.0,0.0,1.158034157887322,115803.41578873219
2025-11-24 22:05:10.763715,101.43888374302313,96.76882307291581,6.109894138140476,-1.3034527584463402,0,0,0.012713652717604385,0.013253935496171154,0.0,0.0,0.0,1.158034157887322,115803.41578873219
2025-11-24 22:20:10.763715,100.56142046272332,96.30637478230281,5.687998331834052,-1.7945746302979715,0,0,-0.008650166956910676,-0.004778897540838489,0.0,0.0,0.0,1.158034157887322,115803.41578873219
2025-11-24 22:35:10.763715,102.40835614565617,98.06717691501068,5.800331041672123,-1.6397187109020586,0,0,0.01836624497182271,0.018283339360329,0.0,0.0,0.0,1.158034157887322,115803.41578873219
2025-11-24 22:50:10.763715,101.43918996210533,97.47847573759013,5.411106688977469,-2.064811793887072,1,1,-0.009463741241704793,-0.006003039915493225,0.0,0.001,-0.001,1.1568761237294345,115687.61237294345
2025-11-24 23:05:10.763715,98.5141338394423,94.55292436652361,5.368072351686422,-2.052136413390603,0,1,-0.028835562702696604,-0.030012280648930467,0.000730162074641081,0.0,0.000730162074641081,1.1577208308000395,115772.08308000395
2025-11-24 23:20:10.763715,96.74257489007879,93.14323124293819,4.985231554067823,-2.418991750837686,0,1,-0.017982789680217715,-0.014909037801103975,-0.0032955850162805084,0.0,-0.0032955850162805084,1.1539054633770192,115390.54633770192
2025-11-24 23:35:10.763715,94.71535296822954,90.57484726157324,5.48817835894161,-1.7998949731053755,0,1,-0.020954806342012522,-0.027574563895749193,0.006209472725392712,0.0,0.006209472725392712,1.1610706078795405,116107.06078795405
2025-11-24 23:50:10.763715,94.76717442074174,90.10754020648969,6.000353755851592,-1.1989882913345573,0,1,0.0005471283259597115,-0.005159346874016868,0.005629708736703546,0.0,0.005629708736703546,1.1676070972246497,116760.70972246498
2025-11-25 00:05:10.763715,94.72382964805423,90.14145186282654,5.923601901918673,-1.2665053574647998,0,1,-0.00045738171421116913,0.00037634648841966545,-0.0008281285037567966,0.0,-0.0008281285037567966,1.1666401685062493,116664.01685062493
2025-11-25 00:20:10.763715,96.97797191649525,92.44618427322597,5.907304115224861,-1.2587583339987198,0,1,0.02379699254998724,0.025567953064553173,-0.0013905322592413331,0.0,-0.0013905322592413331,1.1650179177170146,116501.79177170146
2025-11-25 00:35:10.763715,96.73653553883302,92.90993603375341,5.2090161881203585,-1.9875010440341128,0,1,-0.002489600193641084,0.0050164510755448255,-0.007431410967485869,0.0,-0.007431410967485869,1.1563601907859749,115636.01907859748
2025-11-25 00:50:10.763715,96.38228469934113,92.6143489809638,5.145954330657176,-1.996654337681281,0,1,-0.0036620170188924606,-0.0031814364039840504,-0.0005279175408460508,0.0,-0.0005279175408460508,1.155749727957723,115574.9727957723
2025-11-25 01:05:10.763715,97.54760781517638,93.78314696278211,5.159870132434165,-1.922861943139738,0,1,0.01209063594487736,0.012620052882502675,-0.00034164184714101896,0.0,-0.00034164184714101896,1.1553548754858307,115535.48754858307
2025-11-25 01:20:10.763715,96.03742632954246,90.73272894054818,6.654719179340361,-0.31704503401610656,0,1,-0.015481481498708427,-0.03252629199406676,0.01656084838528092,0.0,0.01656084838528092,1.1744885324099466,117448.85324099465
2025-11-25 01:35:10.763715,95.80320145724602,91.06307139569736,6.095067051932645,-0.8985334074185636,0,1,-0.002438891599330417,0.0036408301503378926,-0.006025549455995474,0.0,-0.006025549455995474,1.167411593672411,116741.1593672411
2025-11-25 01:50:10.763715,97.58549585451459,92.13135556354896,6.824972393529322,-0.11403874455080447,0,1,0.018603703948911976,0.011731255617434266,0.0070469989142341646,0.0,0.0070469989142341646,1.1756383419054848,117563.83419054847
2025-11-25 02:05:10.763715,96.16962495751666,90.11949779483983,7.391024622487592,0.49678926659244277,0,1,-0.014509030103293075,-0.021836841066789958,0.00700289831492211,0.0,0.00700289831492211,1.1838712176689725,118387.12176689725
2025-11-25 02:20:10.763715,97.77233225202886,91.68812326314307,7.448446191563633,0.5523777170525029,0,0,0.01666542107469171,0.017406060915633015,-0.0004816532349549117,0.001,-0.0014816532349549117,1.1821171310495433,118211.71310495432
2025-11-25 02:35:10.763715,99.07035600427872,92.16406459762143,8.277610190369614,1.4152648691880745,0,0,0.013275982298386113,0.005190872247569311,0.0,0.0,0.0,1.1821171310495433,118211.71310495432
2025-11-25 02:50:10.763715,98.64566754781734,91.60088937558154,8.407717412751154,1.5195504607112837,0,0,-0.004286735947966469,-0.00611057275412763,0.0,0.0,0.0,1.1821171310495433,118211.71310495432
2025-11-25 03:05:10.763715,99.59770212997246,92.48372739281511,8.490049817126973,1.5857703146240794,0,0,0.00965105316656345,0.009637876043034455,0.0,0.0,0.0,1.1821171310495433,118211.71310495432
2025-11-25 03:20:10.763715,102.53740200247515,95.69758871318497,8.263707748929221,1.3669970804631033,0,0,0.029515739918039907,0.03475056002792054,0.0,0.0,0.0,1.1821171310495433,118211.71310495432
2025-11-25 03:35:10.763715,103.32541627033297,95.968603937286,8.784739256630644,1.8905951061618351,0,0,0.007685139787711792,0.002831996372586687,0.0,0.0,0.0,1.1821171310495433,118211.71310495432
2025-11-25 03:50:10.763715,104.1151276865072,96.33622385914322,9.212300606322529,2.272282807666439,-1,-1,0.007642954121840573,0.0038306269631414036,0.0,0.001,-0.001,1.1809350139184938,118093.50139184938
2025-11-25 04:05:10.763715,103.05315383637674,95.68427706402079,8.79257316657089,1.8277712338700456,0,-1,-0.01019999565604035,-0.006767410730938117,0.0035332779391630664,0.0,0.0035332779391630664,1.1851075855507571,118510.7585550757
2025-11-25 04:20:10.763715,101.14344189984826,94.48171516091422,8.067530088462775,1.0973260364565476,0,-1,-0.018531329371642924,-0.012568019950675469,0.006150310308001656,0.0,0.006150310308001656,1.192396364950261,119239.63649502609
2025-11-25 04:35:10.763715,102.10667523643967,95.675414403165,7.854825359029192,0.8833487493620144,0,-1,0.009523438381157767,0.012634182605785194,0.002922758896508424,0.0,0.002922758896508424,1.1958814520340835,119588.14520340835
2025-11-25 04:50:10.763715,100.49517697428364,94.46412240075914,7.436596158529696,0.46547919618383043,0,-1,-0.015782496672469448,-0.012660431208603051,0.0033104413476997933,0.0,0.0033104413476997933,1.1998403474398445,119984.03474398445
2025-11-25 05:05:10.763715,100.53107385417623,94.57504050799955,7.363225293333073,0.3845907802190787,0,-1,0.00035720002664185735,0.0011741823712694277,0.0007995115619721447,0.0,0.0007995115619721447,1.2007996336701432,120079.96336701432
2025-11-25 05:20:10.763715,100.48303899555958,93.90923560549442,7.971088756244697,0.9811432558014412,0,-1,-0.0004778110565726301,-0.007039964232939622,-0.006457404810163292,0.0,-0.006457404810163292,1.1930455843396393,119304.55843396393
2025-11-25 05:35:10.763715,100.84319315841974,94.59583376225287,7.654860728334185,0.6488864339695047,0,-1,0.003584228407702339,0.00731129534099062,0.0036182814030695145,0.0,0.0036182814030695145,1.1973623589904694,119736.23589904694
2025-11-25 05:50:10.763715,101.23285687395514,95.0799737205741,7.567588054766901,0.5472122888204852,0,-1,0.0038640557020368504,0.005117983943542681,0.0011777772216136446,0.0,0.0011777772216136446,1.198772585102906,119877.2585102906
2025-11-25 06:05:10.763715,102.64244688603932,96.58094502231145,7.4985398745406115,0.4684688243865902,0,-1,0.013924234241845523,0.015786408462296064,0.001627286593193479,0.0,0.001627286593193479,1.2007233316589319,120072.33316589319
2025-11-25 06:20:10.763715,102.33199411858274,95.8544810719777,7.9037419241061,0.860581865257456,0,-1,-0.003024604117254359,-0.007521814475577204,-0.004385292491820411,0.0,-0.004385292491820411,1.1954578086478544,119545.78086478544
2025-11-25 06:35:10.763715,100.78622327335258,95.47678178436963,6.730050539168957,-0.3333117564150556,0,-1,-0.015105450241093887,-0.003940340434626655,0.011223738545073931,0.0,0.011223738545073931,1.208875314533785,120887.5314533785
2025-11-25 06:50:10.763715,99.16572403345184,94.09469224372961,6.471076584673554,-0.5994479584391851,0,0,-0.016078578869907822,-0.014475661148292795,0.0018183026021102063,0.001,0.0008183026021102062,1.2098645403492947,120986.45403492947
2025-11-25 07:05:10.763715,98.69770797869595,93.47904005341363,6.6095523667216725,-0.4647248901295171,0,0,-0.004719534489538102,-0.006542900302190069,0.0,0.0,0.0,1.2098645403492947,120986.45403492947
2025-11-25 07:20:10.763715,99.81606577162994,94.01898669669595,7.19599743911067,0.1280407332585171,0,0,0.011331142493961277,0.0057761252466199675,0.0,0.0,0.0,1.2098645403492947,120986.45403492947
2025-11-25 07:35:10.763715,100.57421828189985,95.10215001723432,6.88710312949533,-0.18934632131031753,0,0,0.007595495819325171,0.011520687029234367,0.0,0.0,0.0,1.2098645403492947,120986.45403492947
2025-11-25 07:50:10.763715,98.39237420499815,93.80508797975601,5.9830219679748495,-1.097893875829422,0,0,-0.02169387059799166,-0.013638619497490456,0.0,0.0,0.0,1.2098645403492947,120986.45403492947
2025-11-25 08:05:10.763715,99.91741807635124,95.04620922142077,6.285411370792062,-0.7776060648263899,0,0,0.015499614514593363,0.01323085206137864,0.0,0.0,0.0,1.2098645403492947,120986.45403492947
2025-11-25 08:20:10.763715,101.48265887206321,97.00841759607852,5.917639696057691,-1.130788709841632,0,0,0.015665344700119377,0.020644783108462184,0.0,0.0,0.0,1.2098645403492947,120986.45403492947
2025-11-25 08:35:10.763715,101.50416183081039,97.6216485393225,5.335036039083704,-1.6786275347238462,0,0,0.00021188801107663302,0.006321419918396742,0.0,0.0,0.0,1.2098645403492947,120986.45403492947
2025-11-25 08:50:10.763715,103.91127248237173,100.41897815231266,4.9864388383625595,-1.9779379063971394,0,0,0.023714403509617288,0.02865480817877586,0.0,0.0,0.0,1.2098645403492947,120986.45403492947
2025-11-25 09:05:10.763715,102.80190951857209,99.2700959174832,5.008863770120627,-1.9235669992685205,0,0,-0.010676059846999153,-0.011440887529116872,0.0,0.0,0.0,1.2098645403492947,120986.45403492947
2025-11-25 09:20:10.763715,100.83967486740382,97.44367865532425,4.845870927105139,-2.014488926123614,1,1,-0.019087531159270754,-0.018398463759691897,0.0,0.001,-0.001,1.2086546758089454,120865.46758089453
2025-11-25 09:35:10.763715,97.39527295128602,94.88766825498112,3.919448264498371,-2.7502560499866506,0,1,-0.03415720965628766,-0.026230643543171173,-0.008316854609578275,0.0,-0.008316854609578275,1.1986024705970553,119860.24705970552
2025-11-25 09:50:10.763715,100.03616930585292,97.05078684611378,4.429411296327288,-2.2044892375833447,0,1,0.027115241577358562,0.022796625008425275,0.004657809943441931,0.0,0.004657809943441931,1.2041853331028365,120418.53331028364
2025-11-25 10:05:10.763715,101.70044839969731,98.01787912327933,5.140987580430874,-1.5426671151944586,0,1,0.016636773532940685,0.009964806145250416,0.006820234783477267,0.0,0.006820234783477267,1.2123981597974178,121239.81597974178
2025-11-25 10:20:10.763715,102.02873483942815,97.94598291874269,5.5401004735302735,-1.1738052315210867,0,1,0.0032279743589784804,-0.0007335009202373843,0.003950561442090915,0.0,0.003950561442090915,1.2171878132199756,121718.78132199757
2025-11-25 10:35:10.763715,101.9118162826361,98.36801116269162,5.00743307529514,-1.5996585521008841,0,1,-0.0011459375339316624,0.0043087856323729135,-0.005390612292956491,0.0,-0.005390612292956491,1.2106264256311952,121062.64256311952
2025-11-25 10:50:10.763715,100.33274407611738,96.73094152517477,5.041072375453737,-1.5337697114162063,0,1,-0.015494495772103711,-0.01664229680123641,0.0009001785495112852,0.0,0.0009001785495112852,1.21171620557102,121171.620557102
2025-11-25 11:05:10.763715,103.85096546204076,100.35557260401495,4.988593948525931,-1.541669383161271,0,1,0.035065535367539535,0.03747126846580784,-0.0018481941646174144,0.0,-0.0018481941646174144,1.2094767187507112,120947.67187507112
2025-11-25 11:20:10.763715,104.41923098463701,100.5603377642535,5.355141033179478,-1.2110478458477012,0,1,0.005471932976915506,0.0020403965113777733,0.0034618957392361024,0.0,0.0034618957392361024,1.2136638010500596,121366.38010500596
2025-11-25 11:35:10.763715,104.97551488912211,100.73555793852285,5.738811882746035,-0.8767419869100356,0,1,0.0053274085552970085,0.001742438203420793,0.003610896272659342,0.0,0.003610896272659342,1.2180462151455327,121804.62151455326
2025-11-25 11:50:10.763715,105.70178261519233,101.8483909572973,5.36880454924686,-1.1619530947622974,0,1,0.006918448810061317,0.011047072568492577,-0.003964253207020076,0.0,-0.003964253207020076,1.2132175715308433,121321.75715308433
2025-11-25 12:05:10.763715,106.50586825284428,102.59615771491116,5.436249529300497,-1.0976383011192634,0,1,0.007607115204284032,0.0073419594613661765,0.0003743975277998744,0.0,0.0003743975277998744,1.213671797190308,121367.1797190308
2025-11-25 12:20:10.763715,107.1201800484226,102.95157615117918,5.70043119680183,-0.8786878606415881,0,1,0.005767868058874859,0.0034642470457386665,0.002355165908274899,0.0,0.002355165908274899,1.2165301956308854,121653.01956308854
2025-11-25 12:35:10.763715,106.7391223502952,101.74825012595745,6.504795109756884,-0.2272250112280598,0,1,-0.00355729142683614,-0.011688272003283373,0.007957069551394035,0.0,0.007957069551394035,1.2262102110088913,122621.02110088912
2025-11-25 12:50:10.763715,107.78320733360475,102.48061428377741,6.827412858364184,0.029265639669445648,0,1,0.009781652315662415,0.007197805927014356,0.0026909432979730138,0.0,0.0026909432979730138,1.2295098731581116,122950.98731581116
2025-11-25 13:05:10.763715,110.95399352586067,105.42544484879738,7.097184928443582,0.25376849769607124,0,1,0.029418183692027977,0.028735489005418113,0.0011102530414234153,0.0,0.0011102530414234153,1.2308749402342454,123087.49402342454
2025-11-25 13:20:10.763715,113.00791091209847,107.58543971011134,7.023246243458473,0.19461747540335875,0,1,0.018511432720617504,0.020488363738107696,-0.0016720825045229946,0.0,-0.0016720825045229946,1.2288168157814239,122881.6815781424
2025-11-25 13:35:10.763715,116.15544325180217,110.19848173798144,7.59661628169188,0.6655283594024495,0,0,0.027852318605836146,0.02428806383940918,0.003925639415730351,0.001,0.002925639415730351,1.2324118906923864,123241.18906923864
2025-11-25 13:50:10.763715,115.4976633841241,109.36762175311637,7.757333946019884,0.7970721239062959,0,0,-0.005662927618916069,-0.007539668167485303,0.0,0.0,0.0,1.2324118906923864,123241.18906923864
2025-11-25 14:05:10.763715,113.46653828459995,107.7669270073225,7.30308668727919,0.42715496544885595,0,0,-0.017585854466760864,-0.014635910703144295,0.0,0.0,0.0,1.2324118906923864,123241.18906923864
2025-11-25 14:20:10.763715,113.93105828427522,107.57454058205391,7.957130574423147,0.9719887633529791,0,0,0.004093894170897894,-0.0017852084179361682,0.0,0.0,0.0,1.2324118906923864,123241.18906923864
2025-11-25 14:35:10.763715,114.28893482508607,107.6752638884829,8.215782481445657,1.1877172169174721,0,0,0.0031411675288566254,0.0009363117507543706,0.0,0.0,0.0,1.2324118906923864,123241.18906923864
2025-11-25 14:50:10.763715,115.67069089261338,109.46805313547543,7.831424401221909,0.8951506150838925,0,0,0.012090024897353446,0.016649963810158708,0.0,0.0,0.0,1.2324118906923864,123241.18906923864
2025-11-25 15:05:10.763715,112.75040304142877,106.73464329674974,7.603875697080781,0.7160804418039568,0,0,-0.02524656703136452,-0.02496993196127162,0.0,0.0,0.0,1.2324118906923864,123241.18906923864
2025-11-25 15:20:10.763715,115.19473281626567,109.22271339963643,7.597155625051357,0.7284423459784883,0,0,0.02167912228161839,0.02331080168572086,0.0,0.0,0.0,1.2324118906923864,123241.18906923864
2025-11-25 15:35:10.763715,115.1193835468098,108.97504612304789,7.765788564799266,0.8805855184277994,0,0,-0.0006541034265520329,-0.002267543708444175,0.0,0.0,0.0,1.2324118906923864,123241.18906923864
2025-11-25 15:50:10.763715,114.48787885960476,108.29031314039008,7.808828646385322,0.9290079233426801,0,0,-0.005485650354861926,-0.006283392455596171,0.0,0.0,0.0,1.2324118906923864,123241.18906923864
2025-11-25 16:05:10.763715,113.02304217682536,106.66937950808571,7.940807554384719,1.0433924648614006,0,0,-0.012794687938761817,-0.01496840839496838,0.0,0.0,0.0,1.2324118906923864,123241.18906923864
2025-11-25 16:20:10.763715,111.31406734499785,104.0645406271294,8.79791393259704,1.757619861109214,0,0,-0.015120587792653795,-0.024419743444357933,0.0,0.0,0.0,1.2324118906923864,123241.18906923864
2025-11-25 16:35:10.763715,112.96547399182933,105.36798563573497,9.165269665816922,2.0198994044651104,-1,-1,0.01483556109501638,0.012525352062773276,0.0,0.001,-0.001,1.231179478801694,123117.9478801694
2025-11-25 16:50:10.763715,113.03766590986021,105.49447879814804,9.112850526465436,1.937432534770118,0,-1,0.0006390617901192996,0.0012004895191823906,0.0005435655195946613,0.0,0.0005435655195946613,1.2318487055148033,123184.87055148033
2025-11-25 17:05:10.763715,111.45670328785228,103.48319210361048,9.513248453314617,2.220751944302375,0,-1,-0.013986157704889646,-0.0190653266166273,-0.004795493917355228,0.0,-0.004795493917355228,1.225941382540405,122594.1382540405
2025-11-25 17:20:10.763715,108.90136115662354,101.50245879835379,8.909168088745815,1.6949036849763581,0,-1,-0.022926769371862887,-0.019140628202438115,0.004070936584000432,0.0,0.004070936584000432,1.2309321121644288,123093.21121644288
2025-11-25 17:35:10.763715,108.50175690857836,101.00259931613355,9.001985861257495,1.73422259182285,0,-1,-0.003669414631746082,-0.004924604666112109,-0.0011819163250251829,0.0,-0.0011819163250251829,1.2294772534060638,122947.72534060638
2025-11-25 17:50:10.763715,111.721308202834,103.57350720803005,9.688882071788058,2.205734878171553,0,-1,0.029672803335049958,0.025453878507122996,-0.004597655755946929,0.0,-0.004597655755946929,1.2238245402351355,122382.45402351355
2025-11-25 18:05:10.763715,111.07337143603365,103.18130720661543,9.427309721445667,1.9422249166702823,0,-1,-0.005799580914537694,-0.0037866826371619755,0.002069240725497647,0.0,0.002069240725497647,1.2263569278146536,122635.69278146536
2025-11-25 18:20:10.763715,108.32119028041743,100.89098329943728,8.931374503373647,1.5275495026825363,0,-1,-0.024778046439341117,-0.02219708171163104,0.002911237434623036,0.0,0.002911237434623036,1.2299271440111168,122992.71440111168
2025-11-25 18:35:10.763715,107.52830430387218,100.52982148369927,8.494276578029826,1.1748082203507175,0,-1,-0.007319767946536215,-0.0035797234195459327,0.0037933076072065273,0.0,0.0037933076072065273,1.234592636002804,123459.26360028039
2025-11-25 18:50:10.763715,106.5018588114924,100.12942119002486,7.862273781359178,0.6990315727916119,0,-1,-0.00954581678772759,-0.003982900673302536,0.005622178111286911,0.0,0.005622178111286911,1.2415337356972949,124153.37356972949
2025-11-25 19:05:10.763715,102.27842474362112,96.16930784291013,7.540030118757144,0.4601471770610667,0,-1,-0.03965596577376862,-0.039549947458492274,0.0006944861316802026,0.0,0.0006944861316802026,1.2423959636587498,124239.59636587498
2025-11-25 19:20:10.763715,101.98204460248675,96.10062681428221,7.311309094022178,0.28676591297921655,0,-1,-0.0028977777266054883,-0.0007141678584201561,0.0021942360466557687,0.0,0.0021942360466557687,1.2451220736664295,124512.20736664295
2025-11-25 19:35:10.763715,100.93833461409787,95.77788573812049,6.585538083472329,-0.25518307619975383,0,-1,-0.01023425243587861,-0.0033583659842867375,0.006925855931311974,0.0,0.006925855931311974,1.2537456097655395,125374.56097655396
2025-11-25 19:50:10.763715,101.91305709128363,96.79302307323115,6.560227560428515,-0.2688614329369042,0,-1,0.009656613425536253,0.010598869742085348,0.0007845546220014675,0.0,0.0007845546220014675,1.2547292416784952,125472.92416784952
2025-11-25 20:05:10.763715,104.96162623533756,99.52503866875358,6.917431055551376,0.00853263536349507,0,-1,0.02991343043829331,0.02822533596719512,-0.0021080622053489713,0.0,-0.0021080622053489713,1.2520841943861665,125208.41943861665
2025-11-25 20:20:10.763715,106.10802897800563,101.2312732032195,6.38298650634907,-0.3855697166887265,0,-1,0.010922113002495681,0.01714377163062175,0.005966574651921391,0.0,0.005966574651921391,1.2595548482024623,125955.48482024623
2025-11-25 20:35:10.763715,106.49323068057873,100.83387921637694,7.159669328954109,0.1927480790143036,0,-1,0.003630278559343836,-0.003925604946653172,-0.007497474018261389,0.0,-0.007497474018261389,1.2501113684534892,125011.13684534893
2025-11-25 20:50:10.763715,105.1461706276066,99.18398045218231,7.437959023415658,0.40116511229639956,0,-1,-0.012649255209587706,-0.016362543790010786,-0.0034698285751973944,0.0,-0.0034698285751973944,1.2457736963050503,124577.36963050503
2025-11-25 21:05:10.763715,109.33340824219728,103.09768232763528,7.769727143244154,0.6476928406996733,0,-1,0.03982301580359504,0.03945901200587332,-0.000951118575988362,0.0,-0.000951118575988362,1.244588817801017,124458.8817801017
2025-11-25 21:20:10.763715,109.03180287619978,103.1996217091887,7.367699162443202,0.3428855351536738,0,-1,-0.002758583774589596,0.000988765016360471,0.003732636852565703,0.0,0.003732636852565703,1.2492344158886322,124923.44158886322
2025-11-25 21:35:10.763715,109.43975036187827,103.23150906157682,7.744233750994255,0.6212700490704134,0,-1,0.0037415458143135183,0.0003089871053787441,-0.003437156160483604,0.0,-0.003437156160483604,1.2449406021201725,124494.06021201726
2025-11-25 21:50:10.763715,108.79961374449006,103.20447871471204,7.13072529310476,0.1530470600093905,0,-1,-0.005849214890124466,-0.00026184202004309043,0.005591268844960716,0.0,0.005591268844960716,1.2519013997226336,125190.13997226337
2025-11-25 22:05:10.763715,109.50855294857685,103.5219349272849,7.526931748901731,0.439935179858481,0,-1,0.006516008464438894,0.0030759925976702185,-0.003485783883252772,0.0,-0.003485783883252772,1.2475375420000587,124753.75420000587
2025-11-25 22:20:10.763715,109.33342240079095,103.30834073854822,7.562217299515623,0.4565677960137718,0,-1,-0.0015992408179125173,-0.002063274695229711,-0.00043333419672172795,0.0,-0.00043333419672172795,1.246996941321416,124699.6941321416
2025-11-25 22:35:10.763715,108.71936385522828,102.433436295815,7.810045401718995,0.6335728830507373,0,-1,-0.00561638456090463,-0.008468865499905998,-0.002726471800977152,0.0,-0.002726471800977152,1.2435970393249982,124359.70393249982
2025-11-25 22:50:10.763715,107.2758666079093,101.60678368971357,7.180900909672374,0.15279908186231392,0,-1,-0.01327727827069669,-0.008070144241907107,0.005327210551396431,0.0,0.005327210551396431,1.2502219425945758,125022.19425945758
2025-11-25 23:05:10.763715,106.75309726414643,101.56703282919727,6.697290969202939,-0.21629372389636717,0,-1,-0.004873130931429048,-0.00039122250575007733,0.004487729466375129,0.0,0.004487729466375129,1.2558326004458662,125583.26004458663
2025-11-25 23:20:10.763715,106.26474338804343,100.75256211192438,7.011289215145325,0.010732300520396575,0,-1,-0.004574610841450721,-0.00801904608794246,-0.003325119018677127,0.0,-0.003325119018677127,1.2516568075818488,125165.68075818488
2025-11-25 23:35:10.763715,104.75455154197172,99.69095434889928,6.546909358846676,-0.34834957284282886,0,-1,-0.014211598296125283,-0.010536781802588546,0.003831594375120541,0.0,0.003831594375120541,1.256452648765361,125645.2648765361
2025-11-25 23:50:10.763715,105.14454880693059,99.86021894304157,6.770160535312684,-0.19017496303188441,0,-1,0.00372296247960735,0.0016978932065381258,-0.0020503324041716625,0.0,-0.0020503324041716625,1.25387650318529,125387.650318529
2025-11-26 00:05:10.763715,104.09442216705835,99.48896557873626,6.085763341999623,-0.7244360222871394,0,0,-0.009987456808631223,-0.0037177303257974748,0.006325042982282869,0.001,0.005325042982282869,1.2605534494592263,126055.34494592262
2025-11-26 00:20:10.763715,106.70565260131465,101.76911144324772,6.450774441214051,-0.4596611510730958,0,0,0.02508520994588559,0.022918580480233652,0.0,0.0,0.0,1.2605534494592263,126055.34494592262
2025-11-26 00:35:10.763715,102.328403729218,97.81149315040464,5.972258044289191,-0.840002887008035,0,0,-0.041021715020584826,-0.038888207204698544,0.0,0.0,0.0,1.2605534494592263,126055.34494592262
2025-11-26 00:50:10.763715,104.17750521480887,99.43604660152864,6.220977979945516,-0.6477767394518481,0,0,0.018070266106016586,0.016609024142243856,0.0,0.0,0.0,1.2605534494592263,126055.34494592262
2025-11-26 01:05:10.763715,106.29654469507068,101.32224350743037,6.481885475900967,-0.4488861292436884,0,0,0.02034066256330913,0.018968945069390175,0.0,0.0,0.0,1.2605534494592263,126055.34494592262
2025-11-26 01:20:10.763715,103.00789522531869,98.22935625228656,6.240103867428147,-0.6429664982996198,0,0,-0.030938441876789402,-0.030525254357568476,0.0,0.0,0.0,1.2605534494592263,126055.34494592262
2025-11-26 01:35:10.763715,102.84524008877244,97.73549511459574,6.563961656906741,-0.4024675622727447,0,0,-0.0015790550441833195,-0.005027632843509933,0.0,0.0,0.0,1.2605534494592263,126055.34494592262
2025-11-26 01:50:10.763715,102.46899031600363,97.2021846746586,6.713087142103348,-0.29970050832698536,0,0,-0.003658407257779217,-0.005456670980300782,0.0,0.0,0.0,1.2605534494592263,126055.34494592262
2025-11-26 02:05:10.763715,100.27311355896444,95.18101616393344,6.5083057175293675,-0.48086408107852346,0,0,-0.021429671066996336,-0.02079344736427613,0.0,0.0,0.0,1.2605534494592263,126055.34494592262
2025-11-26 02:20:10.763715,98.73637132972222,94.08637671441475,6.049915682625937,-0.8467471860859656,0,0,-0.015325566093433052,-0.01150060688187382,0.0,0.0,0.0,1.2605534494592263,126055.34494592262
2025-11-26 02:35:10.763715,96.31948410887118,92.54126229076914,5.155152965852835,-1.5515633143967003,0,0,-0.024478185579456135,-0.01642229701687392,0.0,0.0,0.0,1.2605534494592263,126055.34494592262
2025-11-26 02:50:10.763715,98.92444834135632,95.01537119126105,5.322820823671691,-1.3909251587586564,0,0,0.027045039293822626,0.026735197243345832,0.0,0.0,0.0,1.2605534494592263,126055.34494592262
2025-11-26 03:05:10.763715,99.49402092272487,96.36796724655842,4.559922768315744,-1.938713338194487,0,0,0.005757652338915564,0.014235549873026887,0.0,0.0,0.0,1.2605534494592263,126055.34494592262
2025-11-26 03:20:10.763715,101.41671581666056,98.23348871617921,4.644853482241061,-1.8198185565304454,0,0,0.019324728019877835,0.01935831503893648,0.0,0.0,0.0,1.2605534494592263,126055.34494592262
2025-11-26 03:35:10.763715,102.40538466977948,99.31258138773138,4.570485596847718,-1.8256323122629645,0,0,0.009748578872404323,0.010984977584069577,0.0,0.0,0.0,1.2605534494592263,126055.34494592262
2025-11-26 03:50:10.763715,101.26692651764037,97.65457304848246,5.065366103978789,-1.4183797864579921,0,0,-0.011117170799272214,-0.0166948468772129,0.0,0.0,0.0,1.2605534494592263,126055.34494592262
2025-11-26 04:05:10.763715,100.47330779529813,96.89895003109487,5.016127404895428,-1.42446696541088,0,0,-0.007836899465927805,-0.00773771256992184,0.0,0.0,0.0,1.2605534494592263,126055.34494592262
2025-11-26 04:20:10.763715,101.07511186112026,97.62262710718285,4.905022061747076,-1.47422694657279,0,0,0.005989690983880358,0.00746836860312472,0.0,0.0,0.0,1.2605534494592263,126055.34494592262
2025-11-26 04:35:10.763715,99.84883166020943,95.85890632024585,5.4162200611977624,-1.0710687048057377,0,0,-0.01213236550849206,-0.018066721201843494,0.0,0.0,0.0,1.2605534494592263,126055.34494592262
2025-11-26 04:50:10.763715,101.06559721835049,96.89930640066459,5.6080657608382865,-0.9106848125427895,0,0,0.012186077071805634,0.010853452437094901,0.0,0.0,0.0,1.2605534494592263,126055.34494592262
2025-11-26 05:05:10.763715,100.9510376281328,96.56028033548235,5.82748783142047,-0.7275398910412101,0,0,-0.0011335171746938988,-0.003498746046544543,0.0,0.0,0.0,1.2605534494592263,126055.34494592262
2025-11-26 05:20:10.763715,100.71955481134297,96.02851397103723,6.119859171565238,-0.4896359062611654,0,0,-0.002293020678425517,-0.005507092177006845,0.0,0.0,0.0,1.2605534494592263,126055.34494592262
2025-11-26 05:35:10.763715,100.96445461009522,97.06778679977268,5.340949591004204,-1.0691375366881766,0,0,0.002431501997908647,0.010822544114854171,0.0,0.0,0.0,1.2605534494592263,126055.34494592262
2025-11-26 05:50:10.763715,102.03119385132737,97.72657391425082,5.75870388033097,-0.7335483167754662,0,0,0.01056549302773635,0.006786876843468903,0.0,0.0,0.0,1.2605534494592263,126055.34494592262
2025-11-26 06:05:10.763715,101.88579079353696,97.20858441619,6.1235831005307375,-0.4434476738111074,0,0,-0.0014250843521667056,-0.005300395555822068,0.0,0.0,0.0,1.2605534494592263,126055.34494592262
2025-11-26 06:20:10.763715,103.02993907065871,98.92371243862982,5.5781229249485875,-0.8458015495413841,0,0,0.011229713861084623,0.017643791777654627,0.0,0.0,0.0,1.2605534494592263,126055.34494592262
2025-11-26 06:35:10.763715,101.4528799111094,97.34224053335173,5.5590047843271435,-0.8437631703417398,0,0,-0.015306804738259072,-0.015986782807602462,0.0,0.0,0.0,1.2605534494592263,126055.34494592262
2025-11-26 06:50:10.763715,102.35201238671876,98.25558125929325,5.5583862264513755,-0.8279553887952034,0,0,0.008862562367841553,0.009382778955335347,0.0,0.0,0.0,1.2605534494592263,126055.34494592262
2025-11-26 07:05:10.763715,103.17785257941992,99.1435276744738,5.509491851815099,-0.8490429676655207,0,0,0.008068626824657699,0.00903710917792333,0.0,0.0,0.0,1.2605534494592263,126055.34494592262
2025-11-26 07:20:10.763715,102.9682709509754,98.69412078258402,5.742630342980192,-0.6552446263884272,0,0,-0.002031265656388781,-0.004532891883425316,0.0,0.0,0.0,1.2605534494592263,126055.34494592262
2025-11-26 07:35:10.763715,104.19272828190549,99.18803315141615,6.480524279017672,-0.08501529562147908,0,0,0.01189159844699228,0.005004476101673649,0.0,0.0,0.0,1.2605534494592263,126055.34494592262
2025-11-26 07:50:10.763715,102.99278397974133,97.35369333394503,7.0876264597870176,0.3775631604891516,0,0,-0.011516583949290227,-0.018493559748996025,0.0,0.0,0.0,1.2605534494592263,126055.34494592262
2025-11-26 08:05:10.763715,103.6115323016832,98.7223214226632,6.358110653890364,-0.18195415406029644,0,0,0.006007686150746094,0.014058306797087416,0.0,0.0,0.0,1.2605534494592263,126055.34494592262
2025-11-26 08:20:10.763715,103.68089540656317,98.45873664080487,6.687136635013488,0.07523913573492151,0,0,0.0006694535187261597,-0.002669961342681937,0.0,0.0,0.0,1.2605534494592263,126055.34494592262
2025-11-26 08:35:10.763715,103.6168562771113,97.69952505203682,7.371012705471003,0.5974092195081205,0,0,-0.0006176560223631888,-0.007710962121500686,0.0,0.0,0.0,1.2605534494592263,126055.34494592262
2025-11-26 08:50:10.763715,105.25157475370008,99.25892462059261,7.469534083241086,0.661023264638353,0,0,0.01577656894180346,0.015961178600665926,0.0,0.0,0.0,1.2605534494592263,126055.34494592262
2025-11-26 09:05:10.763715,104.76760874201612,98.22558103525569,8.003536429306294,1.0524379523381682,0,0,-0.0045981830943289115,-0.01041058614413537,0.0,0.0,0.0,1.2605534494592263,126055.34494592262
2025-11-26 09:20:10.763715,103.7594510764127,96.18176256101606,9.008787048499798,1.7706988734982037,0,0,-0.009622799238321322,-0.020807395107248605,0.0,0.0,0.0,1.2605534494592263,126055.34494592262
2025-11-26 09:35:10.763715,102.0521085750052,93.97138525334383,9.478933418969788,2.0582081585770227,-1,-1,-0.016454814319999955,-0.02298125183836186,0.0,0.001,-0.001,1.2592928960097671,125929.28960097671
2025-11-26 09:50:10.763715,102.86201026308697,94.83897685279365,9.434152494006682,1.9685529106916855,0,-1,0.007936158295901441,0.009232508354653168,0.001158978598597574,0.0,0.001158978598597574,1.2607523895256083,126075.23895256083
2025-11-26 10:05:10.763715,101.5412128965419,93.04414265180334,9.88148380212543,2.220857657552021,0,-1,-0.012840477870954659,-0.01892506921258963,-0.005803003251878023,0.0,-0.005803003251878023,1.2534362393093783,125343.62393093783
2025-11-26 10:20:10.763715,103.82280447269326,95.53531268177109,9.708971728469592,2.038174100148842,0,-1,0.022469611215655272,0.02677406614718758,0.0039060807931488514,0.0,0.0039060807931488514,1.2583322625291813,125833.22625291813
2025-11-26 10:35:10.763715,100.89984592122771,92.60721036402634,9.670547953251074,1.974314255997529,0,-1,-0.02815333843379597,-0.030649424129675307,-0.002040049699610195,0.0,-0.002040049699610195,1.2557652021749988,125576.52021749987
2025-11-26 10:50:10.763715,102.85447469718649,95.00351109832718,9.264530804869025,1.6538408155335,0,-1,0.01937196987877221,0.02587596284221605,0.006118981798331997,0.0,0.006118981798331997,1.2634492065900864,126344.92065900864
2025-11-26 11:05:10.763715,103.80130686831322,95.31422946611609,9.905267819390659,2.0494062153325157,0,-1,0.009205551570938386,0.0032705987831052052,-0.005983616370161499,0.0,-0.005983616370161499,1.2558892112346665,125588.92112346664
2025-11-26 11:20:10.763715,103.10723206945707,95.18557575863186,9.337932476011332,1.610296825295981,0,-1,-0.006686570909330447,-0.001349784897856976,0.005356869602539943,0.0,0.005356869602539943,1.2626168459744873,126261.68459744874
2025-11-26 11:35:10.763715,103.0122259285829,94.4201618130788,9.996951606314411,2.013752343551727,0,-1,-0.000921430427015757,-0.008041280829082287,-0.0070002033412064225,0.0,-0.0070002033412064225,1.2537782713106331,125377.82713106331
2025-11-26 11:50:10.763715,103.64417201753888,94.99665406296691,10.060983134033364,2.001913121113272,0,-1,0.006134670746694715,0.006105605400564373,-0.0001199112892675486,0.0,-0.0001199112892675486,1.2536279291416645,125362.79291416645
2025-11-26 12:05:10.763715,102.73273963057969,94.95253641383829,9.193011965074163,1.381617283638816,0,-1,-0.008793860467185333,-0.00046441266341212817,0.008336357848501716,0.0,0.008336357848501716,1.2640786201678655,126407.86201678656
2025-11-26 12:20:10.763715,104.30461434855034,96.54668543841368,9.194457169007308,1.3543297749458356,0,-1,0.015300621044693319,0.01678890406494782,0.0012384791557795219,0.0,0.0012384791557795219,1.26564415519021,126564.415519021
2025-11-26 12:35:10.763715,103.2918140575515,96.72192346149771,8.009026239849618,0.5307472230866206,0,-1,-0.009710023830915127,0.0018150599607671403,0.0114980773241547,0.0,0.0114980773241547,1.2801966295514515,128019.66295514515
2025-11-26 12:50:10.763715,103.75087123375725,96.9499260996521,8.243473253067975,0.6759498598079157,0,-1,0.004444274509013635,0.002357300496046877,-0.0021220485342912754,0.0,-0.0021220485342912754,1.2774799901701073,127747.99901701073
2025-11-26 13:05:10.763715,103.61924943253655,96.43222560411441,8.621849027413205,0.9186279802444879,0,-1,-0.0012686332139240086,-0.005339875091865065,-0.003991789316380082,0.0,-0.003991789316380082,1.272380559193457,127238.0559193457
2025-11-26 13:20:10.763715,103.15357445436663,96.35952534631177,8.22779259228497,0.6307891882897912,0,-1,-0.004494097194489899,-0.0007539000302771992,0.0037514145218354787,0.0,0.0037514145218354787,1.2771537861005167,127715.37861005167
2025-11-26 13:35:10.763715,103.56757096794,96.81512948774767,8.192963946228588,0.5947180851783623,0,-1,0.004013399591465516,0.004728169216260403,0.0006444186991153818,0.0,0.0006444186991153818,1.277976807881926,127797.6807881926
2025-11-26 13:50:10.763715,102.14458460037514,94.37259771226239,9.176166667678288,1.2529686057211944,0,-1,-0.013739690467447163,-0.025228823102430353,-0.011113750329934426,0.0,-0.011113750329934426,1.2637736927116796,126377.36927116796
2025-11-26 14:05:10.763715,99.98112370180321,92.49253801988905,8.864791856128122,1.0204787824060781,0,-1,-0.02118037786375193,-0.019921669403501485,0.0015551250687756944,0.0,0.0015551250687756944,1.2657390188624749,126573.90188624749
2025-11-26 14:20:10.763715,100.34001228959863,93.53885697827764,8.192929775059255,0.5502535782535648,0,-1,0.0035895634546558863,0.011312468884393523,0.007554586018706252,0.0,0.007554586018706252,1.2753011531577043,127530.11531577042
2025-11-26 14:35:10.763715,101.24389208329823,93.78828118930926,8.851096566723868,0.9883242937071524,0,-1,0.00900816905514068,0.0026665304568511683,-0.006381314184634208,0.0,-0.006381314184634208,1.2671630558193787,126716.30558193786
2025-11-26 14:50:10.763715,101.88126859051665,93.5391592520732,9.733888299745217,1.558308443098482,0,-1,0.006295456388559328,-0.0026562160440194438,-0.008912150315464419,0.0,-0.008912150315464419,1.255869908191713,125586.9908191713
2025-11-26 15:05:10.763715,101.7656267788764,93.57438421785022,9.583545638288285,1.4265437414390278,0,-1,-0.0011350645043992635,0.00037657988438932755,0.001506041217191441,0.0,0.001506041217191441,1.2577613000368801,125776.13000368801
2025-11-26 15:20:10.763715,102.60148461776683,94.07293622814727,9.928269474533167,1.622197948905568,0,-1,0.008213557616135514,0.0053278684595601256,-0.0029649630701949906,0.0,-0.0029649630701949906,1.2540320842311503,125403.20842311504
2025-11-26 15:35:10.763715,102.39883029805038,93.32369147295724,10.463711818710266,1.92509240639133,0,-1,-0.0019751597208501614,-0.007964509084450788,-0.005870844597581044,0.0,-0.005870844597581044,1.2466698567442487,124666.98567442487
2025-11-26 15:50:10.763715,100.82026532114303,92.2497370616929,9.94312177274108,1.5554565298749563,0,-1,-0.015415849695867179,-0.011507843231592929,0.0040792328707093175,0.0,0.0040792328707093175,1.2517553134028023,125175.53134028023
2025-11-26 16:05:10.763715,100.68508021296734,92.5303881828876,9.531461380838834,1.2695011184160863,0,-1,-0.0013408525334176469,0.00304229724803462,0.004337883121609512,0.0,0.004337883121609512,1.2571852816491973,125718.52816491973
2025-11-26 16:20:10.763715,99.88949829390413,91.1914843895409,10.054861565151114,1.565731118166409,0,-1,-0.007901686301291178,-0.014469881945165297,-0.006352896752748421,0.0,-0.006352896752748421,1.249198513355805,124919.8513355805
2025-11-26 16:35:10.763715,101.10998631388601,91.76081100724579,10.714494037886382,1.922958547892391,0,-1,0.012218381720076943,0.006243199367968577,-0.006068075570318028,0.0,-0.006068075570318028,1.241618282374433,124161.8282374433
2025-11-26 16:50:10.763715,99.00496768662968,89.45597072883172,10.880021728800017,1.965982299347485,0,-1,-0.020819097143594756,-0.025117915296455684,-0.003925086056689751,0.0,-0.003925086056689751,1.2367448237665541,123674.48237665542
2025-11-26 17:05:10.763715,99.69469388832032,90.85673194267764,10.189828789663409,1.519164470470026,0,-1,0.006966581756520984,0.01565866651977932,0.008459097821762105,0.0,0.008459097821762105,1.2472065692113532,124720.65692113532
2025-11-26 17:20:10.763715,101.14192760740329,91.51225098517457,10.991297002836433,1.948806371660105,0,-1,0.014516657433184754,0.0072148648590013575,-0.007409143305146601,0.0,-0.007409143305146601,1.237965837008946,123796.5837008946
2025-11-26 17:35:10.763715,101.00942265535465,91.8735614645764,10.502857547904796,1.6391011834859164,0,-1,-0.0013100892496628047,0.0039482197794518115,0.005199563052909846,0.0,0.005199563052909846,1.2444027184358222,124440.27184358222
2025-11-26 17:50:10.763715,101.96030093305123,93.24716581350549,10.10056947984954,1.391572167610908,0,-1,0.00941375816928458,0.014951029730775334,0.005314813621998109,0.0,0.005314813621998109,1.2510164869550162,125101.64869550162
2025-11-26 18:05:10.763715,104.21268900373958,95.61558036503665,10.019782887528493,1.3374886336539311,0,-1,0.02209083388413413,0.025399319441708146,0.0029305664196107445,0.0,0.0029305664196107445,1.2546826738620658,125468.26738620657
2025-11-26 18:20:10.763715,106.22276784058676,97.09125721697089,10.576141623096703,1.6284516799396886,0,-1,0.019288235013060984,0.015433435077217172,-0.004084435635082914,0.0,-0.004084435635082914,1.2495580032382225,124955.80032382226
2025-11-26 18:35:10.763715,103.94732581384442,94.45638738455486,10.896364924177362,1.7749607258201257,0,-1,-0.021421415323663928,-0.027138075125836103,-0.005312869536016576,0.0,-0.005312869536016576,1.2429192645893323,124291.92645893323
2025-11-26 18:50:10.763715,102.24698229714575,92.66997856670879,10.955850061157776,1.7827282056488047,0,-1,-0.016357741802263903,-0.018912525317882012,-0.0022733820677861734,0.0,-0.0022733820677861734,1.240093634221509,124009.3634221509
2025-11-26 19:05:10.763715,101.45557546234132,91.81468807520893,11.007007760923614,1.7808878118178995,0,-1,-0.007740148579685968,-0.00922942364645285,-0.00135194950430958,0.0,-0.00135194950430958,1.2384170902474256,123841.70902474257
2025-11-26 19:20:10.763715,101.30862110222176,91.85981375426509,10.815599151459566,1.646233119583798,0,-1,-0.001448460170373811,0.000491486493089166,0.0019326337843830815,0.0,0.0019326337843830815,1.2408104969551952,124081.04969551951
2025-11-26 19:35:10.763715,102.07465060862134,92.58512917629017,10.867105280072579,1.6395871923666323,0,-1,0.007561345698572364,0.007895894759436084,0.00021706521458259714,0.0,0.00021706521458259714,1.241079833751973,124107.9833751973
2025-11-26 19:50:10.763715,99.66032390488496,91.59185783909865,9.431270925123073,0.8621930492691015,0,-1,-0.02365255907652808,-0.010728195186726408,0.013083989831204323,0.0,0.013083989831204323,1.2573181096764965,125731.81096764965
2025-11-26 20:05:10.763715,99.63245006191057,91.85799766483295,9.141217178795372,0.6979162444114261,0,-1,-0.00027968846459891505,0.0029057148966431523,0.003142168924531012,0.0,0.003142168924531012,1.261268815568972,126126.88155689719
2025-11-26 20:20:10.763715,98.66017425516367,90.83213539094943,9.179539733562024,0.7067852945152766,0,-1,-0.009758625890889383,-0.011167914606920126,-0.001243120143255361,0.0,-0.001243120143255361,1.2597009068982783,125970.09068982783
2025-11-26 20:35:10.763715,97.18683185778353,90.01176373423122,8.514362596975658,0.34536438037020306,0,-1,-0.014933506944450059,-0.00903173368309862,0.006036157374109419,0.0,0.006036157374109419,1.2673046598166247,126730.46598166246
2025-11-26 20:50:10.763715,95.51920692817765,88.14123344686443,8.689436138401561,0.4274698019669037,0,-1,-0.017158959683408193,-0.020780953619459308,-0.0033127919475511997,0.0,-0.0033127919475511997,1.26310634314449,126310.634314449
2025-11-26 21:05:10.763715,94.18437803324835,86.93771605028188,8.540217378480975,0.3399499038239727,0,-1,-0.01397445537768105,-0.013654419725225297,0.0005232011956817703,0.0,0.0005232011956817703,1.2637672018934965,126376.72018934964
2025-11-26 21:20:10.763715,93.33284274218208,85.20129947033452,9.399262342946173,0.7801942340800436,0,-1,-0.009041152140598752,-0.019973110162487706,-0.01063477602091542,0.0,-0.01063477602091542,1.2503273207587802,125032.73207587801
2025-11-26 21:35:10.763715,92.83155294804372,83.97159500246339,10.10938011492479,1.135076245466465,0,-1,-0.005370990311771573,-0.01443293090030029,-0.008847191495875149,0.0,-0.008847191495875149,1.2392654355195027,123926.54355195028
2025-11-26 21:50:10.763715,93.72462660820842,85.31780903352545,9.676270203792328,0.8912903921808033,0,-1,0.009620367556110399,0.01603177873449435,0.0061728726611113595,0.0,0.0061728726611113595,1.2469152632462814,124691.52632462814
2025-11-26 22:05:10.763715,92.37748432823649,84.11982164103007,9.50929033625276,0.7918046089582265,0,-1,-0.014373407808849548,-0.01404146925555283,0.0005408630470799033,0.0,0.0005408630470799033,1.2475896736350114,124758.96736350114
2025-11-26 22:20:10.763715,95.44422338778062,87.51655377872609,9.229837591841559,0.6345423438181692,0,-1,0.033197906198088045,0.040379687824245725,0.006580968015825035,0.0,0.006580968015825035,1.255800021374077,125580.0021374077
2025-11-26 22:35:10.763715,95.7290990293409,88.17537508876781,8.865694594732247,0.4376162670877871,0,-1,0.0029847342400477483,0.007527962215096551,0.0044312186356852586,0.0,0.0044312186356852586,1.2613647458314836,126136.47458314836
2025-11-26 22:50:10.763715,95.96945590047937,88.42902668232043,8.856173980982646,0.4236983106708342,0,-1,0.0025108026041777975,0.002876671557078936,0.0003230666550856497,0.0,0.0003230666550856497,1.2617722507207625,126177.22507207625
2025-11-26 23:05:10.763715,94.42581959491693,87.30649905757842,8.418363093898137,0.1899764657329945,0,-1,-0.01608466246972573,-0.012694108109712277,0.003579431325990633,0.0,0.003579431325990633,1.266288677841258,126628.8677841258
2025-11-26 23:20:10.763715,94.67052187702643,88.2372803460933,7.746133279908918,-0.16284594949915096,0,-1,0.0025914763902421534,0.01066107676475525,0.007910973095150623,0.0,0.007910973095150623,1.276306253502354,127630.6253502354
2025-11-26 23:35:10.763715,94.22725275319716,87.48741775833803,8.041569459742888,-0.00940394043428992,0,-1,-0.00468222964277154,-0.008498251360582354,-0.0036895753444834787,0.0,-0.0036895753444834787,1.2715972254174217,127159.72254174217
2025-11-26 23:50:10.763715,94.64688258467062,87.65644442518155,8.294687589877043,0.11739707602720588,0,-1,0.004453380728105971,0.0019320111528542405,-0.002550116171832706,0.0,-0.002550116171832706,1.2683545047688272,126835.45047688272
2025-11-27 00:05:10.763715,97.44472175226599,91.09713923198447,7.703026409574804,-0.19842070506320444,0,-1,0.02956081691430712,0.0392520462056809,0.009107193978955673,0.0,0.009107193978955673,1.2799056552778392,127990.56552778391
2025-11-27 00:20:10.763715,97.7313108445561,90.97506907514537,8.109869364037166,0.009553487180698917,0,-1,0.0029410427485103696,-0.0013399998931716839,-0.004261104642726588,0.0,-0.004261104642726588,1.2744518433478829,127445.18433478828
2025-11-27 00:35:10.763715,98.86189394742098,92.566249842099,7.672947045469812,-0.22698074822798026,0,-1,0.011568279327216713,0.01749029468325336,0.00566177542698703,0.0,0.00566177542698703,1.281667503477428,128166.75034774281
2025-11-27 00:50:10.763715,98.02831695226652,91.60418480599152,7.787120419845067,-0.1724944201865285,0,-1,-0.008431732003817305,-0.010393259289952717,-0.0018068848910703754,0.0,-0.0018068848910703754,1.279351677830019,127935.16778300189
2025-11-27 01:05:10.763715,98.3513095755262,91.56527710734119,8.148441830026044,0.007808636075049253,0,-1,0.0032948910406873644,-0.0004247371310900361,-0.003713308463455651,0.0,-0.003713308463455651,1.2746010504169965,127460.10504169964
2025-11-27 01:20:10.763715,100.61673158678119,94.03942774921956,7.976526346302762,-0.09218269563217658,0,-1,0.023033979120687942,0.027020620917009186,0.003584599143657885,0.0,0.003584599143657885,1.2791699842508266,127916.99842508267
2025-11-27 01:35:10.763715,99.95275257150686,93.16849542280507,8.170520964011075,-0.00026324429839427477,0,-1,-0.006599091471199747,-0.009261352894841646,-0.0025244607825489415,0.0,-0.0025244607825489415,1.2759407697913716,127594.07697913716
2025-11-27 01:50:10.763715,102.070806445938,95.74576152003351,7.7496561537892035,-0.2362273610385195,0,-1,0.021190550734617064,0.02766242049453127,0.006060277704022191,0.0,0.006060277704022191,1.283673325190191,128367.33251901911
2025-11-27 02:05:10.763715,102.89693436571044,96.77731716380381,7.55957705440899,-0.3461866230874901,0,-1,0.008093674857070798,0.01077390400779743,0.0025199231029811257,0.0,0.0025199231029811257,1.2869080832590183,128690.80832590183
2025-11-27 02:20:10.763715,101.98277573577843,95.97383846750172,7.436942076984494,-0.421336361063343,0,-1,-0.008884216381830679,-0.008302345217341967,0.0007054026297632927,0.0,0.0007054026297632927,1.2878158716052128,128781.58716052129
2025-11-27 02:35:10.763715,102.44732326726621,96.89827864049172,6.990804277775453,-0.6683553066877126,0,0,0.004555156771682167,0.009632210066319535,0.004933734630792894,0.001,0.003933734630792894,1.292881797497431,129288.1797497431
2025-11-27 02:50:10.763715,103.70132613635485,98.33205535479328,6.832363746675313,-0.7560207371405602,0,0,0.012240464944283325,0.014796720173132272,0.0,0.0,0.0,1.292881797497431,129288.1797497431
2025-11-27 03:05:10.763715,103.7975287842901,99.26342953882715,6.011050224747464,-1.199040669727921,0,0,0.000927689659520281,0.009471724969780881,0.0,0.0,0.0,1.292881797497431,129288.1797497431
2025-11-27 03:20:10.763715,101.39116330978672,96.96245578639335,5.871422072879383,-1.2726862732430944,0,0,-0.02318326363534373,-0.02318047807862389,0.0,0.0,0.0,1.292881797497431,129288.1797497431
2025-11-27 03:35:10.763715,100.29475894762939,95.92021883919666,5.8017471050670935,-1.3211786075458063,0,0,-0.010813608665356966,-0.010748871186727293,0.0,0.0,0.0,1.292881797497431,129288.1797497431
2025-11-27 03:50:10.763715,99.87952381467449,95.57430546636763,5.727278463586018,-1.3686968387947411,0,0,-0.004140147873247568,-0.003606261297307234,0.0,0.0,0.0,1.292881797497431,129288.1797497431
2025-11-27 04:05:10.763715,99.71233145532304,95.47720340812047,5.6557433707725835,-1.4289815666163388,0,0,-0.0016739402929240033,-0.001015984973925077,0.0,0.0,0.0,1.292881797497431,129288.1797497431
2025-11-27 04:20:10.763715,100.58855429351019,96.37989219653905,5.642708621701928,-1.455810056493573,0,0,0.008787507276166284,0.009454495483701919,0.0,0.0,0.0,1.292881797497431,129288.1797497431
2025-11-27 04:35:10.763715,101.13045570940089,96.64680113568387,5.92167246454791,-1.3241294214641985,0,0,0.0053873069326504375,0.002769342578227141,0.0,0.0,0.0,1.292881797497431,129288.1797497431
2025-11-27 04:50:10.763715,99.79015146065069,94.7396821311666,6.460110996619903,-1.0380457752322165,0,0,-0.013253220697448165,-0.019732872501800003,0.0,0.0,0.0,1.292881797497431,129288.1797497431
2025-11-27 05:05:10.763715,99.99969726134948,95.29105169529824,6.126491118761791,-1.248677258176694,0,0,0.0020998645420577944,0.0058198375984443995,0.0,0.0,0.0,1.292881797497431,129288.1797497431
2025-11-27 05:20:10.763715,100.26649462558062,96.17742822105245,5.520100446532396,-1.6146233288919092,0,0,0.0026679817193231425,0.009301781331876535,0.0,0.0,0.0,1.292881797497431,129288.1797497431
2025-11-27 05:35:10.763715,100.58022867436307,96.99811574282408,5.02535806925691,-1.893575194086048,0,0,0.003129001866017278,0.008533057464225058,0.0,0.0,0.0,1.292881797497431,129288.1797497431
2025-11-27 05:50:10.763715,101.93044719017584,98.59329565055486,4.804131526495368,-2.000796077689326,1,1,0.013424293557575906,0.016445473146717182,0.0,0.001,-0.001,1.2915889156999334,129158.89156999334
2025-11-27 06:05:10.763715,103.02961156901283,99.84431233882086,4.6708932255831,-2.0471165160661853,0,1,0.010783474507731983,0.012688658797855634,-0.0017163884050291345,0.0,-0.0017163884050291345,1.289372047460962,128937.2047460962
2025-11-27 06:20:10.763715,103.40085702339593,100.54443784391398,4.3524304156955225,-2.180802376314318,0,1,0.00360328888685002,0.00701217213773031,-0.003304548406176165,0.0,-0.003304548406176165,1.2851112551165569,128511.12551165569
2025-11-27 06:35:10.763715,102.76768117231411,100.4487163014161,3.8135518562410766,-2.4315764151325134,0,1,-0.006123506799741052,-0.0009520322013882865,-0.005185639985330462,0.0,-0.005185639985330462,1.2784471308064262,127844.71308064263
2025-11-27 06:50:10.763715,100.33374159249773,97.9868119521731,3.8048856926401697,-2.377161314784665,0,1,-0.023683900931220858,-0.024509067312075694,0.00046049339770184647,0.0,0.00046049339770184647,1.2790358472694736,127903.58472694736
2025-11-27 07:05:10.763715,101.1733289507063,98.63016727853969,4.010690275861052,-2.2119791745614585,0,1,0.008367946264961734,0.00656573383243253,0.0018999046748644308,0.0,0.0018999046748644308,1.28146589345502,128146.589345502
2025-11-27 07:20:10.763715,101.89886577383308,98.94780474381724,4.423315794871314,-1.9669377514319304,0,1,0.007171226158627864,0.003220489978289498,0.003998654188504204,0.0,0.003998654188504204,1.2865900324173092,128659.00324173091
2025-11-27 07:35:10.763715,102.11837944064354,99.36164448773825,4.235147282715872,-2.034330045978317,0,1,0.002154230718305339,0.004182404500963521,-0.0019659433474197357,0.0,-0.0019659433474197357,1.2840606693022218,128406.06693022218
2025-11-27 07:50:10.763715,100.24434810678524,97.48660073624144,4.208260727713181,-2.017249595679629,0,1,-0.018351557712953936,-0.018870900951404757,0.00023856112393344509,0.0,0.00023856112393344509,1.2843669962586894,128436.69962586895
2025-11-27 08:05:10.763715,98.41883210292815,95.92811338985653,3.918043173553272,-2.127187942412224,0,1,-0.018210662629203345,-0.015986682627303184,-0.0024618475294639827,0.0,-0.0024618475294639827,1.281205080542025,128120.5080542025
2025-11-27 08:20:10.763715,99.99908058622133,97.46529685049737,3.983980110142923,-2.0549314045372165,0,1,0.016056362888359876,0.016024327033240526,0.00027046349774741824,0.0,0.00027046349774741824,1.2815515997494402,128155.15997494402
2025-11-27 08:35:10.763715,99.65884692762832,97.41722641619721,3.691101640816285,-2.1421753641296712,0,1,-0.0034023678677690405,-0.000493205641941441,-0.0029165006843035798,0.0,-0.0029165006843035798,1.2778139536318005,127781.39536318005
2025-11-27 08:50:10.763715,101.05004517667123,98.42802476781232,4.086541312934656,-1.9011433744973165,0,1,0.013959606115583556,0.010375971363592917,0.003738019918186135,0.0,0.003738019918186135,1.2825904476422125,128259.04476422125
2025-11-27 09:05:10.763715,100.32902372435404,98.47969095308848,3.3146224219310056,-2.206867243030799,0,1,-0.007135290746843159,0.0005249133607836409,-0.007652393866676524,0.0,-0.007652393866676524,1.2727755603672175,127277.55603672175
2025-11-27 09:20:10.763715,100.36167040782837,98.53350925376907,3.2942515728652637,-2.1522146300057527,0,1,0.0003253962040339342,0.0005464913644603886,-0.00021296385809627854,0.0,-0.00021296385809627854,1.272504505173391,127250.4505173391
2025-11-27 09:35:10.763715,102.010737414101,99.94009364062606,3.5576629089015768,-1.9744415622332236,0,1,0.016431243118727457,0.014275188182270027,0.002368456958664689,0.0,0.002368456958664689,1.275518377323601,127551.8377323601
2025-11-27 09:50:10.763715,101.5266076871217,99.17939410129422,3.822914193022953,-1.808450525904052,0,1,-0.004745870280439601,-0.007611555198929754,0.0027524317903525617,0.0,0.0027524317903525617,1.2790291546545256,127902.91546545256
2025-11-27 10:05:10.763715,103.15319755013878,99.33242799136944,5.298747173266094,-1.137206114545681,0,1,0.01602131598870926,0.0015430008568002584,0.014501273603493915,0.0,0.014501273603493915,1.2975767063730164,129757.67063730163
2025-11-27 10:20:10.763715,102.74601856910346,98.65589173305112,5.558038196603533,-1.004352335106974,0,1,-0.003947322920721086,-0.006810829776325411,0.002762167805013198,0.0,0.002762167805013198,1.3011608309758949,130116.08309758948
2025-11-27 10:35:10.763715,101.69330833181013,98.02480029332789,5.127029323310211,-1.1684639222706097,0,1,-0.010245752117249318,-0.006396895599817598,-0.003944036597995387,0.0,-0.003944036597995387,1.2960290050386478,129602.90050386479
2025-11-27 10:50:10.763715,101.29549027080176,97.58101236195273,5.166396026499683,-1.1282590185139814,0,1,-0.003911939414050214,-0.004527302581052717,0.0005480009570560124,0.0,0.0005480009570560124,1.2967392301737812,129673.92301737813
2025-11-27 11:05:10.763715,100.79639099787065,97.91648638316266,4.336814285506165,-1.454026201569218,0,1,-0.004927161827212978,0.003437902652265734,-0.008313911565333603,0.0,-0.008313911565333603,1.2859582548908177,128595.82548908178
2025-11-27 11:20:10.763715,100.21093074641101,97.22556645672272,4.431993690434325,-1.3819360141579684,0,1,-0.005808345374905377,-0.007056216495925582,0.0011428809356909299,0.0,0.0011428809356909299,1.287427952064427,128742.7952064427
2025-11-27 11:35:10.763715,101.66777757815136,99.08420539447741,4.057856468116896,-1.5060044008337317,0,1,0.014537803619716572,0.019116771498389973,-0.004294527430499469,0.0,-0.004294527430499469,1.2818990574094944,128189.90574094944
2025-11-27 11:50:10.763715,101.00316820103772,97.77324182371548,4.684704697296311,-1.214359658830612,0,1,-0.006537069983680421,-0.013230802684874643,0.006496870200342361,0.0,0.006496870200342361,1.290227389195425,129022.7389195425
2025-11-27 12:05:10.763715,100.57173371658821,97.50931032505618,4.513274647055283,-1.260026032711558,0,1,-0.00427149456926712,-0.002699424645601578,-0.0016122349460947396,0.0,-0.0016122349460947396,1.2881472395101556,128814.72395101556
2025-11-27 12:20:10.763715,100.01666025515807,96.87794605332641,4.580171322135627,-1.2064667690713358,0,1,-0.005519179603628355,-0.00647491269936229,0.0008593921905633729,0.0,0.0008593921905633729,1.2892542631880863,128925.42631880863
2025-11-27 12:35:10.763715,101.8285610475792,99.01353583053508,4.288258001633039,-1.301103038604465,0,1,0.018115989754093897,0.022044127319061246,-0.0036001406825039543,0.0,-0.0036001406825039543,1.2846127664650913,128461.27664650913
2025-11-27 12:50:10.763715,103.09687294543464,99.31582143301647,5.258782036191434,-0.8775469930377555,0,1,0.012455365025366705,0.003052972504676177,0.00944781801879652,0.0,0.00944781801879652,1.2967495541072762,129674.95541072762
2025-11-27 13:05:10.763715,104.48017023124656,100.87504332572628,5.106057255373074,-0.9231767607780829,0,1,0.0134174514346721,0.01569963244739836,-0.0020485845348963017,0.0,-0.0020485845348963017,1.2940930530250982,129409.30530250982
2025-11-27 13:20:10.763715,103.36154646011988,98.66192928438318,6.167618369647414,-0.46736650909980854,0,1,-0.010706565357338382,-0.021939163229867886,0.010906162761758303,0.0,0.010906162761758303,1.3082066424902508,130820.66424902508
2025-11-27 13:35:10.763715,104.17260527420555,99.06784361598774,6.578802494042506,-0.289010313274607,0,1,0.007846813847726342,0.004114194143057581,0.003793835230837728,0.0,0.003793835230837728,1.3131697629397463,131316.97629397464
2025-11-27 13:50:10.763715,105.68459311355768,100.408751160867,6.76983429251581,-0.20287586704333355,0,1,0.014514255790879282,0.013535245100084747,0.001180403022273539,0.0,0.001180403022273539,1.3147198324966787,131471.98324966786
2025-11-27 14:05:10.763715,105.98150345290807,100.54281194110735,6.934678556035919,-0.12684838497591533,0,1,0.0028094004111967052,0.001335150359808468,0.0014941158936281518,0.0,0.0014941158936281518,1.3166841762940802,131668.417629408
2025-11-27 14:20:10.763715,107.70363160577494,102.1728341613195,7.051037760268926,-0.07307527982447087,0,1,0.01624932744638863,0.016212220334228755,0.0002783304389204072,0.0,0.0002783304389204072,1.3170506495787877,131705.06495787876
2025-11-27 14:35:10.763715,105.96721688674023,101.39324840159757,6.082609262670928,-0.4713246684501758,0,1,-0.016122155707715358,-0.007630068854614036,-0.008605615447863632,0.0,-0.008605615447863632,1.3057166181631537,130571.66181631536
2025-11-27 14:50:10.763715,107.91340967794953,103.56989685796158,5.884540178194726,-0.5418512054583816,0,1,0.018365989486063716,0.021467390488790317,-0.002781985448051451,0.0,-0.002781985448051451,1.302084133532145,130208.41335321449
2025-11-27 15:05:10.763715,111.82212762338071,107.21435932425982,6.203021996610659,-0.39718649374451426,0,1,0.03622087335666735,0.035188433867964,0.001556011886939393,0.0,0.001556011886939393,1.304110191921716,130411.01919217159
2025-11-27 15:20:10.763715,111.256544679778,106.6430855994188,6.2002127361794095,-0.3900495306581536,0,1,-0.0050578803643193115,-0.005328332216333553,0.0001911710381089669,0.0,0.0001911710381089669,1.3043595000209143,130435.95000209143
2025-11-27 15:35:10.763715,109.89197613460415,105.9434088059919,5.524910420037941,-0.6613855510886342,0,1,-0.012265063139443977,-0.006560920377483126,-0.005801763384395029,0.0,-0.005801763384395029,1.2967919148336051,129679.19148336051
2025-11-27 15:50:10.763715,112.13203119113963,108.28924477469695,5.454033447288111,-0.6759824154228962,0,1,0.020384154833940737,0.022142349346157664,-0.0014287361739104137,0.0,-0.0014287361739104137,1.2949391413148479,129493.9141314848
2025-11-27 16:05:10.763715,115.49833393478647,110.89673153077904,6.2516465037810605,-0.3253830251369077,0,1,0.030020884379670765,0.024078907942401306,0.006300249034044091,0.0,0.006300249034044091,1.3030975803890625,130309.75803890625
2025-11-27 16:20:10.763715,115.30187853318859,110.04138488831805,6.897810952238544,-0.03727639586151688,0,1,-0.0017009371036366128,-0.007713001372124162,0.0058973017120988866,0.0,0.0058973017120988866,1.3107823399809229,131078.2339980923
2025-11-27 16:35:10.763715,114.5863185917669,109.36093247539769,6.852578900916598,-0.04167338948731468,0,1,-0.006205969499583852,-0.0061836045921355165,-0.00011437140873782076,0.0,-0.00011437140873782076,1.3106324239581506,131063.24239581506
2025-11-27 16:50:10.763715,114.59951308268553,108.91055509581511,7.309449559149471,0.16983022047538682,0,1,0.00011514892075070726,-0.0041182657223949315,0.004172138535520666,0.0,0.004172138535520666,1.3161005640000494,131610.05640000495
2025-11-27 17:05:10.763715,112.30402038942646,106.74685520529721,7.145462838799119,0.10911607682763853,0,1,-0.02003056236026801,-0.019866760284293572,-0.0004594016859558875,0.0,-0.0004594016859558875,1.3154959451820603,131549.59451820602
2025-11-27 17:20:10.763715,110.02954504328106,105.29652451528423,6.299738560213058,-0.2500053224624321,0,1,-0.020252839909545517,-0.013586636226647353,-0.0068683606683394155,0.0,-0.0068683606683394155,1.3064606445728117,130646.06445728117
2025-11-27 17:35:10.763715,108.08187544088344,103.7327937040792,5.892532854269717,-0.41594215747269847,0,1,-0.017701332870471265,-0.014850735277383786,-0.0030715632408887944,0.0,-0.0030715632408887944,1.302447768081274,130244.77680812741
2025-11-27 17:50:10.763715,107.76783414073475,102.55521516376089,6.7385487798284345,-0.014960901743757953,0,1,-0.002905587073389171,-0.011352037270659143,0.008277542044069238,0.0,0.008277542044069238,1.313228834241771,131322.8834241771
2025-11-27 18:05:10.763715,107.57288105731959,102.51212299982153,6.586046687525695,-0.06943214648967105,0,1,-0.0018090099422483075,-0.0004201850083445091,-0.001395076910713771,0.0,-0.001395076910713771,1.3113967790166368,131139.67790166367
2025-11-27 18:20:10.763715,107.79438633854197,102.88319192748925,6.442004214574425,-0.11774154957019863,0,1,0.002059118237284663,0.003619756540095942,-0.0015067795655955246,0.0,-0.0015067795655955246,1.3094207931476267,130942.07931476267
2025-11-27 18:35:10.763715,109.95151040916183,105.31457178972994,6.203925178937467,-0.21411550203820517,0,1,0.020011469464143783,0.023632430299735496,-0.003269331426490805,0.0,-0.003269331426490805,1.3051398625980888,130513.98625980888
2025-11-27 18:50:10.763715,109.43120218963156,103.75957899618169,7.2154728520859095,0.29325649089985917,0,1,-0.0047321607278885125,-0.014765219732867929,0.009813365751934191,0.0,0.009813365751934191,1.317947677427193,131794.7677427193
2025-11-27 19:05:10.763715,111.67739672450108,105.31346866392003,7.930898206562006,0.6624883796049506,0,0,0.020526088445753654,0.01497586712254817,0.005773048820855367,0.001,0.004773048820855367,1.324238306034886,132423.8306034886
2025-11-27 19:20:10.763715,112.39465814799713,104.98647011808934,8.970292730228323,1.202017095961489,0,0,0.006422619478366531,-0.0031050021424535723,0.0,0.0,0.0,1.324238306034886,132423.8306034886
2025-11-27 19:35:10.763715,112.1182536885376,104.91909508917472,8.760260819561609,1.1273462368573828,0,0,-0.0024592312838886965,-0.0006417496353466889,0.0,0.0,0.0,1.324238306034886,132423.8306034886
2025-11-27 19:50:10.763715,113.16792372410674,105.99710925642385,8.747956573742883,1.1548981361862058,0,0,0.009362168969248241,0.01027471849936279,0.0,0.0,0.0,1.324238306034886,132423.8306034886
2025-11-27 20:05:10.763715,110.61434537573383,104.23740022785826,7.92790435873367,0.7618627033936428,0,0,-0.022564506481521196,-0.016601481313123112,0.0,0.0,0.0,1.324238306034886,132423.8306034886
2025-11-27 20:20:10.763715,111.8529890221457,104.84752358713843,8.565502735320479,1.13970690838367,0,0,0.01119785722371236,0.005853209672789905,0.0,0.0,0.0,1.324238306034886,132423.8306034886
2025-11-27 20:35:10.763715,111.41569625527748,105.12014368133205,7.859646217233703,0.7908157890925139,0,0,-0.003909531347272677,0.002600157684859994,-0.0,0.0,-0.0,1.324238306034886,132423.8306034886
2025-11-27 20:50:10.763715,112.19697154209112,105.9101073579983,7.862711779781009,0.8103579981316738,0,0,0.00701225512268544,0.007514864886990491,0.0,0.0,0.0,1.324238306034886,132423.8306034886
2025-11-27 21:05:10.763715,112.01667418279001,106.3811309181193,7.2183992693129255,0.4598450418922701,0,0,-0.0016069717107601855,0.004447390073251789,-0.0,0.0,-0.0,1.324238306034886,132423.8306034886
2025-11-27 21:20:10.763715,115.47645270048581,110.38317504611297,6.735680493347104,0.19875104722852882,0,0,0.03088628137673588,0.03761986823653918,0.0,0.0,0.0,1.324238306034886,132423.8306034886
2025-11-27 21:35:10.763715,114.03922991228968,109.34320688575785,6.322952070171837,-0.029198236235526937,0,0,-0.0124460247486462,-0.00942143727901168,0.0,0.0,0.0,1.324238306034886,132423.8306034886
2025-11-27 21:50:10.763715,112.91335710231867,108.48660055829247,6.040940052275275,-0.18094866662092599,0,0,-0.009872679873732526,-0.007834106496989568,0.0,0.0,0.0,1.324238306034886,132423.8306034886
2025-11-27 22:05:10.763715,111.70260631184468,107.48803728428989,5.813894808116359,-0.30185590790172834,0,0,-0.010722830509563575,-0.009204484875217633,0.0,0.0,0.0,1.324238306034886,132423.8306034886
2025-11-27 22:20:10.763715,110.61185847698323,106.60681108133151,5.591261319112661,-0.41910563966777453,0,0,-0.009764748297961479,-0.00819836537369889,0.0,0.0,0.0,1.324238306034886,132423.8306034886
2025-11-27 22:35:10.763715,110.10811711318775,105.60298063691076,6.076414301269338,-0.1026027912106097,0,0,-0.004554135250338542,-0.009416194277258039,0.0,0.0,0.0,1.324238306034886,132423.8306034886
2025-11-27 22:50:10.763715,111.38196878119807,107.51408310001361,5.467599000169983,-0.46758140766379785,0,0,0.011569098640573872,0.018097050401197468,0.0,0.0,0.0,1.324238306034886,132423.8306034886
2025-11-27 23:05:10.763715,113.74016594631041,109.84051040887115,5.533984012358999,-0.40880119088827205,0,0,0.02117216270206934,0.021638349523879663,0.0,0.0,0.0,1.324238306034886,132423.8306034886
2025-11-27 23:20:10.763715,113.5003733887828,108.91504927120141,6.205882559167392,0.05176039521634361,0,0,-0.0021082487046906184,-0.008425499246360046,0.0,0.0,0.0,1.324238306034886,132423.8306034886
2025-11-27 23:35:10.763715,111.96862287110913,107.57441926450679,5.99481467370768,-0.0713396242737664,0,0,-0.013495554877399618,-0.01230895101884788,0.0,0.0,0.0,1.324238306034886,132423.8306034886
2025-11-27 23:50:10.763715,112.356520477491,108.34863324371422,5.6200179118816465,-0.30965015789222805,0,0,0.0034643420311455397,0.0071970082153431925,0.0,0.0,0.0,1.324238306034886,132423.8306034886
2025-11-28 00:05:10.763715,111.43110774023347,107.46559694911497,5.564502679579363,-0.3326629599214856,0,0,-0.008236395478648961,-0.008149953240416008,0.0,0.0,0.0,1.324238306034886,132423.8306034886
2025-11-28 00:20:10.763715,113.03821575676854,108.50158110099227,6.151041061091405,0.09055056184758217,0,0,0.01442243597076609,0.00964014699855853,0.0,0.0,0.0,1.324238306034886,132423.8306034886
2025-11-28 00:35:10.763715,113.46175039063058,108.84323005249401,6.238010174034713,0.16644958262709975,0,0,0.0037468269560569922,0.00314879237735477,0.0,0.0,0.0,1.324238306034886,132423.8306034886
2025-11-28 00:50:10.763715,110.87879821876193,106.40711328141317,6.054927536299559,0.0524641834011294,0,0,-0.022764959671219276,-0.022381886038350007,0.0,0.0,0.0,1.324238306034886,132423.8306034886
2025-11-28 01:05:10.763715,113.51541127484394,108.91687829252787,6.219118638102216,0.18346726638260544,0,0,0.02377923551155403,0.02358644017037803,0.0,0.0,0.0,1.324238306034886,132423.8306034886
2025-11-28 01:20:10.763715,115.7978783500529,111.90196460302712,5.5609148151145575,-0.2814771959781891,0,0,0.020107111885298456,0.027407013102982436,0.0,0.0,0.0,1.324238306034886,132423.8306034886
2025-11-28 01:35:10.763715,115.20186396214962,110.8891819248525,5.962613805692328,0.028002153765155174,0,0,-0.005147023385882354,-0.009050624640661864,0.0,0.0,0.0,1.324238306034886,132423.8306034886
2025-11-28 01:50:10.763715,114.8129277165261,110.25719998506575,6.196256174288493,0.21590302209908105,0,0,-0.0033761280611857014,-0.005699220869128774,0.0,0.0,0.0,1.324238306034886,132423.8306034886
2025-11-28 02:05:10.763715,115.11622012357488,110.74206948943828,6.021893501175498,0.10227911341817801,0,0,0.0026416224468868155,0.0043976221456576425,0.0,0.0,0.0,1.324238306034886,132423.8306034886
2025-11-28 02:20:10.763715,115.24106234325065,111.31017246241701,5.5870856115925704,-0.21396389204993552,0,0,0.001084488524221383,0.005129965293207084,0.0,0.0,0.0,1.324238306034886,132423.8306034886
2025-11-28 02:35:10.763715,115.88332128511871,112.42640333421441,5.129722197879815,-0.5521094567677531,0,0,0.00557317790038292,0.010028111960515451,0.0,0.0,0.0,1.324238306034886,132423.8306034886
2025-11-28 02:50:10.763715,119.47737271547618,115.8796187742831,5.3219389428894885,-0.3864680783877581,0,0,0.03101439784863147,0.030715342105209764,0.0,0.0,0.0,1.324238306034886,132423.8306034886
2025-11-28 03:05:10.763715,119.84145335322155,115.5840157537528,5.97722429281859,0.14719593436465184,0,0,0.0030472768982994225,-0.0025509491975987952,0.0,0.0,0.0,1.324238306034886,132423.8306034886
2025-11-28 03:20:10.763715,118.2248056640767,114.21963481030792,5.704656779958924,-0.05773563245353178,0,0,-0.013489887212732143,-0.011804235512561156,0.0,0.0,0.0,1.324238306034886,132423.8306034886
2025-11-28 03:35:10.763715,116.25686467405555,111.89192248179984,6.0297938425694895,0.21375654961172819,0,0,-0.016645753646767236,-0.020379266072544144,0.0,0.0,0.0,1.324238306034886,132423.8306034886
2025-11-28 03:50:10.763715,114.06681558542913,110.68291336231762,5.030764899930418,-0.5838993069535147,0,0,-0.01883801954204234,-0.01080515101238766,0.0,0.0,0.0,1.324238306034886,132423.8306034886
2025-11-28 04:05:10.763715,113.78687857780002,110.63899152259222,4.794096214366732,-0.7644301184081165,0,0,-0.002454149405261896,-0.00039682583689881756,0.0,0.0,0.0,1.324238306034886,132423.8306034886
2025-11-28 04:20:10.763715,116.71588952855255,113.66902546864995,4.738157411947952,-0.7980628831453205,0,0,0.025741201335001573,0.027386673580073184,0.0,0.0,0.0,1.324238306034886,132423.8306034886
2025-11-28 04:35:10.763715,115.5000757329308,112.8011767102667,4.377279562009733,-1.0720713702961508,0,0,-0.010416866122794133,-0.007634874626620269,0.0,0.0,0.0,1.324238306034886,132423.8306034886
2025-11-28 04:50:10.763715,115.48595227500218,113.19178473381939,3.978359978279528,-1.365555970192838,0,0,-0.00012228094084787422,0.0034628009648869362,-0.0,0.0,-0.0,1.324238306034886,132423.8306034886
2025-11-28 05:05:10.763715,115.23863917777713,113.17522107055949,3.7473640918314715,-1.5162067495147553,0,0,-0.00214149939757291,-0.0001463327334121356,0.0,0.0,0.0,1.324238306034886,132423.8306034886
2025-11-28 05:20:10.763715,117.44333403734045,115.22228154786201,3.935456901638574,-1.3422557969562472,0,0,0.019131559304185863,0.018087532393917582,0.0,0.0,0.0,1.324238306034886,132423.8306034886
2025-11-28 05:35:10.763715,121.6905804243993,119.68545967902583,3.785933253064556,-1.427419917342128,0,0,0.036164218445198903,0.038735373672581286,0.0,0.0,0.0,1.324238306034886,132423.8306034886
2025-11-28 05:50:10.763715,119.78146482023003,118.74805936214103,2.8002702881465638,-2.114316839272898,1,1,-0.015688277576712872,-0.007832198826814296,0.0,0.001,-0.001,1.3229140677288511,132291.40677288512
2025-11-28 06:05:10.763715,118.05859642151324,117.89124051888898,1.9214720352462251,-2.6484568450908816,0,1,-0.014383430702759381,-0.007215434490925432,-0.007275355418410297,0.0,-0.007275355418410297,1.3132893976981088,131328.93976981088
2025-11-28 06:20:10.763715,119.73139223723352,119.76421346739141,1.7491630634103217,-2.64656063821186,0,1,0.014169199587531711,0.015887295275363034,-0.0014817069551011919,0.0,-0.0014817069551011919,1.3113434876634789,131134.3487663479
2025-11-28 06:35:10.763715,121.34367646880587,121.00759284708211,2.1365682874933754,-2.2917909756597057,0,1,0.013465843848017744,0.010381894087495791,0.003238423051547602,0.0,0.003238423051547602,1.315590172642425,131559.01726424252
2025-11-28 06:50:10.763715,123.39131978349597,124.41887589893116,0.8236853886529616,-3.0149134933144928,0,1,0.016874742667093212,0.028190652930018212,-0.010896458581222079,0.0,-0.010896458581222079,1.301254898816364,130125.48988163639
2025-11-28 07:05:10.763715,124.43354350848719,125.52598979055496,0.7752680857327192,-2.893020402956136,0,1,0.008446491429218161,0.008898279168854772,-0.00031938931059334943,0.0,-0.00031938931059334943,1.3008392919113247,130083.92919113247
2025-11-28 07:20:10.763715,123.78213505068365,124.86378782300565,0.7762086229487295,-2.762296482412622,0,1,-0.005234990818686391,-0.0052754172156237455,-3.806708912240577e-05,0.0,-3.806708912240577e-05,1.3007897727460658,130078.97727460657
2025-11-28 07:35:10.763715,125.78582220011823,125.98757212960751,1.6728323703467254,-2.167122080239265,0,1,0.016187207860117736,0.009000081818716144,0.007321039202749641,0.0,0.007321039202749641,1.3103129056668754,131031.29056668754
2025-11-28 07:50:10.763715,127.80772446713932,128.11314539984656,1.6007879947559331,-2.153134574000117,0,1,0.016074166640214438,0.01687129321019376,-0.000546096828770902,0.0,-0.000546096828770902,1.3095973479443932,130959.73479443933
2025-11-28 08:05:10.763715,129.71366692493973,129.7125767496299,1.9310972095816794,-1.919252242921168,0,1,0.01491257641701016,0.012484521746706445,0.002613813178803409,0.0,0.002613813178803409,1.3130203907513762,131302.0390751376
2025-11-28 08:20:10.763715,130.91360083836798,130.7164096907079,2.1421343175485674,-1.76030937936926,0,1,0.00925063597286635,0.007738902165328021,0.0016268817445456588,0.0,0.0016268817445456588,1.3151565196553059,131515.6519655306
2025-11-28 08:35:10.763715,132.02717083745029,132.83799265975597,1.1656886031000226,-2.2342641018851395,0,1,0.00850614444909481,0.016230425652509872,-0.007482786997814371,0.0,-0.007482786997814371,1.3053154835499383,130531.54835499384
2025-11-28 08:50:10.763715,134.86549707358415,135.20196794223187,1.6752133929298623,-1.9090168443420714,0,1,0.021498046334934795,0.01779592746881442,0.003966906337442438,0.0,0.003966906337442438,1.310493547813994,131049.35478139941
2025-11-28 09:05:10.763715,137.8558300936977,138.04809019887253,1.8617719079728943,-1.7733088146592038,0,1,0.02217270602934107,0.02105089371078339,0.0014350307739888872,0.0,0.0014350307739888872,1.3123741463842211,131237.4146384221
2025-11-28 09:20:10.763715,139.57006219162872,139.411884933959,2.232501315721464,-1.5517961747222142,0,1,0.012434962647324355,0.00987912786856926,0.0027028273584770463,0.0,0.0027028273584770463,1.3159212671316263,131592.12671316264
2025-11-28 09:35:10.763715,141.35836986357478,139.0767558749551,4.350951626252709,-0.446469649483158,0,1,0.012812974672825828,-0.002403877253095321,0.015181084384143336,0.0,0.015181084384143336,1.3358983789308403,133589.83789308404
2025-11-28 09:50:10.763715,140.65886664992829,139.39709886992475,3.3358718346576666,-0.9724086094866017,0,1,-0.004948438598447291,0.0023033539497978595,-0.007217520703240419,0.0,-0.007217520703240419,1.3262565047234816,132625.65047234815
2025-11-28 10:05:10.763715,144.04155693357424,141.95701791723044,4.196732374998135,-0.5283521597170627,0,1,0.02404889477792249,0.0183642204038581,0.005957917535571983,0.0,0.005957917535571983,1.3341582316096399,133415.82316096398
2025-11-28 10:20:10.763715,142.30955113781533,140.24210997991625,4.154118221487181,-0.5572327391363515,0,1,-0.01202434792174345,-0.012080473107106915,-0.00012362144104926566,0.0,-0.00012362144104926566,1.3339933010464606,133399.33010464607
2025-11-28 10:35:10.763715,143.25145198867114,141.03391390780996,4.315996478140221,-0.4772062107234982,0,1,0.0066186762822662,0.005645978429781984,0.001056704957715495,0.0,0.001056704957715495,1.3354029383812356,133540.29383812356
2025-11-28 10:50:10.763715,142.49037559423797,140.2182732941574,4.358424695121187,-0.4583961578462847,0,1,-0.005312870367927269,-0.005783294181183396,0.0003843735725574792,0.0,0.0003843735725574792,1.3359162319794649,133591.6231979465
2025-11-28 11:05:10.763715,142.3848814899152,140.29277314743703,4.179539228649588,-0.5463484330783641,0,1,-0.000740359507670818,0.0005313134410329656,-0.0012637674802882105,0.0,-0.0012637674802882105,1.3342279444891,133422.79444891002
2025-11-28 11:20:10.763715,144.73872325195953,143.02340006970672,3.8433833528006005,-0.7132483368537358,0,1,0.016531542797337373,0.019463774655021027,-0.0026426283131470198,0.0,-0.0026426283131470198,1.3307020759468013,133070.20759468013
2025-11-28 11:35:10.763715,145.3638144635806,143.4483069150978,4.04988995254925,-0.5975808000206081,0,1,0.004318755876635327,0.0029708903940472986,0.0013920696723608477,0.0,0.0013920696723608477,1.3325545059496744,133255.45059496743
2025-11-28 11:50:10.763715,144.7594250339737,143.56261592924602,3.332892324604842,-0.9607895909880056,0,1,-0.004157770844396169,0.000796865551127679,-0.004942779749409926,0.0,-0.004942779749409926,1.3259679825226813,132596.79825226814
2025-11-28 12:05:10.763715,142.47556311271444,140.67797960297165,3.8907459231682253,-0.6653290846062986,0,1,-0.015776947999919688,-0.020093227666567848,0.004017310424732978,0.0,0.004017310424732978,1.331294807521732,133129.4807521732
2025-11-28 12:20:10.763715,143.84379709811105,142.27577466858617,3.6849586033152377,-0.767350689294088,0,1,0.009603288841288471,0.01135781925589141,-0.0015855362306374955,0.0,-0.0015855362306374955,1.3291839913707466,132918.39913707465
2025-11-28 12:35:10.763715,144.6733500704581,143.67438330018084,3.1367129885892098,-1.0446400789315724,0,1,0.005767040283156888,0.009830265446472142,-0.003916959612696587,0.0,-0.003916959612696587,1.3239776313587046,132397.76313587045
2025-11-28 12:50:10.763715,149.05491124143327,148.42775371779913,2.8356296389438,-1.183389254347685,0,1,0.030285890033245888,0.033084327967408234,-0.002306172748308369,0.0,-0.002306172748308369,1.3209243102258954,132092.43102258953
2025-11-28 13:05:10.763715,149.145614995076,147.75886572378613,3.5852689319807496,-0.7893569631103476,0,1,0.0006085257633396957,-0.0045064886940534565,0.005047961939454374,0.0,0.005047961939454374,1.3275922858688156,132759.22858688157
2025-11-28 13:20:10.763715,149.4154911032283,148.26021128119075,3.3612590558603586,-0.8951223543863871,0,1,0.0018094806753872206,0.003392998145653081,-0.0015330326949844191,0.0,-0.0015330326949844191,1.3255570434889696,132555.70434889695
2025-11-28 13:35:10.763715,150.2083031974553,148.83073739111396,3.592033957992925,-0.7714749327497533,0,1,0.005306090341591574,0.00384814040795578,0.0015152068183753192,0.0,0.0015152068183753192,1.3275655365594095,132756.55365594095
2025-11-28 13:50:10.763715,153.301765565756,152.40957490685426,3.1599087093139246,-0.9772250862240118,0,1,0.020594483144078968,0.024046360170449477,-0.0030940887113084965,0.0,-0.0030940887113084965,1.323457931019219,132345.79310192188
2025-11-28 14:05:10.763715,153.56273351295215,152.20709121469272,3.6203475725785665,-0.7330247329715565,0,1,0.0017023153401596325,-0.001328549681247293,0.00301109739135563,0.0,0.00301109739135563,1.3274429917428796,132744.29917428797
2025-11-28 14:20:10.763715,154.57816082953258,152.86074730957174,3.9918446118739723,-0.5332784036596006,0,1,0.006612459242885116,0.004294518012679216,0.0023818398141441125,0.0,0.0023818398141441125,1.3306047483116195,133060.47483116193
2025-11-28 14:35:10.763715,156.87931384649153,154.27640114597457,4.898407454341793,-0.06419996102745272,0,1,0.014886663191035376,0.009261068399305072,0.005763391199784333,0.0,0.005763391199784333,1.33827354400843,133827.354400843
2025-11-28 14:50:10.763715,157.20121673962066,154.72431851836356,4.779057584645216,-0.11535512153257306,0,1,0.00205191420867723,0.002903343408725112,-0.0008082300489542908,0.0,-0.0008082300489542908,1.3371919111164419,133719.19111164418
2025-11-28 15:05:10.763715,156.5584717859805,153.70703783556317,5.138457087829266,0.07818218442046194,0,1,-0.004088676709829708,-0.006574795045419135,0.0023882912705157936,0.0,0.0023882912705157936,1.3403855148847656,134038.55148847657
2025-11-28 15:20:10.763715,157.02105139612016,154.17060113291052,5.144370807543339,0.09155635843526087,0,1,0.002954676325481964,0.003015888562261315,-1.633851454207417e-05,0.0,-1.633851454207417e-05,1.3403636149765388,134036.36149765388
2025-11-28 15:35:10.763715,160.0337130876586,156.68920620301546,5.6759020179771085,0.36902285437919724,0,1,0.019186355362876384,0.01633648083095718,0.0030929467436435383,0.0,0.0030929467436435383,1.344509288254779,134450.9288254779
2025-11-28 15:50:10.763715,157.35553795345155,154.31045822337018,5.341081222732839,0.19863193546832597,0,1,-0.01673506839612038,-0.015181313616224767,-0.001779639137473022,0.0,-0.001779639137473022,1.3421165469047047,134211.65469047046
2025-11-28 16:05:10.763715,157.99738197241746,154.63400716504364,5.664190418663651,0.36944606124003987,0,1,0.004078941404374259,0.002096740204122316,0.0020133988176642284,0.0,0.0020133988176642284,1.3448187627734103,134481.87627734104
2025-11-28 16:20:10.763715,156.32514911732343,153.03386985056534,5.568286267116491,0.32346144575428065,0,1,-0.010583927620939626,-0.01034790046390277,-0.0003899946533716652,0.0,-0.0003899946533716652,1.3442942906461748,134429.4290646175
2025-11-28 16:35:10.763715,158.8902835772345,155.81742478364916,5.391282599744329,0.23216559904639572,0,1,0.016408968578599747,0.01818914293810847,-0.0015095361939769028,0.0,-0.0015095361939769028,1.342265029759088,134226.50297590878
2025-11-28 16:50:10.763715,155.56370469184336,152.31293149314715,5.517053281619468,0.297217643062801,0,1,-0.020936326693470453,-0.022491023037814695,0.001220050053609166,0.0,0.001220050053609166,1.3439026602806032,134390.26602806032
2025-11-28 17:05:10.763715,154.45280753678927,151.05640900409475,5.643982685713667,0.36699431004102995,0,1,-0.007141107607681829,-0.008249611354298803,0.0009857569140215676,0.0,0.0009857569140215676,1.3452274216197466,134522.74216197466
2025-11-28 17:20:10.763715,155.1759349102401,151.92872778741767,5.5077705985112,0.3047636673150695,0,1,0.004681866163414261,0.005774788299775402,-0.0010069984555640963,0.0,-0.0010069984555640963,1.343872779683793,134387.2779683793
2025-11-28 17:35:10.763715,158.68533027785224,155.55422352598248,5.445614358910262,0.2809438431334931,0,1,0.02261559029524851,0.023863134980223633,-0.000892482596735928,0.0,-0.000892482596735928,1.342673396615698,134267.3396615698
2025-11-28 17:50:10.763715,159.2980389155429,155.41642405789614,6.194072131948587,0.6844022295177971,0,0,0.0038611548819151853,-0.0008858613090844125,0.004733835367668779,0.001,0.0037338353676687787,1.3476867180312098,134768.671803121
2025-11-28 18:05:10.763715,158.4982990979869,154.1429052606998,6.648902291833309,0.9302445274977514,0,0,-0.0050203996420823405,-0.008194235615162082,0.0,0.0,0.0,1.3476867180312098,134768.671803121
2025-11-28 18:20:10.763715,163.03569253759383,158.57021378530465,6.8248615947281905,1.0182755303918567,0,0,0.02862739515458035,0.028722103797881537,0.0,0.0,0.0,1.3476867180312098,134768.671803121
2025-11-28 18:35:10.763715,159.46627338923633,155.17868756081216,6.596505796451055,0.8913355899201535,0,0,-0.02189348291040283,-0.021388167068276953,0.0,0.0,0.0,1.3476867180312098,134768.671803121
2025-11-28 18:50:10.763715,154.15068852562442,150.1590681511548,6.225852898820904,0.7000189965163398,0,0,-0.03333359932878888,-0.03234735058376015,0.0,0.0,0.0,1.3476867180312098,134768.671803121
2025-11-28 19:05:10.763715,155.51236267898858,151.16854453362495,6.593070774687931,0.8941981750355935,0,0,0.008833396505639524,0.006722713419172077,0.0,0.0,0.0,1.3476867180312098,134768.671803121
2025-11-28 19:20:10.763715,154.79208888409343,150.04940250987988,6.9752871719861105,1.0905904093522554,0,0,-0.004631617592885218,-0.00740327312932576,0.0,0.0,0.0,1.3476867180312098,134768.671803121
2025-11-28 19:35:10.763715,153.26324070349156,147.78316493778308,7.678956976953032,1.441944754259035,0,0,-0.009876784993493093,-0.015103276215628902,0.0,0.0,0.0,1.3476867180312098,134768.671803121
2025-11-28 19:50:10.763715,154.33166701035924,149.37672106460641,7.177537845747423,1.1801115885469213,0,0,0.006971184362039473,0.010783069421298475,0.0,0.0,0.0,1.3476867180312098,134768.671803121
2025-11-28 20:05:10.763715,154.629855805572,149.93898656233492,6.921827150545198,1.0590290556088209,0,0,0.0019321296853012093,0.0037640771180491583,0.0,0.0,0.0,1.3476867180312098,134768.671803121
2025-11-28 20:20:10.763715,152.51470452490156,148.69054627724017,6.0365404810257814,0.62144280976024,0,0,-0.013678802645525123,-0.008326322017494281,0.0,0.0,0.0,1.3476867180312098,134768.671803121
2025-11-28 20:35:10.763715,149.5825145051122,145.87684081546882,5.87619050432852,0.5623738139378023,0,0,-0.019225621745283084,-0.018923230374882527,0.0,0.0,0.0,1.3476867180312098,134768.671803121
2025-11-28 20:50:10.763715,151.8704010316599,147.8132377183939,6.256491980567404,0.8017240065936586,0,0,0.015295146856683761,0.013274190009191278,0.0,0.0,0.0,1.3476867180312098,134768.671803121
2025-11-28 21:05:10.763715,152.95518689431987,149.2768427839027,5.899449910997504,0.6210471156295045,0,0,0.007142839258281963,0.009901718466496012,0.0,0.0,0.0,1.3476867180312098,134768.671803121
2025-11-28 21:20:10.763715,153.0216688471006,149.0698442235458,6.169850470844693,0.8050674623978381,0,0,0.0004346498744542959,-0.0013866756323119844,0.0,0.0,0.0,1.3476867180312098,134768.671803121
2025-11-28 21:35:10.763715,156.8482552721202,153.27205877065643,5.856747539746493,0.6439495230382811,0,0,0.02500682716277991,0.028189568245667207,0.0,0.0,0.0,1.3476867180312098,134768.671803121
2025-11-28 21:50:10.763715,154.64408022893116,150.84657078613012,6.041971390966353,0.7748833096191101,0,0,-0.014052914005099892,-0.01582472372316479,0.0,0.0,0.0,1.3476867180312098,134768.671803121
2025-11-28 22:05:10.763715,150.77527050097382,147.4487053819784,5.520469871429583,0.4778905619957437,0,0,-0.025017509381736747,-0.022525307578713072,0.0,0.0,0.0,1.3476867180312098,134768.671803121
2025-11-28 22:20:10.763715,149.350508553247,145.94089837867418,5.58108010845956,0.524707946997937,0,0,-0.009449573149448276,-0.010225976548238536,0.0,0.0,0.0,1.3476867180312098,134768.671803121
2025-11-28 22:35:10.763715,147.7386925049781,145.85572437010234,4.053170755755531,-0.39206131113806775,0,0,-0.010792169801646545,-0.0005836198729628483,0.0,0.0,0.0,1.3476867180312098,134768.671803121
2025-11-28 22:50:10.763715,148.20705597543724,146.4037235987436,3.981688735572874,-0.4242032853548359,0,0,0.0031702153479080675,0.003757132131823271,0.0,0.0,0.0,1.3476867180312098,134768.671803121
2025-11-28 23:05:10.763715,146.9471322425628,145.88950130065373,3.2283361332811467,-0.8682688915857416,0,0,-0.008501104920964564,-0.003512358056542486,0.0,0.0,0.0,1.3476867180312098,134768.671803121
2025-11-28 23:20:10.763715,148.38029060496862,146.67662383168482,3.886083643351924,-0.45611793466037204,0,0,0.00975288418722009,0.005395333619031106,0.0,0.0,0.0,1.3476867180312098,134768.671803121
2025-11-28 23:35:10.763715,146.23930150307078,143.96313132638304,4.418212707166703,-0.12100549847606386,0,0,-0.014429066644691901,-0.018499829314421512,0.0,0.0,0.0,1.3476867180312098,134768.671803121
2025-11-28 23:50:10.763715,149.50704805864825,147.1295812229565,4.56662330629274,-0.02438435884735774,0,0,0.02234520079069746,0.02199486679262841,0.0,0.0,0.0,1.3476867180312098,134768.671803121
2025-11-29 00:05:10.763715,150.12268287470465,146.96308543066036,5.34627660628891,0.4564141391259012,0,0,0.004117764507094668,-0.0011316269027085157,0.0,0.0,0.0,1.3476867180312098,134768.671803121
2025-11-29 00:20:10.763715,151.99662032949988,149.46180469485668,4.758673502896215,0.10432465113793467,0,0,0.01248270693616127,0.017002359857062554,0.0,0.0,0.0,1.3476867180312098,134768.671803121
2025-11-29 00:35:10.763715,153.61600587723436,150.24717231827353,5.604376994455407,0.6307522412148436,0,0,0.010654089177930093,0.005254637631468828,0.0,0.0,0.0,1.3476867180312098,134768.671803121
2025-11-29 00:50:10.763715,155.0336908333,151.29522366846214,5.989604666296032,0.8655610059024853,0,0,0.009228758083962951,0.00697551464042534,0.0,0.0,0.0,1.3476867180312098,134768.671803121
2025-11-29 01:05:10.763715,156.098406854963,152.60907112392061,5.7600221065923165,0.7218149481917286,0,0,0.006867642871302371,0.008683998236041823,0.0,0.0,0.0,1.3476867180312098,134768.671803121
2025-11-29 01:20:10.763715,157.60172284140242,153.65275046835202,6.235187763031718,1.014331011997059,0,0,0.009630565850913486,0.006838907653031523,0.0,0.0,0.0,1.3476867180312098,134768.671803121
2025-11-29 01:35:10.763715,158.39581496321262,155.1567708608146,5.54763796954694,0.5961085867124641,0,0,0.005038600514597924,0.009788437811091066,0.0,0.0,0.0,1.3476867180312098,134768.671803121
2025-11-29 01:50:10.763715,160.9169770410547,158.29704800910704,4.975247412151816,0.24909838363759262,0,0,0.015916847793154387,0.020239381954587632,0.0,0.0,0.0,1.3476867180312098,134768.671803121
2025-11-29 02:05:10.763715,161.04497977679182,158.78024450276718,4.627243185537708,0.04274224325971963,0,0,0.0007954582424478662,0.0030524668636418006,0.0,0.0,0.0,1.3476867180312098,134768.671803121
2025-11-29 02:20:10.763715,162.3983154435164,160.49394123509848,4.2923803933512374,-0.15905370728823015,0,0,0.008403463855876092,0.010792883823159904,0.0,0.0,0.0,1.3476867180312098,134768.671803121
2025-11-29 02:35:10.763715,161.6837192938475,160.29408464059307,3.774667150956276,-0.47110777966851514,0,0,-0.004400268239958649,-0.0012452594345143675,0.0,0.0,0.0,1.3476867180312098,134768.671803121
2025-11-29 02:50:10.763715,165.6658942256809,163.81076921169827,4.292482630262981,-0.13448553003615513,0,0,0.024629411973113413,0.021938954135395594,0.0,0.0,0.0,1.3476867180312098,134768.671803121
2025-11-29 03:05:10.763715,163.97866733447637,162.1733834040233,4.218278711564949,-0.17075640747440365,0,0,-0.01018451564270717,-0.009995593180805673,0.0,0.0,0.0,1.3476867180312098,134768.671803121
2025-11-29 03:20:10.763715,168.39369681046782,166.6307251375451,4.24228770919288,-0.1473285790026498,0,0,0.02692441369209253,0.027485038789732963,0.0,0.0,0.0,1.3476867180312098,134768.671803121
2025-11-29 03:35:10.763715,168.02429105647167,166.5470360067037,3.9553258666826707,-0.3225743224839412,0,0,-0.002193702976970191,-0.0005022430933570021,0.0,0.0,0.0,1.3476867180312098,134768.671803121
2025-11-29 03:50:10.763715,163.77977291078952,163.0270505825956,3.1784189127920683,-0.8020636897747958,0,0,-0.025261336435311033,-0.021135082968191776,0.0,0.0,0.0,1.3476867180312098,134768.671803121
2025-11-29 04:05:10.763715,164.2830060081117,163.35695390995627,3.3566573489630684,-0.6738782383814009,0,0,0.0030726205585611677,0.0020236109662890023,0.0,0.0,0.0,1.3476867180312098,134768.671803121
2025-11-29 04:20:10.763715,161.81023893047796,161.71280169917608,2.5035789689195553,-1.192361569298021,0,0,-0.015051873822613415,-0.010064782498861113,0.0,0.0,0.0,1.3476867180312098,134768.671803121
2025-11-29 04:35:10.763715,163.83177683190405,163.78123200473593,2.4874629562480948,-1.178308748720712,0,0,0.012493263187718595,0.01279076414375413,0.0,0.0,0.0,1.3476867180312098,134768.671803121
2025-11-29 04:50:10.763715,161.73533073820118,162.20196015956097,1.9467905562949852,-1.4857874440125725,0,0,-0.012796333740882737,-0.009642569089535757,0.0,0.0,0.0,1.3476867180312098,134768.671803121
2025-11-29 05:05:10.763715,161.83424735940366,161.13612021315885,3.095688379547198,-0.7528433762571646,0,0,0.0006115956281846913,-0.006571066991752916,0.0,0.0,0.0,1.3476867180312098,134768.671803121
2025-11-29 05:20:10.763715,158.08922890145212,156.64880109611275,3.7712217468498466,-0.3241634908540429,0,0,-0.023141075013835333,-0.02784800273898891,0.0,0.0,0.0,1.3476867180312098,134768.671803121
2025-11-29 05:35:10.763715,157.18700277735869,155.60515938377392,3.8971088805957095,-0.24235412806112328,0,0,-0.005707068915212776,-0.006662302584100166,0.0,0.0,0.0,1.3476867180312098,134768.671803121
2025-11-29 05:50:10.763715,152.5868933444895,150.06425653792354,4.7554586189797305,0.28942671781495266,0,0,-0.02926520228510765,-0.035608734747571424,0.0,0.0,0.0,1.3476867180312098,134768.671803121
2025-11-29 06:05:10.763715,148.82924120214903,146.55562319904513,4.454234492067911,0.09675622100090263,0,0,-0.024626310032126897,-0.023380873099462685,0.0,0.0,0.0,1.3476867180312098,134768.671803121
2025-11-29 06:20:10.763715,150.73214894501376,148.25166321134247,4.68633777986625,0.23722823681057623,0,0,0.01278584589623799,0.011572671012383129,0.0,0.0,0.0,1.3476867180312098,134768.671803121
2025-11-29 06:35:10.763715,152.52154508004398,150.0244467512191,4.729327807246847,0.25826825081198973,0,0,0.011871363524996736,0.011957933566987489,0.0,0.0,0.0,1.3476867180312098,134768.671803121
2025-11-29 06:50:10.763715,153.58045566745142,151.00004315128214,4.827157995752543,0.30805792348044664,0,0,0.006942695124493525,0.006502916165928907,0.0,0.0,0.0,1.3476867180312098,134768.671803121
2025-11-29 07:05:10.763715,152.15857646593875,148.84053239561965,5.532657962870076,0.7352209284456402,0,0,-0.009258204081588839,-0.014301391645954342,0.0,0.0,0.0,1.3476867180312098,134768.671803121
2025-11-29 07:20:10.763715,152.39979090944686,148.7489238973283,5.864117852215173,0.9284004280527939,0,0,0.0015852832558675978,-0.0006154808560335789,0.0,0.0,0.0,1.3476867180312098,134768.671803121
2025-11-29 07:35:10.763715,152.4962321757072,148.755760839641,5.9538239037445635,0.9673425603951292,0,0,0.0006328175759613419,4.596296990633242e-05,0.0,0.0,0.0,1.3476867180312098,134768.671803121
2025-11-29 07:50:10.763715,149.18950773173518,146.20800530600368,5.156946671605283,0.4380538131607739,0,0,-0.02168397472379513,-0.0171271049891224,0.0,0.0,0.0,1.3476867180312098,134768.671803121
2025-11-29 08:05:10.763715,151.8769579898986,149.55755113795607,4.544689341564748,0.00784714173206747,0,0,0.018013667978554304,0.022909455778033605,0.0,0.0,0.0,1.3476867180312098,134768.671803121
2025-11-29 08:20:10.763715,153.7223244683503,151.55395657552612,4.4233551083436,-0.10360420133834222,0,0,0.012150404530583359,0.013348743827240828,0.0,0.0,0.0,1.3476867180312098,134768.671803121
2025-11-29 08:35:10.763715,153.31964410970866,151.0675741968946,4.4998201939079365,-0.07102019390188986,0,0,-0.002619530767793976,-0.0032093017537890844,0.0,0.0,0.0,1.3476867180312098,134768.671803121
2025-11-29 08:50:10.763715,152.83651690809407,151.14362376726862,3.9417749714533272,-0.5034148896972713,0,0,-0.003151110899193621,0.0005034142553641541,-0.0,0.0,-0.0,1.3476867180312098,134768.671803121
2025-11-29 09:05:10.763715,154.54377220695963,151.63196132256942,5.167958740722355,0.3885797041135734,0,0,0.011170467198569956,0.0032309504240333187,0.0,0.0,0.0,1.3476867180312098,134768.671803121
2025-11-29 09:20:10.763715,150.9464521423019,147.0731753807183,6.061593963741814,1.047872871884341,0,0,-0.023277030276188215,-0.030064808910260865,0.0,0.0,0.0,1.3476867180312098,134768.671803121
2025-11-29 09:35:10.763715,150.68301205900136,146.54354120496484,6.319907573743393,1.2437918643980215,0,0,-0.0017452552184014092,-0.003601160948503601,0.0,0.0,0.0,1.3476867180312098,134768.671803121
2025-11-29 09:50:10.763715,149.24258780502873,145.06658300612244,6.33446570266284,1.2467218822587993,0,0,-0.009559300907846291,-0.010078630465034544,0.0,0.0,0.0,1.3476867180312098,134768.671803121
2025-11-29 10:05:10.763715,147.0235220887346,142.91764139150882,6.232367273308256,1.1547062642740022,0,0,-0.014868850432914749,-0.014813484746676098,0.0,0.0,0.0,1.3476867180312098,134768.671803121
2025-11-29 10:20:10.763715,145.9272184673095,142.33052954616787,5.714439798498461,0.7132315148644145,0,0,-0.00745665459410938,-0.004108043203236322,0.0,0.0,0.0,1.3476867180312098,134768.671803121
2025-11-29 10:35:10.763715,149.63987924603111,146.23535195604646,5.580378429532658,0.589207979867382,0,0,0.02544186627906786,0.02743488991665677,0.0,0.0,0.0,1.3476867180312098,134768.671803121
2025-11-29 10:50:10.763715,151.08882991413648,147.66260368491314,5.623313596941472,0.610295439361851,0,0,0.009682917918712564,0.009759963714489839,0.0,0.0,0.0,1.3476867180312098,134768.671803121
2025-11-29 11:05:10.763715,149.2446544060275,146.4175222115503,5.00569386436365,0.07900200599910655,0,0,-0.012205902376482891,-0.008431934980772993,0.0,0.0,0.0,1.3476867180312098,134768.671803121
2025-11-29 11:20:10.763715,150.61818276864514,147.6952491265481,5.120506744765237,0.16880589114773034,0,0,0.009203199726543598,0.00872659839955281,0.0,0.0,0.0,1.3476867180312098,134768.671803121
2025-11-29 11:35:10.763715,153.51578885902472,150.84327062098305,4.916931082703627,-0.009893505302732291,0,0,0.01923808956605466,0.021314304373715176,0.0,0.0,0.0,1.3476867180312098,134768.671803121
2025-11-29 11:50:10.763715,154.56704429169702,152.96526356842043,3.8777669235672363,-0.8904183397656199,0,0,0.006847865229274053,0.014067534724629516,0.0,0.0,0.0,1.3476867180312098,134768.671803121
2025-11-29 12:05:10.763715,154.31893276745114,153.11745638550335,3.479727075126476,-1.2165359947325867,0,0,-0.00160520326556568,0.0009949501836725716,-0.0,0.0,-0.0,1.3476867180312098,134768.671803121
2025-11-29 12:20:10.763715,152.77892908070203,151.65394748026424,3.38145659111629,-1.2902145401197935,0,0,-0.009979356771925074,-0.00955808005035319,0.0,0.0,0.0,1.3476867180312098,134768.671803121
2025-11-29 12:35:10.763715,155.31878640374856,153.26594478878948,4.333301682664342,-0.49099057316315525,0,0,0.01662439538180638,0.01062944509726682,0.0,0.0,0.0,1.3476867180312098,134768.671803121
2025-11-29 12:50:10.763715,156.48783209251172,154.18865644059602,4.593364843066183,-0.284579271685494,0,0,0.007526750084978495,0.006020330563831999,0.0,0.0,0.0,1.3476867180312098,134768.671803121
2025-11-29 13:05:10.763715,157.8146807125425,156.2886773124676,3.8514390220371695,-0.9157910319965263,0,0,0.008478925180881669,0.013619814325839474,0.0,0.0,0.0,1.3476867180312098,134768.671803121
2025-11-29 13:20:10.763715,159.52702740148393,157.80062510985445,4.074334343448697,-0.7315374509076887,0,0,0.010850363738088786,0.009674071233989778,0.0,0.0,0.0,1.3476867180312098,134768.671803121
2025-11-29 13:35:10.763715,161.16654512634204,160.32061605373175,3.2313563339909592,-1.4539372708002025,0,0,0.010277366484940043,0.01596946109765396,0.0,0.0,0.0,1.3476867180312098,134768.671803121
2025-11-29 13:50:10.763715,160.5620158898661,159.05453524356898,3.874069758511382,-0.9246180541559877,0,0,-0.0037509598285552226,-0.007897180296128847,0.0,0.0,0.0,1.3476867180312098,134768.671803121
2025-11-29 14:05:10.763715,163.3844625310714,162.2450819146616,3.5534422071815186,-1.201450889761875,0,0,0.01757854512203738,0.0200594510945995,0.0,0.0,0.0,1.3476867180312098,134768.671803121
2025-11-29 14:20:10.763715,163.8480490151793,162.74296224527703,3.5265563743330404,-1.2284470474044074,0,0,0.0028373963896337617,0.0030686928980523387,0.0,0.0,0.0,1.3476867180312098,134768.671803121
2025-11-29 14:35:10.763715,169.4531873425218,167.9054377691504,4.046032192584562,-0.7851314147247422,0,0,0.03420936874764502,0.031721651447469634,0.0,0.0,0.0,1.3476867180312098,134768.671803121
2025-11-29 14:50:10.763715,167.1877494613195,166.19522195460436,3.4653636454488606,-1.2980815009786226,0,0,-0.013369107520079249,-0.010185589205856327,0.0,0.0,0.0,1.3476867180312098,134768.671803121
2025-11-29 15:05:10.763715,170.705528525033,170.59675099301728,2.6471044829633286,-1.9776802545315129,0,0,0.021040890107366206,0.02648408893256371,0.0,0.0,0.0,1.3476867180312098,134768.671803121
2025-11-29 15:20:10.763715,170.97989049397762,171.12105876796565,2.4049599073346997,-2.1291638627145733,1,1,0.0016072236869844048,0.003073374914214,0.0,0.001,-0.001,1.3463390313131784,134633.90313131784
2025-11-29 15:35:10.763715,170.0137037977229,169.47407783265632,3.061248544310388,-1.540320216342048,0,1,-0.0056508791382617884,-0.009624653722734244,0.0038305683522567285,0.0,0.0038305683522567285,1.351496274997935,135149.62749979348
2025-11-29 15:50:10.763715,168.15499239280098,168.2652653333421,2.3933635907399378,-2.0334989209467143,0,1,-0.010932715207083388,-0.007132727994589527,-0.003906115820436612,0.0,-0.003906115820436612,1.3462171740169042,134621.71740169043
2025-11-29 16:05:10.763715,166.07339460861874,167.47540168195192,1.0898769938345367,-2.9284015727916275,0,1,-0.012379042421290287,-0.0046941574651512274,-0.0077547298174065115,0.0,-0.0077547298174065115,1.3357776235568506,133577.76235568506
2025-11-29 16:20:10.763715,167.03074911429582,168.56121440344646,0.9775746993849168,-2.8573524894473894,0,1,0.0057646470582073395,0.00648341613508463,-0.0006223016481947388,0.0,-0.0006223016481947388,1.3349463669400894,133494.63669400895
2025-11-29 16:35:10.763715,168.73866679583435,169.90534814358767,1.3613581476803063,-2.4638324270813503,0,1,0.010225169261318667,0.007974157903988921,0.0023696596891472476,0.0,0.0023696596891472476,1.3381097355330007,133810.97355330008
2025-11-29 16:50:10.763715,168.1053168861561,168.4663465840336,2.145598742422834,-1.8408508462206217,0,1,-0.0037534367297364923,-0.008469430628740171,0.004589976352368266,0.0,0.004589976352368266,1.3442516275759708,134425.16275759708
2025-11-29 17:05:10.763715,167.9281650181921,168.4216552099756,2.012473280874815,-1.8793363764237507,0,1,-0.0010538147825744915,-0.0002652836899725841,-0.0007924782764491062,0.0,-0.0007924782764491062,1.3431863373630355,134318.63373630354
2025-11-29 17:20:10.763715,173.06756281761446,173.93901387462415,1.7166057739042913,-2.0205531927057945,0,1,0.030604739823516747,0.03275919986518305,-0.0016670324709461767,0.0,-0.0016670324709461767,1.3409472021241202,134094.720212412
2025-11-29 17:35:10.763715,178.10810064445704,178.52307960257235,2.2412846675613878,-1.617737802901523,0,1,0.02912468255044698,0.026354442432635627,0.0031623706309340457,0.0,0.0031623706309340457,1.3451877741737508,134518.77741737507
2025-11-29 17:50:10.763715,178.37837053706835,179.71328959579304,1.3390538262754887,-2.154307095281087,0,1,0.0015174486260500775,0.006666981075333922,-0.005050333738602242,0.0,-0.005050333738602242,1.338394126973086,133839.41269730858
2025-11-29 18:05:10.763715,178.41600762888737,179.8337472278602,1.2580255877689979,-2.1333167541498317,0,1,0.00021099582704842135,0.0006702767076274263,-0.0004493077631447065,0.0,-0.0004493077631447065,1.3377927761016897,133779.27761016897
2025-11-29 18:20:10.763715,178.95751109629677,180.17584081793166,1.46252551151386,-1.939538035234669,0,1,0.003035061004928119,0.0019022769382546212,0.0011610882447567925,0.0,0.0011610882447567925,1.339346071567942,133934.6071567942
2025-11-29 18:35:10.763715,180.8923545063668,181.8597957288691,1.7384697523867203,-1.7161637338526934,0,1,0.010811747426621832,0.009346174843935406,0.0016046352984564402,0.0,0.0016046352984564402,1.341495233551229,134149.5233551229
2025-11-29 18:50:10.763715,178.11784794553566,179.1089264804074,1.6739019679463922,-1.7128749462710018,0,1,-0.01533788737728814,-0.015126318807499928,-0.00043663465383851456,0.0,-0.00043663465383851456,1.3409094902443013,134090.94902443013
2025-11-29 19:05:10.763715,177.59816439537207,178.43662577876623,1.8165158867704747,-1.5887173833581825,0,1,-0.0029176388338270076,-0.0037535856802465295,0.0007800968513908897,0.0,0.0007800968513908897,1.3419555295156411,134195.5529515641
2025-11-29 19:20:10.763715,172.27627534193564,174.04340800881604,0.8224774553055454,-2.1458011276672813,0,1,-0.02996590123301468,-0.024620605499439896,-0.005711628305116168,0.0,-0.005711628305116168,1.3342907783290525,133429.07783290526
2025-11-29 19:35:10.763715,173.1101247108275,175.1062769159074,0.6092724550529454,-2.206599997480398,0,1,0.004840186887235864,0.006106918493790303,-0.0011758661257654,0.0,-0.0011758661257654,1.3327218310008944,133272.18310008943
2025-11-29 19:50:10.763715,175.13850844289598,176.83215845046215,0.9374542249371984,-1.950950336620843,0,1,0.011717302702293209,0.00985619456339415,0.0020077594915679665,0.0,0.0020077594915679665,1.3353976159067062,133539.76159067062
2025-11-29 20:05:10.763715,173.59348238418096,175.572704612736,0.6331424581998419,-2.0732944938901303,0,1,-0.008821738134299428,-0.007122312190058877,-0.0018053995743352366,0.0,-0.0018053995743352366,1.33298668961938,133298.668961938
2025-11-29 20:20:10.763715,177.78491287453699,179.78524043343634,0.6747158901606269,-1.9990826088664069,0,1,0.024145091352450354,0.02399311345115973,0.0005089739528315769,0.0,0.0005089739528315769,1.3336651451238677,133366.51451238676
2025-11-29 20:35:10.763715,175.0640277455123,176.52747763734433,1.1631209628966985,-1.6878771878778087,0,1,-0.015304364611325671,-0.0181203016901611,0.002546323209452181,0.0,0.002546323209452181,1.337061087636534,133706.1087636534
2025-11-29 20:50:10.763715,171.39751660529333,172.70948780546186,1.2577913834043954,-1.6047314674297586,0,1,-0.02094382945163875,-0.021628303326953424,0.0003626640816432637,0.0,0.0003626640816432637,1.3375459916679826,133754.59916679826
2025-11-29 21:05:10.763715,172.18636849876435,173.3092721922808,1.4557831448559284,-1.4616406955215895,0,1,0.004602469797083675,0.003472793501041016,0.0011813483547861983,0.0,0.0011813483547861983,1.3391260994246905,133912.60994246905
2025-11-29 21:20:10.763715,174.4509888721586,176.0704455100086,1.000313987920606,-1.6943315598428075,0,1,0.013152146671880693,0.015932057660852594,-0.0025428562320132,0.0,-0.0025428562320132,1.3357208942773169,133572.0894277317
2025-11-29 21:35:10.763715,178.78442777446122,180.59249585109615,0.8789866104528414,-1.7234763691515982,0,1,0.024840437594069842,0.025683187930767737,-0.000460607489712557,0.0,-0.000460607489712557,1.3351056512292472,133510.56512292472
2025-11-29 21:50:10.763715,178.06863990963163,179.3716346786454,1.3658945966399472,-1.4072118982823651,0,1,-0.004003636523269072,-0.00676030953942508,0.0026560856614685014,0.0,0.0026560856614685014,1.3386518062060229,133865.18062060227
2025-11-29 22:05:10.763715,181.06075026891398,182.3157433386918,1.4577019974195196,-1.3256386279779289,0,1,0.016803129179853382,0.016413457263301012,0.0006338894686871641,0.0,0.0006338894686871641,1.339500363488216,133950.03634882162
2025-11-29 22:20:10.763715,180.79173969914436,182.22868520171306,1.2744542174774836,-1.4064756012905626,0,1,-0.0014857475701944844,-0.00047751299687270876,-0.0010153395392858658,0.0,-0.0010153395392858658,1.3381403158062788,133814.03158062787
2025-11-29 22:35:10.763715,180.58969970723697,181.77560756363206,1.5187504739533608,-1.2370743441286125,0,1,-0.0011175288884525125,-0.0024863134888970517,0.0013317904812679654,0.0,0.0013317904812679654,1.3399224383414705,133992.24383414706
2025-11-29 22:50:10.763715,183.3735445411838,184.21948500017714,1.8950805800578792,-0.9947422634466458,0,1,0.01541530241458866,0.013444474037527687,0.0021708701163797306,0.0,0.0021708701163797306,1.3428312359211327,134283.12359211326
2025-11-29 23:05:10.763715,184.1688321890377,186.04949550195965,0.8875866443246423,-1.5599567191986827,0,1,0.00433698137778693,0.009933859611977347,-0.0054490712951177946,0.0,-0.0054490712951177946,1.3355140527792873,133551.40527792872
2025-11-29 23:20:10.763715,180.76422683307598,181.71996727529563,1.7480900104428656,-1.028632279040188,0,1,-0.018486327547905024,-0.023270840993053987,0.004438264161267212,0.0,0.004438264161267212,1.3414414169366062,134144.1416936606
2025-11-29 23:35:10.763715,184.57340892197422,185.8082013324704,1.5298673054946335,-1.136610798522504,0,1,0.02107265444957629,0.022497439981272516,-0.0010900437625864026,0.0,-0.0010900437625864026,1.3399791870871995,133997.91870871995
2025-11-29 23:50:10.763715,188.59364048836233,189.71374605096972,1.7026651628803222,-1.0160278336170736,0,1,0.021781206674725384,0.021019226764436905,0.001074727189903632,0.0,0.001074727189903632,1.3414192991534672,134141.92991534673
2025-11-30 00:05:10.763715,187.6085906539334,187.96069951491233,2.4445781012317127,-0.5736979220136104,0,1,-0.005223133886583575,-0.009240482424433316,0.0038798584306749748,0.0,0.0038798584306749748,1.3466238161303579,134662.38161303577
2025-11-30 00:20:10.763715,188.05171027571782,189.09886033189971,1.7664717201999167,-0.9557040794676431,0,1,0.002361936733493275,0.0060553127325273515,-0.0036032783657795045,0.0,-0.0036032783657795045,1.341771555666852,134177.1555666852
2025-11-30 00:35:10.763715,189.13088657354865,190.52442501302104,1.4412944633191955,-1.1233467754291602,0,1,0.005738720994606039,0.00753872698449487,-0.0016878364803923542,0.0,-0.0016878364803923542,1.3395068646868447,133950.68646868446
2025-11-30 00:50:10.763715,189.80725741532797,191.28998220278538,1.3634989210556228,-1.145131302490812,0,1,0.00357620510342338,0.004018157722885274,-0.00038216602926138387,0.0,-0.00038216602926138387,1.338994950667199,133899.4950667199
2025-11-30 01:05:10.763715,188.0354231594159,189.73643611940037,1.1220953734112697,-1.2591728773345843,0,1,-0.009334913111541443,-0.008121418934202818,-0.0013343336214700508,0.0,-0.0013343336214700508,1.337208284685545,133720.8284685545
2025-11-30 01:20:10.763715,187.22466474102254,187.85334531517668,2.1664090536588674,-0.6401028794944986,0,1,-0.004311732357503706,-0.009924771660824616,0.005465367584826674,0.0,0.005465367584826674,1.3445166194988272,134451.66194988272
2025-11-30 01:35:10.763715,186.80752663620407,187.80013192220318,1.8016925741586078,-0.8345845138753861,0,1,-0.0022280082883068264,-0.0002832709360817143,-0.0019489521701937487,0.0,-0.0019489521701937487,1.3418962209153933,134189.62209153932
2025-11-30 01:50:10.763715,189.7942089644468,191.15205379956288,1.4863266222188827,-1.0006275345765845,0,1,0.015988019230398054,0.017848346766594636,-0.001594760112644887,0.0,-0.001594760112644887,1.3397562183469685,133975.62183469685
2025-11-30 02:05:10.763715,191.4914995463863,192.73635270364827,1.6228912496349892,-0.9027952182576323,0,1,0.008942794362379436,0.00828816051197978,0.0007779542599553983,0.0,0.0007779542599553983,1.340798487404333,134079.8487404333
2025-11-30 02:20:10.763715,189.97397033652877,191.6870303637288,1.1390714025437774,-1.1716354053944857,0,1,-0.007924786287915264,-0.005444340547073101,-0.002561452654867965,0.0,-0.002561452654867965,1.3373640955591284,133736.40955591283
2025-11-30 02:35:10.763715,192.02116198872588,193.93818466122838,0.9686039181445949,-1.2502445706696321,0,1,0.010776169222397325,0.011743905120904508,-0.0007929971024618586,0.0,-0.0007929971024618586,1.3363035697064134,133630.35697064133
2025-11-30 02:50:10.763715,184.6020758294829,185.8446915435019,1.522586943649003,-0.8989182753172943,0,1,-0.03863681524684537,-0.041732334103591784,0.002474579080552007,0.0,0.002474579080552007,1.3396103585652759,133961.0358565276
2025-11-30 03:05:10.763715,187.61975133681517,189.09373012527172,1.3395666550427734,-0.9892642864667018,0,1,0.01634692076875499,0.017482547146143723,-0.0008755017247563668,0.0,-0.0008755017247563668,1.3384375273858504,133843.75273858506
2025-11-30 03:20:10.763715,183.0643540194341,184.24144749154465,1.5642543491532308,-0.8370679445244286,0,1,-0.02427994539446554,-0.025660727251572535,0.0009989732049231759,0.0,0.0009989732049231759,1.3397745906121725,133977.45906121726
2025-11-30 03:35:10.763715,181.966362725735,183.26084086801666,1.4322791301804045,-0.8998585400656339,0,1,-0.0059978432151927,-0.005322399692788915,-0.0007546360656690105,0.0,-0.0007546360656690105,1.3387635483862297,133876.35483862297
2025-11-30 03:50:10.763715,178.43325640780884,180.22669037509053,0.888177861761335,-1.2014756251587044,0,1,-0.019416260593455692,-0.01655645842589637,-0.003106147448990952,0.0,-0.003106147448990952,1.3346051514056076,133460.51514056078
2025-11-30 04:05:10.763715,175.4569893383015,176.77809179866597,1.3091973087560689,-0.9309923971904374,0,1,-0.016680001976229653,-0.019134782807403772,0.0021700723908442653,0.0,0.0021700723908442653,1.3375013411973513,133750.13411973513
2025-11-30 04:20:10.763715,179.4254874306734,179.90116723343098,2.2010885333184262,-0.3868190802735994,0,1,0.022618067865738833,0.017666642981540415,0.005214288718074417,0.0,0.005214288718074417,1.344475459351166,134447.54593511662
2025-11-30 04:35:10.763715,178.33089237832425,178.66134940206763,2.32786393278235,-0.3016385779215742,0,1,-0.006100554988165086,-0.0068916608515087185,0.0006885641187069419,0.0,0.0006885641187069419,1.3454012169109573,134540.12169109573
2025-11-30 04:50:10.763715,179.41492521965787,179.61032972314956,2.4770364307645423,-0.20787867384861727,0,1,0.006078772033697222,0.005311615098945177,0.0008461890129143343,0.0,0.0008461890129143343,1.346539680638669,134653.9680638669
2025-11-30 05:05:10.763715,179.71903433350926,179.501912181493,2.887949930298902,0.04163294298718043,0,1,0.0016950045459098728,-0.0006036264274091874,0.0022896495523946976,0.0,0.0022896495523946976,1.349622784615725,134962.27846157248
2025-11-30 05:20:10.763715,180.36653415833894,180.8090447721852,2.2477661273509852,-0.34119819457742856,0,1,0.003602845003207067,0.007281998140334922,-0.003570803523030462,0.0,-0.003570803523030462,1.344803546821657,134480.3546821657
2025-11-30 05:35:10.763715,181.50313983781538,181.0356189107639,3.161168888620722,0.203138077447065,0,1,0.0063016439539647084,0.0012531128565176353,0.005067176295071077,0.0,0.005067176295071077,1.3516179034756393,135161.79034756392
2025-11-30 05:50:10.763715,178.36704676724284,177.60267956849606,3.406936095780935,0.34220127624885277,0,1,-0.017278450793605238,-0.018962784025170265,0.0014021839791560006,0.0,0.0014021839791560006,1.3535131204458333,135351.31204458332
2025-11-30 06:05:10.763715,181.75820143813218,180.29473354765747,4.146092141019011,0.7777018340715524,0,0,0.019012226374497176,0.015157732899650167,0.00408002697246926,0.001,0.00308002697246926,1.3576819773643976,135768.19773643976
2025-11-30 06:20:10.763715,180.12090390464266,178.98223796098947,3.8017614347032804,0.5711801265111311,0,0,-0.009008108137815274,-0.007279722268321631,0.0,0.0,0.0,1.3576819773643976,135768.19773643976
2025-11-30 06:35:10.763715,177.1180896864054,174.8691260794831,4.85085967488655,1.187660710539687,0,0,-0.01667110342632394,-0.022980559011687274,0.0,0.0,0.0,1.3576819773643976,135768.19773643976
2025-11-30 06:50:10.763715,176.40915779582858,173.76713803522057,5.227519232880439,1.4042357870840139,0,0,-0.00400259449405771,-0.006301787336442932,0.0,0.0,0.0,1.3576819773643976,135768.19773643976
2025-11-30 07:05:10.763715,180.39434106373193,177.74101388584754,5.297954365735507,1.4324250966973222,0,0,0.022590569093446478,0.02286897220935713,0.0,0.0,0.0,1.3576819773643976,135768.19773643976
2025-11-30 07:20:10.763715,182.61867741895728,180.04032232969766,5.25719392860816,1.3991159099137302,0,0,0.012330410932566371,0.012936285180227713,0.0,0.0,0.0,1.3576819773643976,135768.19773643976
2025-11-30 07:35:10.763715,181.54025188698873,179.1191195269144,5.086264526300539,1.293294318349411,0,0,-0.00590534082937455,-0.005116647153609932,0.0,0.0,0.0,1.3576819773643976,135768.19773643976
2025-11-30 07:50:10.763715,181.19946066330934,178.2010114889193,5.649920714823793,1.6081336203056134,0,0,-0.001877221278130281,-0.005125684183910573,0.0,0.0,0.0,1.3576819773643976,135768.19773643976
2025-11-30 08:05:10.763715,180.37628251558337,177.36108191501597,5.654174740775602,1.6080940506249273,0,0,-0.004542939282007774,-0.004713382751789563,0.0,0.0,0.0,1.3576819773643976,135768.19773643976
2025-11-30 08:20:10.763715,184.64733981577686,182.99135021691384,4.378737091661975,0.8849466842050681,0,0,0.02367859698973729,0.031744665972412545,0.0,0.0,0.0,1.3576819773643976,135768.19773643976
2025-11-30 08:35:10.763715,185.06475711719796,184.06112746718753,3.7422944707190595,0.5316914136003199,0,0,0.0022606190906273582,0.005846053646828553,0.0,0.0,0.0,1.3576819773643976,135768.19773643976
2025-11-30 08:50:10.763715,186.11068938582673,185.27080056812824,3.5965524913517584,0.45787944615773285,0,0,0.005651709622737089,0.006572126975351367,0.0,0.0,0.0,1.3576819773643976,135768.19773643976
2025-11-30 09:05:10.763715,189.0195806420714,188.17507762809362,3.644379730619363,0.49420713721639936,0,0,0.015629898883530613,0.015675848817296112,0.0,0.0,0.0,1.3576819773643976,135768.19773643976
2025-11-30 09:20:10.763715,189.63802524687765,188.86918467443604,3.579044980626662,0.4614657406343091,0,0,0.003271854707885158,0.00368862367477929,0.0,0.0,0.0,1.3576819773643976,135768.19773643976
2025-11-30 09:35:10.763715,189.55893990520275,188.15554704679022,4.2029789774864525,0.8438376346328167,0,0,-0.00041703314286223314,-0.0037784757152203863,0.0,0.0,0.0,1.3576819773643976,135768.19773643976
2025-11-30 09:50:10.763715,188.034971610295,187.62095878115778,3.2056447533368555,0.24176245888589123,0,0,-0.00803954852073907,-0.002841203855124652,0.0,0.0,0.0,1.3576819773643976,135768.19773643976
2025-11-30 10:05:10.763715,187.94348802160818,187.43830139323182,3.2941007741431463,0.3102905571739789,0,0,-0.0004865243305720579,-0.0009735446887839672,0.0,0.0,0.0,1.3576819773643976,135768.19773643976
2025-11-30 10:20:10.763715,186.95904822576605,187.3524118161301,2.3942725953766058,-0.22627343655377957,0,0,-0.005237956399579691,-0.00045822852887222876,0.0,0.0,0.0,1.3576819773643976,135768.19773643976
2025-11-30 10:35:10.763715,189.3614310126056,189.42740075204543,2.7525404243120875,0.0221820038924517,0,0,0.012849780792307586,0.011075325456454621,0.0,0.0,0.0,1.3576819773643976,135768.19773643976
2025-11-30 10:50:10.763715,189.50221644575296,189.59401633654699,2.729189363715051,0.031270798932429636,0,0,0.0007434747001779929,0.0008795748864212083,0.0,0.0,0.0,1.3576819773643976,135768.19773643976
2025-11-30 11:05:10.763715,191.7511385229938,191.70823963921063,2.8953458885614225,0.16876039782587798,0,0,0.01186752387080725,0.01115131871519992,0.0,0.0,0.0,1.3576819773643976,135768.19773643976
2025-11-30 11:20:10.763715,191.13560111164298,191.49541817840142,2.4894633451827985,-0.08899036529714044,0,0,-0.0032100847801590504,-0.0011101320486262,0.0,0.0,0.0,1.3576819773643976,135768.19773643976
2025-11-30 11:35:10.763715,192.04750740390503,191.74059872423433,3.159837158668978,0.4061381751953702,0,0,0.004770991311709549,0.0012803467997573037,0.0,0.0,0.0,1.3576819773643976,135768.19773643976
2025-11-30 11:50:10.763715,187.21267068258615,186.0974385952299,3.884195394916105,0.9558179279716809,0,0,-0.025175212043499706,-0.029431222008024283,0.0,0.0,0.0,1.3576819773643976,135768.19773643976
2025-11-30 12:05:10.763715,189.94813812753128,188.6918601681721,4.06384393761698,1.1049067198920823,0,0,0.014611550783242944,0.013941199795797221,0.0,0.0,0.0,1.3576819773643976,135768.19773643976
2025-11-30 12:20:10.763715,190.8009399184164,189.69407486575653,3.9293430885196017,1.0278091160726028,0,0,0.004489655962368833,0.005311382784033203,0.0,0.0,0.0,1.3576819773643976,135768.19773643976
2025-11-30 12:35:10.763715,193.79763948501528,192.57444261707099,4.088532197681218,1.1635915981876497,0,0,0.015705895200936792,0.01518427896787422,0.0,0.0,0.0,1.3576819773643976,135768.19773643976
2025-11-30 12:50:10.763715,185.64142166248243,184.40583673433486,3.9793787141966845,1.079652172364381,0,0,-0.04208625989566561,-0.04241791263537076,0.0,0.0,0.0,1.3576819773643976,135768.19773643976
2025-11-30 13:05:10.763715,191.63913739001086,190.29292277250465,4.177602974180218,1.2175222847045708,0,0,0.03230806828463617,0.031924618777935176,0.0,0.0,0.0,1.3576819773643976,135768.19773643976
2025-11-30 13:20:10.763715,192.0607501365106,189.91388628528819,4.972612484248117,1.775789358773608,0,0,0.002200034670588602,-0.0019918580349391757,0.0,0.0,0.0,1.3576819773643976,135768.19773643976
2025-11-30 13:35:10.763715,195.55638262474383,193.11647061846503,5.313312227498699,1.9961635280819294,0,0,0.01820066039390489,0.01686334999414374,0.0,0.0,0.0,1.3576819773643976,135768.19773643976
2025-11-30 13:50:10.763715,192.26533426766068,190.1465123602341,4.948031808220236,1.7197256387892985,0,0,-0.01682915337720481,-0.01537910385747776,0.0,0.0,0.0,1.3576819773643976,135768.19773643976
2025-11-30 14:05:10.763715,194.0509860246855,191.92151285987643,4.9850934842066295,1.7194871861549033,0,0,0.009287434803712191,0.009334909578985862,0.0,0.0,0.0,1.3576819773643976,135768.19773643976
2025-11-30 14:20:10.763715,190.47776062453266,188.93164213578865,4.357252208047328,1.2629545310786152,0,0,-0.01841384820223635,-0.015578611691492439,0.0,0.0,0.0,1.3576819773643976,135768.19773643976
2025-11-30 14:35:10.763715,189.0605768926752,187.1908591277164,4.654950191304181,1.4519840651031446,0,0,-0.00744015326099412,-0.009213824579056507,0.0,0.0,0.0,1.3576819773643976,135768.19773643976
2025-11-30 14:50:10.763715,194.42233716374736,192.66235554951442,4.626625009712399,1.417649836555143,0,0,0.028360012220400188,0.029229506436876385,0.0,0.0,0.0,1.3576819773643976,135768.19773643976
2025-11-30 15:05:10.763715,192.9132667310647,192.1312952407448,3.6407131837652855,0.7207121276518291,0,0,-0.007761816130271493,-0.002756430062608284,0.0,0.0,0.0,1.3576819773643976,135768.19773643976
2025-11-30 15:20:10.763715,192.92753600611147,192.77822998771407,3.0176735217962403,0.28513100883654835,0,0,7.396730815112385e-05,0.00336714925155035,0.0,0.0,0.0,1.3576819773643976,135768.19773643976
2025-11-30 15:35:10.763715,195.220930336099,195.33020330797572,2.7970656102162366,0.13873773749087326,0,0,0.011887335408227395,0.013237870896647852,0.0,0.0,0.0,1.3576819773643976,135768.19773643976
2025-11-30 15:50:10.763715,196.49118477788363,196.80762033432433,2.6118856685451703,0.013257961172575768,0,0,0.006506753346568583,0.007563689594993983,0.0,0.0,0.0,1.3576819773643976,135768.19773643976
2025-11-30 16:05:10.763715,196.35131630834428,197.27190167241258,2.0146439516428245,-0.407051647064299,0,0,-0.0007118307607411056,0.0023590617949629245,-0.0,0.0,-0.0,1.3576819773643976,135768.19773643976
2025-11-30 16:20:10.763715,197.64626405988486,198.37464785435162,2.223253397346184,-0.25731773144702486,0,0,0.006595055107789793,0.005589980998765176,0.0,0.0,0.0,1.3576819773643976,135768.19773643976
2025-11-30 16:35:10.763715,204.7500424009837,205.6773415033423,2.13299563419568,-0.3149228735261124,0,0,0.03594188018118305,0.03681263572728488,0.0,0.0,0.0,1.3576819773643976,135768.19773643976
2025-11-30 16:50:10.763715,204.53580078238264,205.52020607810925,2.073551406354568,-0.35472437217944586,0,0,-0.0010463568949181656,-0.0007639899664421135,0.0,0.0,0.0,1.3576819773643976,135768.19773643976
2025-11-30 17:05:10.763715,204.80274966488872,206.16170595494526,1.7085453559753603,-0.6208582397403989,0,0,0.0013051450234382589,0.003121346991021401,0.0,0.0,0.0,1.3576819773643976,135768.19773643976
2025-11-30 17:20:10.763715,208.5106117885922,209.45745859797657,2.1696926858959387,-0.3022590468852632,0,0,0.018104552452398837,0.01598625034540402,0.0,0.0,0.0,1.3576819773643976,135768.19773643976
2025-11-30 17:35:10.763715,212.7094969981206,212.98112487061866,2.897340622830228,0.20985448400852807,0,0,0.02013751325896851,0.016822825485557136,0.0,0.0,0.0,1.3576819773643976,135768.19773643976
2025-11-30 17:50:10.763715,216.1043213240782,216.82899485633706,2.5015478241680853,-0.07794823287893073,0,0,0.01595990951916737,0.01806671829748252,0.0,0.0,0.0,1.3576819773643976,135768.19773643976
2025-11-30 18:05:10.763715,217.79623875507068,218.93829980380843,2.1155448772356067,-0.35708682901072547,0,0,0.007829169822361814,0.009727965343698353,0.0,0.0,0.0,1.3576819773643976,135768.19773643976
2025-11-30 18:20:10.763715,214.53641481031508,215.23810498234636,2.500860167101166,-0.08504372576337053,0,0,-0.014967310562334912,-0.016900628281017238,0.0,0.0,0.0,1.3576819773643976,135768.19773643976
2025-11-30 18:35:10.763715,219.44719345309912,220.59895138920092,2.1305569989869184,-0.35176317953209174,0,0,0.022890186950900393,0.024906586160913458,0.0,0.0,0.0,1.3576819773643976,135768.19773643976
2025-11-30 18:50:10.763715,215.83141435215305,216.85982400083614,2.1982704178183496,-0.31024992285941566,0,0,-0.01647676164844114,-0.016949887407977093,0.0,0.0,0.0,1.3576819773643976,135768.19773643976
2025-11-30 19:05:10.763715,217.16855425002004,217.86828968459676,2.5419496986056345,-0.07064553876111461,0,0,0.006195297852634729,0.004650311270919083,0.0,0.0,0.0,1.3576819773643976,135768.19773643976
2025-11-30 19:20:10.763715,213.89611323846412,215.4387328263656,1.6629159139648664,-0.7137069482275465,0,0,-0.015068668771393345,-0.011151493692580838,0.0,0.0,0.0,1.3576819773643976,135768.19773643976
2025-11-30 19:35:10.763715,214.41743640882672,215.2530884691099,2.36712121972036,-0.20477717323723646,0,0,0.002437272760451581,-0.0008617037188262122,0.0,0.0,0.0,1.3576819773643976,135768.19773643976
2025-11-30 19:50:10.763715,215.48889983592667,216.3388498197351,2.368978453210417,-0.20899616022029313,0,0,0.004997090931807557,0.005044115084931633,0.0,0.0,0.0,1.3576819773643976,135768.19773643976
2025-11-30 20:05:10.763715,216.29853696718243,217.4059375343622,2.1274051798657467,-0.3887957340445704,0,0,0.003757210380080922,0.0049324830723482815,0.0,0.0,0.0,1.3576819773643976,135768.19773643976
2025-11-30 20:20:10.763715,217.5978309179633,218.80810158001327,2.0453980308957966,-0.4617421276763656,0,0,0.006006947476385527,0.006449520475628523,0.0,0.0,0.0,1.3576819773643976,135768.19773643976
2025-11-30 20:35:10.763715,222.7068033436787,224.1915378632266,1.8510348864937782,-0.6209375097940565,0,0,0.02347896761728996,0.024603459580973208,0.0,0.0,0.0,1.3576819773643976,135768.19773643976
2025-11-30 20:50:10.763715,223.33026430609522,225.7444891609315,0.9446510764441882,-1.2984908621332716,0,0,0.002799469764982465,0.006926895245494391,0.0,0.0,0.0,1.3576819773643976,135768.19773643976
2025-11-30 21:05:10.763715,223.3714708564515,224.94173907334223,1.7766635116406349,-0.6918205453206062,0,0,0.0001845094774071132,-0.0035560118901373228,0.0,0.0,0.0,1.3576819773643976,135768.19773643976
2025-11-30 21:20:10.763715,226.54273166296798,228.24114847041588,1.697607179558787,-0.7660506489054769,0,0,0.014197250859105726,0.014667839817837702,0.0,0.0,0.0,1.3576819773643976,135768.19773643976
2025-11-30 21:35:10.763715,230.7040208802725,232.3732223471364,1.7883040807442399,-0.7049314532243228,0,0,0.01836867237698603,0.0181039830215195,0.0,0.0,0.0,1.3576819773643976,135768.19773643976
2025-11-30 21:50:10.763715,227.1761941975048,228.15624488868366,2.4147100065301856,-0.236038309782124,0,0,-0.015291569992178511,-0.018147432892044235,0.0,0.0,0.0,1.3576819773643976,135768.19773643976
2025-11-30 22:05:10.763715,228.61710731312434,230.23296322769679,1.8098044931179231,-0.7059226588636172,0,0,0.006342711747194807,0.009102176186438937,0.0,0.0,0.0,1.3576819773643976,135768.19773643976
2025-11-30 22:20:10.763715,231.19371947687335,232.69050620303574,1.9654397212157733,-0.59765334678779,0,0,0.011270425883833646,0.010674157778651772,0.0,0.0,0.0,1.3576819773643976,135768.19773643976
2025-11-30 22:35:10.763715,230.09054608289094,231.67738418268465,1.8603139987830275,-0.6926642356674454,0,0,-0.0047716408407572075,-0.004353946522713259,0.0,0.0,0.0,1.3576819773643976,135768.19773643976
2025-11-30 22:50:10.763715,235.12549651043105,236.53150691468346,2.1133666955750527,-0.5026182329438026,0,0,0.021882474153137377,0.020952078465160895,0.0,0.0,0.0,1.3576819773643976,135768.19773643976
2025-11-30 23:05:10.763715,233.5580709698453,236.02331366906674,1.0465729400029886,-1.3339762624816907,0,0,-0.006666335909326748,-0.0021485224198907193,0.0,0.0,0.0,1.3576819773643976,135768.19773643976
2025-11-30 23:20:10.763715,233.98694664993172,236.49196522634952,1.01377017848165,-1.3541453451761987,0,0,0.001836270004738072,0.0019856155309296852,0.0,0.0,0.0,1.3576819773643976,135768.19773643976
2025-11-30 23:35:10.763715,233.15946951069714,235.90239909256258,0.7670869566931628,-1.529883125995558,0,0,-0.003536424365041979,-0.0024929647534649435,0.0,0.0,0.0,1.3576819773643976,135768.19773643976
2025-11-30 23:50:10.763715,233.49778534289544,235.9811294878461,1.0278438314169591,-1.311927279954539,0,0,0.0014510061843435729,0.0003337413929929145,0.0,0.0,0.0,1.3576819773643976,135768.19773643976
2025-12-01 00:05:10.763715,230.1327421685092,232.15557195984792,1.4314373133288427,-1.0100712316000224,0,0,-0.014411456491737695,-0.016211285776540074,0.0,0.0,0.0,1.3576819773643976,135768.19773643976
2025-12-01 00:20:10.763715,225.10835022281793,227.21732821463996,1.2718124662162893,-1.126147676148868,0,0,-0.021832581919231098,-0.021271269534991144,0.0,0.0,0.0,1.3576819773643976,135768.19773643976
2025-12-01 00:35:10.763715,230.03677701652623,232.74059994805242,0.7591488659381014,-1.5051947594678348,0,0,0.02189357608827036,0.024308320922579174,0.0,0.0,0.0,1.3576819773643976,135768.19773643976
2025-12-01 00:50:10.763715,227.26539162725692,229.825450104161,0.8595385002794842,-1.4116242084513577,0,0,-0.012047575284321654,-0.012525317218147869,0.0,0.0,0.0,1.3576819773643976,135768.19773643976
2025-12-01 01:05:10.763715,223.66922186324297,226.4556733158019,0.5830062623539334,-1.5875321535711977,0,0,-0.01582365769933025,-0.014662330855141903,0.0,0.0,0.0,1.3576819773643976,135768.19773643976
2025-12-01 01:20:10.763715,217.34628231752893,219.27976301814027,1.3292058923422019,-1.0204107866881404,0,0,-0.02826915340895697,-0.03168792458405101,0.0,0.0,0.0,1.3576819773643976,135768.19773643976
2025-12-01 01:35:10.763715,215.24373765145978,217.20985176200278,1.2657740557292527,-1.0652247622881268,0,0,-0.009673708901988376,-0.009439590902723838,0.0,0.0,0.0,1.3576819773643976,135768.19773643976
2025-12-01 01:50:10.763715,209.81084478143907,212.96282035517956,0.016720566782709056,-1.9606009998350542,0,0,-0.025240654753998393,-0.019552664726628977,0.0,0.0,0.0,1.3576819773643976,135768.19773643976
2025-12-01 02:05:10.763715,214.81429289034384,218.295101838776,-0.23277323244187187,-2.100122524757153,1,1,0.023847423683541535,0.025038555907098026,0.0,0.001,-0.001,1.3563242953870331,135632.42953870332
2025-12-01 02:20:10.763715,217.6095337333174,221.6490071656927,-0.741534607253783,-2.3780439912077105,0,1,0.013012359677577079,0.015364088789283858,-0.0021231252231591734,0.0,-0.0021231252231591734,1.3534446490647134,135344.46490647134
2025-12-01 02:35:10.763715,214.80024603616582,219.3947956466131,-1.3301514349495562,-2.6726140167054746,0,1,-0.012909763873647173,-0.010170185501415241,-0.002890901629000379,0.0,-0.002890901629000379,1.3495319737239704,134953.19737239703
2025-12-01 02:50:10.763715,221.54660679576386,226.95672573851152,-2.0332060162847654,-2.9894418089942434,0,1,0.031407602570725945,0.03446722639710509,-0.002546782349745355,0.0,-0.002546782349745355,1.3460950095128732,134609.5009512873
2025-12-01 03:05:10.763715,225.02496217028062,230.34676469199482,-1.894448850100531,-2.767066108982431,0,1,0.01570033242586888,0.014936939817280948,0.0009856409027798815,0.0,0.0009856409027798815,1.3474217758132772,134742.1775813277
2025-12-01 03:20:10.763715,224.83763688314966,229.25006057029927,-1.0013879911897163,-2.1511627251929895,0,1,-0.0008324644756042554,-0.0047611006091706765,0.0038577952182378182,0.0,0.0038577952182378182,1.3526198530969593,135261.98530969594
2025-12-01 03:35:10.763715,217.14877566828162,220.83642953373896,-0.40180546814832496,-1.7552774250289587,0,1,-0.03419739382363296,-0.036700670942593994,0.00195720398668163,0.0,0.00195720398668163,1.3552672060659052,135526.72060659053
2025-12-01 03:50:10.763715,224.33424439654038,228.5800387999791,-0.8447280316741796,-1.9724553306440058,0,1,0.033090072491292144,0.03506490882228763,-0.001453101874869904,0.0,-0.001453101874869904,1.353297864747821,135329.7864747821
2025-12-01 04:05:10.763715,220.24494297056853,223.8873091718431,-0.3111234458407637,-1.6267315029364091,0,1,-0.01822860988955155,-0.02052991876618937,0.001995842062049325,0.0,0.001995842062049325,1.3559988335487665,135599.88335487666
2025-12-01 04:20:10.763715,214.97333047753423,218.45102772441268,-0.2273414932816138,-1.549793696589257,0,1,-0.023935226034854984,-0.024281329154114073,-1.5181323955427983e-05,0.0,-1.5181323955427983e-05,1.3559782476911912,135597.82476911912
2025-12-01 04:35:10.763715,217.98258756305285,221.84976454237827,-0.566251064139891,-1.7120931640115635,0,1,0.01399828099064182,0.015558346661812328,-0.0013285713993629478,0.0,-0.0013285713993629478,1.3541767337731505,135417.67337731505
2025-12-01 04:50:10.763715,225.4218065177577,230.14204438575825,-1.2959302512953457,-2.0791576520064265,0,1,0.034127583482111756,0.037377906893365065,-0.002694173614230959,0.0,-0.002694173614230959,1.3505283465480133,135052.83465480132
2025-12-01 05:05:10.763715,229.3160882183802,234.99419104003482,-2.181599605966369,-2.481363885464943,0,1,0.0172755323044389,0.021083269105507396,-0.003494036628743518,0.0,-0.003494036628743518,1.3458095510370183,134580.95510370182
2025-12-01 05:20:10.763715,231.23641419816587,237.01405227117456,-2.251081130210565,-2.419437795015592,0,1,0.008374144154931429,0.008595366643746605,-9.333112700377066e-05,0.0,-9.333112700377066e-05,1.3456839451148876,134568.39451148876
2025-12-01 05:35:10.763715,233.55224722366532,239.16190438440285,-2.051142101070667,-2.231400918668797,0,1,0.010015001458701045,0.009062129830052612,0.0010877080088650196,0.0,0.0010877080088650196,1.34714765631939,134714.765631939
2025-12-01 05:50:10.763715,236.63671253662963,242.2673770695564,-2.025942819462159,-2.143222664646214,0,1,0.013206746454511364,0.012984813334493861,0.0004151355195246252,0.0,0.0004151355195246252,1.3477069051615724,134770.69051615725
2025-12-01 06:05:10.763715,239.2629007998154,245.06559490449013,-2.1563374145549687,-2.1334093211453986,0,1,0.011097974760696738,0.011550122301981824,-0.00028029206012729,0.0,-0.00028029206012729,1.347329153616677,134732.9153616677
2025-12-01 06:20:10.763715,239.97492552017346,246.12604441263107,-2.4889836628817363,-2.2161593004759768,0,1,0.00297590942004744,0.004327206797650307,-0.0012869124138045291,0.0,-0.0012869124138045291,1.3455952590034068,134559.52590034067
2025-12-01 06:35:10.763715,240.86045906082117,246.53569663496154,-2.007007086182341,-1.9250988951292767,0,1,0.003690108617507404,0.0016644001381815876,0.0020504732635512803,0.0,0.0020504732635512803,1.3483543661055548,134835.43661055548
2025-12-01 06:50:10.763715,240.17292099256326,246.32896532400972,-2.4908898203469505,-2.081967367278099,0,1,-0.0028545078380187716,-0.0008385451428477575,-0.0020284394963016746,0.0,-0.0020284394963016746,1.3456193108543355,134561.93108543355
2025-12-01 07:05:10.763715,238.14440604844572,243.58316668790278,-1.8144611542553832,-1.7240766936671275,0,1,-0.008446060179200465,-0.01114687682991422,0.002534961101228977,0.0,0.002534961101228977,1.3490304034644138,134903.04034644138
2025-12-01 07:20:10.763715,236.8571298823057,242.58406377008203,-2.1175001596791105,-1.8110510610942976,0,1,-0.005405443644467267,-0.004101691144777986,-0.0013647819924354782,0.0,-0.0013647819924354782,1.3471892710625175,134718.92710625177
2025-12-01 07:35:10.763715,230.9046977049695,236.52500998732063,-2.1010318509873116,-1.760012908793111,0,1,-0.025130897179637346,-0.024977130354713162,-0.0005254041671810435,0.0,-0.0005254041671810435,1.3464814522055197,134648.14522055196
2025-12-01 07:50:10.763715,230.05223853489252,236.19998928845916,-2.6333063392707743,-1.9478170532874368,0,1,-0.0036918225508177915,-0.0013741493928227655,-0.002338119270937547,0.0,-0.002338119270937547,1.3433332179741582,134333.32179741582
2025-12-01 08:05:10.763715,226.73763526601616,232.74652638331105,-2.545831139778784,-1.8643343178546778,0,1,-0.014408046146326181,-0.014620927441832299,-4.66501740679047e-06,0.0,-4.66501740679047e-06,1.343326951301313,134332.6951301313
2025-12-01 08:20:10.763715,223.83554122397624,228.94828584522116,-1.7061990630708976,-1.465354383281195,0,1,-0.012799348633212526,-0.01631921471444242,0.003277050773864129,0.0,0.003277050773864129,1.3477291019266278,134772.91019266276
2025-12-01 08:35:10.763715,224.88613132347402,229.5898748334597,-1.287651681963041,-1.257067714133128,0,1,0.0046935803570467005,0.0028023314779141995,0.0019329450631129898,0.0,0.0019329450631129898,1.3503341882406104,135033.41882406102
2025-12-01 08:50:10.763715,230.16085753876843,234.4575618554226,-0.8081856628877517,-1.0274049238679928,0,1,0.023455097849975015,0.021201662423022016,0.002568897185866878,0.0,0.002568897185866878,1.3538030579367615,135380.30579367615
2025-12-01 09:05:10.763715,233.66254665109275,237.73327399033124,-0.5334690210459314,-0.8886271794631445,0,1,0.015214094828155167,0.013971450137865826,0.0014505273622765543,0.0,0.0014505273622765543,1.3557667863154323,135576.67863154324
2025-12-01 09:20:10.763715,227.98376957536874,232.22154204986288,-0.7825237939380258,-0.9831003832476725,0,1,-0.02430332613041153,-0.023184520399498365,-0.0014637706416297247,0.0,-0.0014637706416297247,1.353782254696727,135378.2254696727
2025-12-01 09:35:10.763715,224.72079863860165,228.82268826754358,-0.697212850299394,-0.9252425889404837,0,1,-0.014312294874519127,-0.014636255328928427,0.00010618607625663239,0.0,0.00010618607625663239,1.353926007522459,135392.6007522459
2025-12-01 09:50:10.763715,227.57512602267764,232.0978347810767,-1.0693007312701752,-1.0743212653415326,0,1,0.012701660911531132,0.014313032236138001,-0.0013984062167528618,0.0,-0.0013984062167528618,1.3520326689765163,135203.26689765163
2025-12-01 10:05:10.763715,225.1823861430155,228.72528932565677,-0.13967561307069332,-0.632829810390763,0,1,-0.010514065932775596,-0.014530706236880797,0.0038004364019635552,0.0,0.0038004364019635552,1.3571709831483385,135717.09831483386
2025-12-01 10:20:10.763715,223.98005798944757,227.97869378231712,-0.6065168966944725,-0.8307215715446831,0,1,-0.00533935257620155,-0.0032641582640066114,-0.0021237620653640804,0.0,-0.0021237620653640804,1.354288674898115,135428.8674898115
2025-12-01 10:35:10.763715,226.37307485083093,229.89046532073934,-0.09682612449830685,-0.5801626160636288,0,1,0.010684062156534058,0.008385746521767823,0.002423088036796856,0.0,0.002423088036796856,1.3575702355846302,135757.02355846303
2025-12-01 10:50:10.763715,223.7929108903294,226.59806084100308,0.5664263631608719,-0.260058261010498,0,1,-0.011397839439172386,-0.014321622582923355,0.0027106902192261494,0.0,0.0027106902192261494,1.361250187944142,136125.0187944142
2025-12-01 11:05:10.763715,225.14357420430503,226.9792091227782,1.541612540622367,0.20540672623606965,0,1,0.006035326626755877,0.001682045646641983,0.004378308313710477,0.0,0.004378308313710477,1.367210160959058,136721.0160959058
2025-12-01 11:20:10.763715,220.71224209534586,222.5046590851349,1.518253169986309,0.19887524271595028,0,1,-0.019682249980352506,-0.019713479727664907,-0.00026208918519024516,0.0,-0.00026208918519024516,1.3668518299619883,136685.18299619883
2025-12-01 11:35:10.763715,219.2245344753935,220.52862971511487,1.9771733718029907,0.4196103460005672,0,1,-0.006740485284498443,-0.008880844914191055,0.002008220606753073,0.0,0.002008220606753073,1.369596769973296,136959.6769973296
2025-12-01 11:50:10.763715,221.40763489543673,221.61114688782595,3.0938635056869543,0.9436138495345828,0,0,0.009958285121997923,0.00490873758255117,0.005122585160787086,0.001,0.004122585160787086,1.37524304929345,137524.304929345
2025-12-01 12:05:10.763715,216.10453721842165,216.40017365524895,2.9242044439720587,0.8634079350835019,0,0,-0.023951738066844697,-0.023514039369214035,0.0,0.0,0.0,1.37524304929345,137524.304929345
2025-12-01 12:20:10.763715,216.69428395418447,217.85647415190766,2.079319130908999,0.4676680073697662,0,0,0.002728988217247652,0.006729664177528738,0.0,0.0,0.0,1.37524304929345,137524.304929345
2025-12-01 12:35:10.763715,215.72748288567917,217.81409059816258,1.1542709868072336,0.04088282287588971,0,0,-0.0044615900837962075,-0.00019454805697227684,0.0,0.0,0.0,1.37524304929345,137524.304929345
2025-12-01 12:50:10.763715,217.88647145589155,219.6486562788499,1.5059905715124273,0.22088026516896034,0,0,0.010007944010344216,0.008422621675435282,0.0,0.0,0.0,1.37524304929345,137524.304929345
2025-12-01 13:05:10.763715,217.7068498704292,220.40967303476165,0.5766754782682426,-0.20919198803642025,0,0,-0.0008243815426544066,0.0034647002572401053,-0.0,0.0,-0.0,1.37524304929345,137524.304929345
2025-12-01 13:20:10.763715,221.9548599781383,224.9886758332336,0.3138142504093935,-0.3219119562921629,0,0,0.019512523883549626,0.020774962983361345,0.0,0.0,0.0,1.37524304929345,137524.304929345
2025-12-01 13:35:10.763715,222.68600901030678,225.43422671268337,0.6060418013947526,-0.16417959582275016,0,0,0.0032941339164209715,0.0019803257999528867,0.0,0.0,0.0,1.37524304929345,137524.304929345
2025-12-01 13:50:10.763715,221.4986963662527,224.0092522592032,0.8225012664700273,-0.04214848392236474,0,0,-0.005331779258746061,-0.006321020877172678,0.0,0.0,0.0,1.37524304929345,137524.304929345
2025-12-01 14:05:10.763715,222.18899253285446,224.4430091755297,1.085494431397592,0.1061873395188885,0,0,0.0031164795907436815,0.001936334825244579,0.0,0.0,0.0,1.37524304929345,137524.304929345
2025-12-01 14:20:10.763715,224.11796517285651,226.30220328385255,1.1829361072148572,0.1787039599055168,0,0,0.008681675082157003,0.008283591077986374,0.0,0.0,0.0,1.37524304929345,137524.304929345
2025-12-01 14:35:10.763715,224.97999204507826,226.4907691451419,1.859202809374949,0.5617246139960114,0,0,0.003846308668548293,0.0008332480132897668,0.0,0.0,0.0,1.37524304929345,137524.304929345
2025-12-01 14:50:10.763715,224.66572590157492,226.6513797922216,1.3867157614553491,0.3375639146554046,0,0,-0.001396862630523965,0.000709126679581118,-0.0,0.0,-0.0,1.37524304929345,137524.304929345
2025-12-01 15:05:10.763715,222.12580505460943,224.29971924191844,1.1634648608127804,0.243218378748335,0,0,-0.0113053330087306,-0.010375672773132893,0.0,0.0,0.0,1.37524304929345,137524.304929345
2025-12-01 15:20:10.763715,219.70020884619876,222.10265303451223,0.902244481270543,0.11865775953104583,0,0,-0.010919920843120101,-0.009795224955393533,0.0,0.0,0.0,1.37524304929345,137524.304929345
2025-12-01 15:35:10.763715,215.8080108064057,217.50037985287668,1.5438419177372396,0.5170730248566524,0,0,-0.01771595056843034,-0.020721378690242043,0.0,0.0,0.0,1.37524304929345,137524.304929345
2025-12-01 15:50:10.763715,221.8146755459329,223.3062724240749,1.8310005705801018,0.7206181450823648,0,0,0.027833372436371517,0.026693712328803798,0.0,0.0,0.0,1.37524304929345,137524.304929345
2025-12-01 16:05:10.763715,218.1560068447912,219.20038239918242,2.217129926007061,0.9738404069440649,0,0,-0.016494258967027053,-0.01838681009862142,0.0,0.0,0.0,1.37524304929345,137524.304929345
2025-12-01 16:20:10.763715,216.6194276677105,216.95559941786954,2.891933368817803,1.3880630187262772,0,0,-0.0070434878200438256,-0.010240780407147931,0.0,0.0,0.0,1.37524304929345,137524.304929345
2025-12-01 16:35:10.763715,213.81610160377306,214.65167813448792,2.3582483018413427,1.0680758877820014,0,0,-0.012941249518199638,-0.01061932160111767,0.0,0.0,0.0,1.37524304929345,137524.304929345
2025-12-01 16:50:10.763715,217.43136995970326,217.57431673338803,3.094364305123406,1.5102596608700118,0,0,0.016908307320230298,0.01361572676393874,0.0,0.0,0.0,1.37524304929345,137524.304929345
2025-12-01 17:05:10.763715,217.26432809060182,216.63550333674766,3.852167129666924,1.9312172031028085,0,0,-0.0007682510078117488,-0.004314909088239394,0.0,0.0,0.0,1.37524304929345,137524.304929345
2025-12-01 17:20:10.763715,221.46820067835944,220.7503365842943,4.002431505349591,1.9794177385094271,0,0,0.01934911554373775,0.018994270025769255,0.0,0.0,0.0,1.37524304929345,137524.304929345
2025-12-01 17:35:10.763715,220.18416380009037,218.5533183879884,4.882723159210826,2.418201943872451,-1,-1,-0.005797838580600012,-0.00995250213567378,0.0,0.001,-0.001,1.3738678062441565,137386.78062441564
2025-12-01 17:50:10.763715,220.11949314752007,219.49180945940282,3.89352534231071,1.8127702668745294,0,-1,-0.0002937116432634168,0.004294105796867065,0.004523924989594573,0.0,0.004523924989594573,1.3800830811452238,138008.30811452237
2025-12-01 18:05:10.763715,217.20128588700436,216.78036789695017,3.646415820852212,1.6411162800833987,0,-1,-0.013257377703300377,-0.012353269897089958,0.0010879134046734105,0.0,0.0010879134046734105,1.3815844920287648,138158.44920287648
2025-12-01 18:20:10.763715,223.5262955517623,223.89158706994382,2.9660148885467947,1.2489787625530047,0,-1,0.029120498246260063,0.03280379695809943,0.0031952075762961968,0.0,0.0031952075762961968,1.3859989412649885,138599.89412649884
2025-12-01 18:35:10.763715,220.1110354595314,219.9604972148451,3.423353553150946,1.495511328755265,0,-1,-0.015279008153383122,-0.017558006116016545,-0.002017750548073856,0.0,-0.002017750548073856,1.3832023411416212,138320.23411416213
2025-12-01 18:50:10.763715,220.5229051254786,221.0072005738132,2.8040938691908934,1.1472041514573679,0,-1,0.0018711904429840054,0.004758596985465768,0.002816602878832857,0.0,0.002816602878832857,1.387098272837689,138709.82728376891
2025-12-01 19:05:10.763715,222.9000513525929,223.1405709753536,3.079612336726399,1.287714767687425,0,-1,0.010779588749575408,0.00965294522532023,-0.0012702707087052165,0.0,-0.0012702707087052165,1.3853362825316078,138533.62825316077
2025-12-01 19:20:10.763715,224.8806963371859,224.55236293208517,3.6694715651868535,1.5937236871002967,0,-1,0.008885798691270486,0.006326917380199415,-0.0026530201783654212,0.0,-0.0026530201783654212,1.3816609574202297,138166.09574202297
2025-12-01 19:35:10.763715,224.57970106278376,223.95152172486527,3.9603775186635914,1.7214444713605215,0,-1,-0.0013384664815819791,-0.002675728722576931,-0.0012974497926897689,0.0,-0.0012974497926897689,1.3798683216974572,137986.83216974573
2025-12-01 19:50:10.763715,224.23762900051457,223.53819561655808,4.025481642184673,1.7252517354007526,0,-1,-0.0015231655427911939,-0.0018456052681570245,-0.00029497877100588717,0.0,-0.00029497877100588717,1.379461289835773,137946.1289835773
2025-12-01 20:05:10.763715,223.81073009801068,223.7075165914904,3.4317811092935813,1.3954900334369384,0,-1,-0.0019037790597710158,0.000757458806828426,0.002649967557567097,0.0,0.002649967557567097,1.3831168175007573,138311.68175007575
2025-12-01 20:20:10.763715,222.87598018965812,223.23710084571658,2.960447581494236,1.1319086421435403,0,-1,-0.004176519633098952,-0.002102816002525376,0.002104991650427556,0.0,0.002104991650427556,1.3860282668531625,138602.82668531625
2025-12-01 20:35:10.763715,226.57076711249985,226.5107999925637,3.4302450704544754,1.3660522319052741,0,-1,0.01657777082886014,0.01466467327538723,-0.0021312947652315332,0.0,-0.0021312947652315332,1.3830742320635554,138307.42320635554
2025-12-01 20:50:10.763715,234.16810114350736,234.17073145049324,3.4816205671016007,1.3782855694762626,0,-1,0.033531836996584685,0.0338170694650366,-0.00021793525499836514,0.0,-0.00021793525499836514,1.382772811428109,138277.2811428109
2025-12-01 21:05:10.763715,232.23280212705887,232.24389572051138,3.4444876897137533,1.3426416637678846,0,-1,-0.008264571506528373,-0.008228337154035925,0.00015866464403081412,0.0,0.00015866464403081412,1.3829922085840098,138299.22085840098
2025-12-01 21:20:10.763715,227.4783343300651,227.5434136526354,3.3205629949012234,1.2638813965901017,0,-1,-0.020472852040912426,-0.020239421377656663,0.0005345751367316631,0.0,0.0005345751367316631,1.3837315218330124,138373.15218330125
2025-12-01 21:35:10.763715,226.1353503916044,227.26501845905437,2.2518319787369308,0.7106322250737114,0,-1,-0.005903788342814575,-0.0012234816605415366,0.004698510994224266,0.0,0.004698510994224266,1.3902329996013996,139023.29996013996
2025-12-01 21:50:10.763715,234.12889103122873,236.25517213457195,1.3889843823077967,0.26454285865508076,0,-1,0.03534847880166336,0.03955801793199121,0.003620951232502334,0.0,0.003620951232502334,1.3952669654947716,139526.69654947717
2025-12-01 22:05:10.763715,232.43301651895524,233.44752983912556,2.4589769612891246,0.8092518343731416,0,-1,-0.0072433372267897145,-0.011883940021626849,-0.0044637804048164986,0.0,-0.0044637804048164986,1.3890388001547083,138903.88001547082
2025-12-01 22:20:10.763715,237.30294220434925,239.28231576489875,1.5809331126770019,0.3595821842073689,0,-1,0.0209519532049649,0.024993992996173775,0.0036701515479410952,0.0,0.0036701515479410952,1.3941367830572464,139413.67830572464
2025-12-01 22:35:10.763715,243.214924520738,245.40492578296508,1.4614043676239703,0.30013277087167184,0,-1,0.024913228051330893,0.025587390353083883,0.00029344483697367127,0.0,0.00029344483697367127,1.3945458852982695,139454.58852982696
2025-12-01 22:50:10.763715,241.80986235378907,243.3999027280172,2.031532307292906,0.5955994538058706,0,-1,-0.005777039257429006,-0.008170264099430113,-0.002271658625533173,0.0,-0.002271658625533173,1.3913779531092298,139137.795310923
2025-12-01 23:05:10.763715,243.1586598262903,245.51069909076563,1.3009401775164235,0.22285036016621743,0,-1,0.005577925810684281,0.008672133140115168,0.0029651737508684124,0.0,0.0029651737508684124,1.3955036304933264,139550.36304933263
2025-12-01 23:20:10.763715,249.04587918046073,251.60652951316882,1.183029609495577,0.16645351847868475,0,-1,0.0242114319859148,0.024829184410205984,0.0002483163852598537,0.0,0.0002483163852598537,1.3958501569104673,139585.01569104672
2025-12-01 23:35:10.763715,248.18215729686483,250.2047444129544,1.7002355185827582,0.4339721012345171,0,-1,-0.003468123569995041,-0.005571338323082209,-0.002020318225832052,0.0,-0.002020318225832052,1.3930300953979307,139303.00953979307
2025-12-01 23:50:10.763715,247.46298075074642,249.4668036741711,1.7080198135968772,0.44058037469709443,0,-1,-0.00289777699554028,-0.0029493475054387375,-7.686859024756514e-06,0.0,-7.686859024756514e-06,1.39301938737197,139301.938737197
2025-12-02 00:05:10.763715,246.83837733746327,247.32435201301075,3.1939902984981074,1.187834626741922,0,-1,-0.002524027680375629,-0.008588123267729841,-0.005936312000494277,0.0,-0.005936312000494277,1.3847499896657927,138474.99896657927
2025-12-02 00:20:10.763715,242.38390846906367,243.61260770489986,2.396038305345286,0.7695613551053537,0,-1,-0.018046095248429372,-0.015007597423789654,0.0032617974407697856,0.0,0.0032617974407697856,1.3892667636381906,138926.67636381905
2025-12-02 00:35:10.763715,240.6455826943678,241.27566719735526,2.959881455273859,1.0406320672089535,0,-1,-0.007171787045086586,-0.009592855351622243,-0.0022783352056188547,0.0,-0.0022783352056188547,1.3861015482605976,138610.15482605976
2025-12-02 00:50:10.763715,236.34027079505407,236.91016605233264,2.95511595157339,1.0229330821355647,0,-1,-0.0178906749548845,-0.018093416529449624,6.647226769206441e-05,0.0,6.647226769206441e-05,1.3861936855737618,138619.36855737618
2025-12-02 01:05:10.763715,236.8000635016745,237.05502213808947,3.272207901330063,1.1660787858117845,0,-1,0.0019454691537488245,0.0006114388764761891,-0.0013431279404460693,0.0,-0.0013431279404460693,1.3843318501037978,138433.1850103798
2025-12-02 01:20:10.763715,234.3770569561689,234.35631635089922,3.5077528165552394,1.2628628827703992,0,-1,-0.010232288411056278,-0.011384301259891427,-0.0009826246363546422,0.0,-0.0009826246363546422,1.3829715715229953,138297.15715229954
2025-12-02 01:35:10.763715,234.72801094557946,235.20311625522163,3.0245065262358253,1.0057772458598742,0,-1,0.001497390546533639,0.0036133009662708826,0.0020621477356815203,0.0,0.0020621477356815203,1.3858234632177233,138582.34632177232
2025-12-02 01:50:10.763715,229.64565970724044,229.80038266636612,3.264501037021745,1.1058181867487842,0,-1,-0.021652086676256732,-0.022970501730057657,-0.0009766345493141745,0.0,-0.0009766345493141745,1.3844700201442948,138447.00201442948
2025-12-02 02:05:10.763715,229.75809700013656,230.96685932668706,2.227817798170946,0.5864549252741768,0,-1,0.0004896120964770212,0.005076043158789956,0.004510904083756015,0.0,0.004510904083756015,1.3907152316120015,139071.52316120014
2025-12-02 02:20:10.763715,232.8255578826686,233.89613949956657,2.409583574751281,0.6690321646573166,0,-1,0.013350828208375187,0.012682686085003336,-0.0008568491398453938,0.0,-0.0008568491398453938,1.389523598462025,138952.35984620248
2025-12-02 02:35:10.763715,226.41821365993593,227.02749509133088,2.7686844796911316,0.834861796968054,0,-1,-0.027519935014873265,-0.029366215376327,-0.001409337362814126,0.0,-0.001409337362814126,1.3875652909382004,138756.52909382005
2025-12-02 02:50:10.763715,227.93565644927412,228.32772390309427,3.005244698129758,0.9329539333262828,0,-1,0.006701946653537627,0.00572718652972104,-0.0010599755328843134,0.0,-0.0010599755328843134,1.3860945056795264,138609.45056795265
2025-12-02 03:05:10.763715,232.46703049469093,232.59459845039947,3.333231470158921,1.0713478962767329,0,-1,0.01988005789004421,0.01868750090600524,-0.0014706102700450634,0.0,-0.0014706102700450634,1.3840561008642212,138405.61008642212
2025-12-02 03:20:10.763715,228.62426484711386,228.4351590089875,3.5880165282850953,1.1706899592996607,0,-1,-0.016530368368364523,-0.01788278605403193,-0.001086337836345791,0.0,-0.001086337836345791,1.3825525483542271,138255.2548354227
2025-12-02 03:35:10.763715,234.1534524118124,234.26219695028036,3.3768672603841594,1.047682277681821,0,-1,0.024184605113529933,0.02550849863292526,0.0009443498927947519,0.0,0.0009443498927947519,1.3838581617050487,138385.81617050487
2025-12-02 03:50:10.763715,235.05828589959063,235.76281370981843,2.8034118227806175,0.7535685998232028,0,-1,0.003864275663921779,0.00640571453300498,0.002446127570687672,0.0,0.002446127570687672,1.3872432553083167,138724.32553083167
2025-12-02 04:05:10.763715,232.31406584571403,233.30604631161958,2.479404667308728,0.5795875214484725,0,-1,-0.01167463654120593,-0.010420504232795169,0.0014091800838379152,0.0,0.0014091800838379152,1.3891981308751356,138919.81308751355
2025-12-02 04:20:10.763715,232.71058074344842,233.13427123807168,3.0451387792551827,0.8422124142975989,0,-1,0.0017068053812880901,-0.0007362649886856198,-0.0024321154059844113,0.0,-0.0024321154059844113,1.3858194406990694,138581.94406990692
2025-12-02 04:35:10.763715,235.25207448111752,235.1184577519455,3.631968922300416,1.1108456408238507,0,-1,0.010921264213899162,0.008510917349631608,-0.0025369816961744156,0.0,-0.0025369816961744156,1.382303642143813,138230.36421438132
2025-12-02 04:50:10.763715,235.31570170347828,235.41020451126684,3.4081903159714386,0.9802631996910676,0,-1,0.000270464022479322,0.0012408500894010022,0.0009519233282957772,0.0,0.0009519233282957772,1.383619489227558,138361.9489227558
2025-12-02 05:05:10.763715,237.0920800961466,237.34407544803568,3.2794720403718145,0.8983306748623402,0,-1,0.007548915689896241,0.008214898503587476,0.0005437524772423964,0.0,0.0005437524772423964,1.3843718357523864,138437.18357523865
2025-12-02 05:20:10.763715,233.48879573753248,234.1122683426761,2.8599083902307996,0.6758370222287698,0,-1,-0.01519782675639303,-0.01361654846137994,0.0017838803477322508,0.0,0.0017838803477322508,1.3868413894641394,138684.13894641394
2025-12-02 05:35:10.763715,234.60908836795554,234.73123807782227,3.370441001117115,0.9108149887435896,0,-1,0.0047980573409713845,0.002643901319345554,-0.0021934949066601383,0.0,-0.0021934949066601383,1.3837993599400045,138379.93599400044
2025-12-02 05:50:10.763715,230.2039325956089,229.8289816836209,3.79460043591277,1.1007545271115549,0,-1,-0.018776577680731932,-0.020884550494195797,-0.001797229396199057,0.0,-0.001797229396199057,1.3813123550518789,138131.23550518788
2025-12-02 06:05:10.763715,230.73905110881992,229.46880252023942,4.684538968956161,1.520431341958952,0,-1,0.0023245411456591647,-0.0015671616379403508,-0.003868384821217934,0.0,-0.003868384821217934,1.3759689073042354,137596.89073042353
2025-12-02 06:20:10.763715,227.24844450725342,226.40115975471625,4.2159313544570125,1.267428389245469,0,-1,-0.015127940349898839,-0.01336845240761042,0.0019583985478021596,0.0,0.0019583985478021596,1.378663602814121,137866.3602814121
2025-12-02 06:35:10.763715,224.61241021220764,223.93940900890254,4.005019157678959,1.1435506334490588,0,-1,-0.011599790268142618,-0.010873401657839454,0.0008881750940193875,0.0,0.0008881750940193875,1.3798880974891714,137988.80974891715
2025-12-02 06:50:10.763715,228.63764592287652,228.15310514794845,3.8792547561053823,1.0634257255382933,0,-1,0.017920807255778826,0.018816233184210995,0.0006154572213566585,0.0,0.0006154572213566585,1.3807373595834351,138073.73595834352
2025-12-02 07:05:10.763715,232.4655610684463,231.94182112513073,3.97482662689427,1.099326587548857,0,-1,0.01674227850850518,0.016606024164016686,-0.00038333711973628434,0.0,-0.00038333711973628434,1.3802080717009002,138020.80717009003
2025-12-02 07:20:10.763715,234.2964550970877,234.09420996449262,3.685357435466443,0.9351529319422056,0,-1,0.007875979651464693,0.009279865221894168,0.0012658094824806506,0.0,0.0012658094824806506,1.3819551521658555,138195.51521658554
2025-12-02 07:35:10.763715,230.17241083440928,230.31293003195518,3.2863310446122966,0.7046896815922319,0,-1,-0.01760182099626517,-0.01615281272061786,0.0016893476702940016,0.0,0.0016893476702940016,1.3842897548826176,138428.97548826176
2025-12-02 07:50:10.763715,229.5301562028442,229.24534894687702,3.6957728471880102,0.9239431278406736,0,-1,-0.00279031978349098,-0.004635350194754695,-0.0017760605495404534,0.0,-0.0017760605495404534,1.3818311724598376,138183.11724598377
2025-12-02 08:05:10.763715,233.8247067275317,233.47833481906676,3.82032054045186,0.9833686403274079,0,-1,0.01871017994207369,0.018464871333859323,-0.0005200493654661485,0.0,-0.0005200493654661485,1.3811125520354186,138111.25520354186
2025-12-02 08:20:10.763715,233.75978706513067,233.99857884048964,3.2428976219881633,0.6339293937459237,0,-1,-0.0002776424412527234,0.0022282325331215436,0.00247272086880732,0.0,0.00247272086880732,1.3845276578650083,138452.76578650082
2025-12-02 08:35:10.763715,242.25732922314415,242.30687106764123,3.5557675043073402,0.8137219203728601,0,-1,0.036351599497504106,0.03550573797636236,-0.0013741551204868654,0.0,-0.0013741551204868654,1.3826251020944973,138262.51020944974
2025-12-02 08:50:10.763715,244.12438558366682,243.76502590066082,3.9863650705084694,1.0860940321189858,0,-1,0.007706913827993711,0.006017802246361059,-0.0017786510924292943,0.0,-0.0017786510924292943,1.3801658944462367,138016.58944462368
2025-12-02 09:05:10.763715,244.75545246388668,244.49270924855338,3.900575879691644,1.0371457130674022,0,-1,0.00258502188837495,0.0029851835602909826,0.00035574481262354556,0.0,0.00035574481262354556,1.3806568813037459,138065.6881303746
2025-12-02 09:20:10.763715,243.61952765145148,243.38601997514792,3.8548737948885616,1.0035575161305146,0,-1,-0.004641060295082933,-0.004526471471508753,0.0001819386673545956,0.0,0.0001819386673545956,1.380908076176804,138090.8076176804
2025-12-02 09:35:10.763715,244.2632028274055,243.89842705319964,3.9937660514486595,1.0970057140547915,0,-1,0.002642132928173835,0.002105326666272944,-0.0005681316381841005,0.0,-0.0005681316381841005,1.380123538609304,138012.3538609304
2025-12-02 09:50:10.763715,243.19817358813995,243.36559247657422,3.4536432872569094,0.6921034268148448,0,-1,-0.004360170614884251,-0.0021846576997776035,0.002208018666157954,0.0,0.002208018666157954,1.3831708771441573,138317.08771441574
2025-12-02 10:05:10.763715,245.60529444313997,245.98890632098232,3.2764828596842506,0.5451152584088654,0,-1,0.009897775215518267,0.010779312793202767,0.0007211510520536511,0.0,0.0007211510520536511,1.38416835227738,138416.835227738
2025-12-02 10:20:10.763715,247.83476590731559,249.56938517191975,1.9787497932815938,-0.48809381109085626,0,-1,0.009077456857070176,0.014555448473214438,0.005261419571673134,0.0,0.005261419571673134,1.3914510427365427,139145.1042736543
2025-12-02 10:35:10.763715,245.48038248816235,246.6689443906512,2.481651192801678,-0.11837800128666522,0,-1,-0.00949981093465202,-0.01162178117027668,-0.0019490485346496146,0.0,-0.0019490485346496146,1.3887390371206605,138873.90371206604
2025-12-02 10:50:10.763715,240.03244610816574,241.81637017704753,1.81408706572563,-0.7244863022037463,0,0,-0.022192960287811703,-0.019672416507846346,0.002813251728513433,0.001,0.0018132517285134328,1.3912571705801735,139125.71705801736
2025-12-02 11:05:10.763715,234.55015430285675,235.27041544281073,2.780352047594789,0.08603122445951474,0,0,-0.022839794761906895,-0.02706994042398425,0.0,0.0,0.0,1.3912571705801735,139125.71705801736
2025-12-02 11:20:10.763715,236.06505269738068,237.0937011513544,2.4990935928665294,-0.20048773677291232,0,0,0.006458739705486938,0.007749744926968338,0.0,0.0,0.0,1.3912571705801735,139125.71705801736
2025-12-02 11:35:10.763715,232.24293368064235,233.22529726125646,2.487820079010504,-0.24359943196844946,0,0,-0.016190956573474802,-0.016315928560364568,0.0,0.0,0.0,1.3912571705801735,139125.71705801736
2025-12-02 11:50:10.763715,224.87582485117358,225.8365637746206,2.399506995667707,-0.35423321605139874,0,0,-0.03172156290274608,-0.0316806691786915,0.0,0.0,0.0,1.3912571705801735,139125.71705801736
2025-12-02 12:05:10.763715,225.9909958381769,227.17945312959804,2.1917696192543303,-0.5687152424799125,0,0,0.004959052346962478,0.005946288468671623,0.0,0.0,0.0,1.3912571705801735,139125.71705801736
2025-12-02 12:20:10.763715,234.93754535636984,235.85925272314734,2.5876671924251866,-0.18818665618146388,0,0,0.039588079538351195,0.03820679851974895,0.0,0.0,0.0,1.3912571705801735,139125.71705801736
2025-12-02 12:35:10.763715,233.65208060319588,235.86136044795006,1.3001260755069097,-1.4567583315297667,0,0,-0.0054715169140976405,8.936366830525344e-06,-0.0,0.0,-0.0,1.3912571705801735,139125.71705801736
2025-12-02 12:50:10.763715,237.17005061053726,238.8704938407705,1.8537359013905075,-0.8923285626002091,0,0,0.015056446312223581,0.012758060019264938,0.0,0.0,0.0,1.3912571705801735,139125.71705801736
2025-12-02 13:05:10.763715,237.628340322022,239.18779072921703,1.999449818111401,-0.7372634825075779,0,0,0.0019323253939735885,0.0013283218171684652,0.0,0.0,0.0,1.3912571705801735,139125.71705801736
2025-12-02 13:20:10.763715,236.6907146316932,238.8571402977045,1.3875547768446097,-1.324404105876582,0,0,-0.003945765429570369,-0.0013823884175043766,0.0,0.0,0.0,1.3912571705801735,139125.71705801736
2025-12-02 13:35:10.763715,239.33718101706575,242.19708150753698,0.7437752879531843,-1.9367911450022288,0,0,0.011181116206821384,0.013983007607265563,0.0,0.0,0.0,1.3912571705801735,139125.71705801736
2025-12-02 13:50:10.763715,239.23614065319816,241.16893498308812,1.6555835485607417,-1.0537949526947104,0,0,-0.00042216743524015055,-0.004245082220021956,0.0,0.0,0.0,1.3912571705801735,139125.71705801736
2025-12-02 14:05:10.763715,239.70088996280265,242.1623932678661,1.1416563434046623,-1.575729326897079,0,0,0.0019426383837140015,0.004119345988104373,0.0,0.0,0.0,1.3912571705801735,139125.71705801736
2025-12-02 14:20:10.763715,240.27780381545284,243.35809845298678,0.5406560337942778,-2.1803194207773386,1,1,0.0024068073036345172,0.004937617146020035,0.0,0.001,-0.001,1.3898659134095934,138986.59134095933
2025-12-02 14:35:10.763715,238.6097010452749,240.9555936876136,1.239310908600487,-1.5132238248297025,0,1,-0.006942392279642884,-0.009872302506658936,0.002783019202569837,0.0,0.002783019202569837,1.3937339369356094,139373.39369356094
2025-12-02 14:50:10.763715,242.24888202242553,244.5924346256239,1.295763885505039,-1.473491199724932,0,1,0.015251605283475467,0.015093407388272917,0.0003827742867942817,0.0,0.0003827742867942817,1.394267422449301,139426.7422449301
2025-12-02 15:05:10.763715,241.19977969325078,243.97576506298978,0.8541556278629798,-1.9083789461599996,0,1,-0.004330679755531919,-0.0025212127414243612,-0.0018469804029228694,0.0,-0.0018469804029228694,1.3916922378436034,139169.22378436034
2025-12-02 15:20:10.763715,238.74724128082016,241.24975374092406,1.0870679291212753,-1.6709067804979134,0,1,-0.010168078990576479,-0.011173287319590552,0.0008389598150833552,0.0,0.0008389598150833552,1.3928598117061175,139285.98117061175
2025-12-02 15:35:10.763715,240.13133117289345,243.22340110433518,0.5268765639082744,-2.173931540133029,0,1,0.005797302136971272,0.008180930064412006,-0.0022619030109611443,0.0,-0.0022619030109611443,1.3897092979041725,138970.92979041726
2025-12-02 15:50:10.763715,237.65794464226016,239.99146192153958,1.2373408539900481,-1.471665245430054,0,1,-0.010300140837733784,-0.013287945025524883,0.002790091460059369,0.0,0.002790091460059369,1.39358671394822,139358.671394822
2025-12-02 16:05:10.763715,238.32453380513925,240.11694241762632,1.780316558244607,-0.9528312430055496,0,1,0.002804825918538034,0.0005228540010633331,0.0022897515169957037,0.0,0.0022897515169957037,1.3967776812405481,139677.76812405483
2025-12-02 16:20:10.763715,238.57147407830283,240.10810989043927,2.0359579384968356,-0.7219670703714391,0,1,0.0010361512900953773,-3.6784273105161525e-05,0.001072388246142914,0.0,0.001072388246142914,1.3982755692083852,139827.5569208385
2025-12-02 16:35:10.763715,242.4979121467429,244.07552675563488,2.054010753398302,-0.7125379729297022,0,1,0.016458120500824513,0.016523460482054997,0.00018051432033376266,0.0,0.00018051432033376266,1.3985279779724002,139852.79779724003
2025-12-02 16:50:10.763715,245.02748086880518,245.8442454357118,2.8411777461354006,0.07032992311165513,0,1,0.010431301035414897,0.007246603965533005,0.003292520050340114,0.0,0.003292520050340114,1.4031326593808362,140313.2659380836
2025-12-02 17:05:10.763715,244.88923925045358,245.77654817592048,2.7696261129462982,-0.007651518347064374,0,1,-0.0005641882202821469,-0.0002753664608717843,-0.00029291896586329514,0.0,-0.00029291896586329514,1.4027216552132815,140272.16552132816
2025-12-02 17:20:10.763715,247.1335783595584,248.83481354011175,2.001204108977703,-0.7748667622709575,0,1,0.009164711017822569,0.012443275759582484,-0.0030934199366286948,0.0,-0.0030934199366286948,1.398382448079504,139838.2448079504
2025-12-02 17:35:10.763715,252.32671738017362,254.10368442329246,2.003868328904929,-0.7669572425633663,0,1,0.02101349017436882,0.021174170961939742,0.00015437192301009234,0.0,0.00015437192301009234,1.3985983190671176,139859.83190671177
2025-12-02 17:50:10.763715,255.37596619688927,256.26435405576547,2.9245963432294957,0.16293203118180372,0,1,0.012084526158684383,0.008503102335476909,0.003707942374699057,0.0,0.003707942374699057,1.4037842410395696,140378.42410395696
2025-12-02 18:05:10.763715,254.83450336156258,256.32978395414636,2.318677147842493,-0.43490823841833415,0,1,-0.002120257608381304,0.00025532188673671463,-0.0023717805339860034,0.0,-0.0023717805339860034,1.4004547729027557,140045.47729027556
2025-12-02 18:20:10.763715,249.86668328742257,251.3602805220023,2.246418743056722,-0.49384015732729997,0,1,-0.01949429927505386,-0.01938714789785423,-0.00039561478417943566,0.0,-0.00039561478417943566,1.3999007322900205,139990.07322900207
2025-12-02 18:35:10.763715,246.25988861724002,247.40102068025783,2.539973672169083,-0.17455142732485818,0,1,-0.014434876321760881,-0.015751334433277364,0.0010820923544159061,0.0,0.0010820923544159061,1.401415554169373,140141.55541693728
2025-12-02 18:50:10.763715,245.12128782081575,246.2955444451298,2.4904006140232866,-0.21339794105563098,0,1,-0.004623573911356704,-0.004468357616667862,-0.00022170145632784913,0.0,-0.00022170145632784913,1.4011048583000931,140110.4858300093
2025-12-02 19:05:10.763715,242.46683363435727,244.07841142789536,2.020090490093338,-0.6943034935614393,0,1,-0.010829145889600933,-0.009001920932956042,-0.0019611654823666093,0.0,-0.0019611654823666093,1.398357059814819,139835.7059814819
2025-12-02 19:20:10.763715,242.3718720191355,243.41917626532256,2.5745552083170082,-0.10365425832019837,0,1,-0.0003916478546709401,-0.002700915491526623,0.0022690804319736007,0.0,0.0022690804319736007,1.401530044456157,140153.0044456157
2025-12-02 19:35:10.763715,243.69544171442664,243.65047317336095,3.6702694865238925,1.0507889212016281,0,0,0.0054609047009654965,0.0009502000277343825,0.004524842799104848,0.001,0.0035248427991048477,1.4064702175410873,140647.02175410872
2025-12-02 19:50:10.763715,245.55189446120494,245.6186433073115,3.5878367092048506,0.9511564042566041,0,0,0.007617921507755421,0.008077842445026295,0.0,0.0,0.0,1.4064702175410873,140647.02175410872
2025-12-02 20:05:10.763715,244.76584149334113,245.3835805104348,3.033349014208625,0.36896740835755865,0,0,-0.0032011684112174255,-0.0009570234315746662,0.0,0.0,0.0,1.4064702175410873,140647.02175410872
2025-12-02 20:20:10.763715,245.639652923578,247.20554229273483,2.1123078225995187,-0.5850356832860133,0,0,0.0035699892799814226,0.007424953937464229,0.0,0.0,0.0,1.4064702175410873,140647.02175410872
2025-12-02 20:35:10.763715,245.9796624801571,247.46948013825323,2.1923066925465946,-0.4860303647789876,0,0,0.001384180251569056,0.001067685793249229,0.0,0.0,0.0,1.4064702175410873,140647.02175410872
2025-12-02 20:50:10.763715,239.6460798433077,240.2680712002883,2.9529824747593523,0.3382899988602,0,0,-0.0257483995749459,-0.029100190188873998,0.0,0.0,0.0,1.4064702175410873,140647.02175410872
2025-12-02 21:05:10.763715,236.6430365609434,236.93011694190903,3.2382276792648383,0.648100750353296,0,0,-0.012531159634774025,-0.013892625190288888,0.0,0.0,0.0,1.4064702175410873,140647.02175410872
2025-12-02 21:20:10.763715,236.10037338111147,236.44223274605008,3.176189415170313,0.5783365547796995,0,0,-0.0022931719763161773,-0.0020591902884957713,0.0,0.0,0.0,1.4064702175410873,140647.02175410872
2025-12-02 21:35:10.763715,231.71471359659046,232.21379975130466,2.9560473273696175,0.3476910567911679,0,0,-0.018575403849284466,-0.017883577504899217,0.0,0.0,0.0,1.4064702175410873,140647.02175410872
2025-12-02 21:50:10.763715,233.1294637374908,234.33633885541195,2.279839846113731,-0.37036542731381195,0,0,0.006105568865011346,0.009140452059182014,0.0,0.0,0.0,1.4064702175410873,140647.02175410872
2025-12-02 22:05:10.763715,238.7148841869196,239.80322504226334,2.4797164816558848,-0.1440233242344565,0,0,0.02395844935206526,0.023329229318652667,0.0,0.0,0.0,1.4064702175410873,140647.02175410872
2025-12-02 22:20:10.763715,243.35293163975123,244.25191205487104,2.735269402537881,0.14061011069541646,0,0,0.01942923445527578,0.01855140610316508,0.0,0.0,0.0,1.4064702175410873,140647.02175410872
2025-12-02 22:35:10.763715,241.79579782865457,243.49550346711305,1.9232894964865466,-0.7397434547133905,0,0,-0.006398664690844047,-0.003096837938316943,0.0,0.0,0.0,1.4064702175410873,140647.02175410872
2025-12-02 22:50:10.763715,247.82142276541134,249.02651286123017,2.500201508017369,-0.1251170562091579,0,0,0.024920304615991595,0.022715037096626034,0.0,0.0,0.0,1.4064702175410873,140647.02175410872
2025-12-02 23:05:10.763715,248.59801226713543,249.60742409137674,2.70452321871673,0.09654014738679141,0,0,0.003133665738249025,0.0023327284451446495,0.0,0.0,0.0,1.4064702175410873,140647.02175410872
2025-12-02 23:20:10.763715,248.0518989667692,248.3733581398791,3.3741140731216603,0.8147673159798227,0,0,-0.0021967725943818905,-0.0049440274302333664,0.0,0.0,0.0,1.4064702175410873,140647.02175410872
2025-12-02 23:35:10.763715,245.13828395234697,246.12315739936807,2.677218826381619,0.033914220730846996,0,0,-0.011745989555244418,-0.009059750841890812,0.0,0.0,0.0,1.4064702175410873,140647.02175410872
2025-12-02 23:50:10.763715,243.35414925594102,245.0335169808935,1.9665116743775855,-0.7546858948085035,0,0,-0.00727807451223228,-0.004427216154660685,0.0,0.0,0.0,1.4064702175410873,140647.02175410872
2025-12-03 00:05:10.763715,241.92272405791073,243.63527999463872,1.9125189478304776,-0.8280447767732496,0,0,-0.005882066126289165,-0.005706309093885253,0.0,0.0,0.0,1.4064702175410873,140647.02175410872
2025-12-03 00:20:10.763715,242.7662699760519,244.28329484500057,2.117691896534893,-0.6161964540444888,0,0,0.0034868403595655906,0.0026597742756144793,0.0,0.0,0.0,1.4064702175410873,140647.02175410872
2025-12-03 00:35:10.763715,244.2124950991025,244.8968755873713,2.9594658094354998,0.32514293087860596,0,0,0.005957273731615587,0.002511758909916617,0.0,0.0,0.0,1.4064702175410873,140647.02175410872
2025-12-03 00:50:10.763715,244.52140900551709,244.93255728638394,3.233228928579507,0.6223232676790057,0,0,0.0012649389880285966,0.0001457009156489164,0.0,0.0,0.0,1.4064702175410873,140647.02175410872
2025-12-03 01:05:10.763715,245.86176616787577,246.56779073894955,2.9626834484236326,0.3157780093924785,0,0,0.005481553405936923,0.006676260072088436,0.0,0.0,0.0,1.4064702175410873,140647.02175410872
2025-12-03 01:20:10.763715,249.51233551754387,251.03607726715452,2.211450373793099,-0.5422191580117989,0,0,0.014848056314601843,0.018121939263898934,0.0,0.0,0.0,1.4064702175410873,140647.02175410872
2025-12-03 01:35:10.763715,253.52123651327994,254.66271286195857,2.647676866117365,-0.03938761981191274,0,0,0.016066945096805396,0.014446670909952664,0.0,0.0,0.0,1.4064702175410873,140647.02175410872
2025-12-03 01:50:10.763715,247.6539194535567,249.07810088077235,2.281877760174126,-0.4503155409590913,0,0,-0.023143296160974214,-0.02192944510181738,0.0,0.0,0.0,1.4064702175410873,140647.02175410872
2025-12-03 02:05:10.763715,239.54608337618717,239.74064385559913,3.3725657055475153,0.7961364879213675,0,0,-0.03273857363234678,-0.03748806897175938,0.0,0.0,0.0,1.4064702175410873,140647.02175410872
2025-12-03 02:20:10.763715,242.55175835683926,243.14852900415045,3.0210618182072437,0.401279455204028,0,0,0.01254737684828644,0.014214882773919468,0.0,0.0,0.0,1.4064702175410873,140647.02175410872
2025-12-03 02:35:10.763715,238.60381773484937,238.23779335346202,3.9107894961000795,1.3993946842527714,0,0,-0.016276693472498827,-0.020196444004004666,0.0,0.0,0.0,1.4064702175410873,140647.02175410872
2025-12-03 02:50:10.763715,238.0901765940914,237.45967642363613,4.1636876017568625,1.6568752710657317,0,0,-0.002152694561361801,-0.0032661355651134594,0.0,0.0,0.0,1.4064702175410873,140647.02175410872
2025-12-03 03:05:10.763715,233.9937879686007,233.3515536013334,4.11429660821824,1.5625101536684853,0,0,-0.017205197980403875,-0.017300296556345462,0.0,0.0,0.0,1.4064702175410873,140647.02175410872
2025-12-03 03:20:10.763715,227.7283816395141,227.15132461101044,3.9568654120008375,1.3581787505523604,0,0,-0.02677595154759982,-0.026570335164408876,0.0,0.0,0.0,1.4064702175410873,140647.02175410872
2025-12-03 03:35:10.763715,229.2427539646753,229.02664821815458,3.623817266660609,0.9771756065099486,0,0,0.006649905972450965,0.008255833904361243,0.0,0.0,0.0,1.4064702175410873,140647.02175410872
2025-12-03 03:50:10.763715,231.88730989465043,231.67272136726922,3.661671247438335,1.0066857530505284,0,0,0.011536050253447172,0.011553560119319295,0.0,0.0,0.0,1.4064702175410873,140647.02175410872
2025-12-03 04:05:10.763715,229.96274838184422,229.70090186081887,3.6795903318330545,1.0192095143376168,0,0,-0.008299555131673908,-0.008511228662628878,0.0,0.0,0.0,1.4064702175410873,140647.02175410872
2025-12-03 04:20:10.763715,221.28108822455042,220.96678620549662,3.6020900069542847,0.9346532632727637,0,0,-0.03775246303317892,-0.0380238631392682,0.0,0.0,0.0,1.4064702175410873,140647.02175410872
2025-12-03 04:35:10.763715,219.437987602562,219.18557267879856,3.513700048778844,0.8361107727706741,0,0,-0.008329227937084571,-0.008061001190656558,0.0,0.0,0.0,1.4064702175410873,140647.02175410872
2025-12-03 04:50:10.763715,220.66499939899077,220.49958105717158,3.44625473531525,0.7537106473971024,0,0,0.0055916106861637616,0.005994958346545065,0.0,0.0,0.0,1.4064702175410873,140647.02175410872
2025-12-03 05:05:10.763715,214.96584901111746,215.6835142456642,2.4915123957310357,-0.2802371677661574,0,0,-0.025827160643489777,-0.021841614339660143,0.0,0.0,0.0,1.4064702175410873,140647.02175410872
2025-12-03 05:20:10.763715,215.77648554439594,216.29917529805468,2.695648361990777,-0.05543148008597828,0,0,0.003771001473059865,0.0028544650458970366,0.0,0.0,0.0,1.4064702175410873,140647.02175410872
2025-12-03 05:35:10.763715,215.24537264456015,216.2711344170913,2.192159119909462,-0.5870431443378832,0,0,-0.00246140305092013,-0.0001296393336901458,0.0,0.0,0.0,1.4064702175410873,140647.02175410872
2025-12-03 05:50:10.763715,216.4931192941635,218.18040031037805,1.5590480437043084,-1.248313135607015,0,0,0.005796857020772261,0.00882811244520787,0.0,0.0,0.0,1.4064702175410873,140647.02175410872
2025-12-03 06:05:10.763715,216.08124301372808,218.5939611978361,0.73976429163136,-2.0640787087021066,1,1,-0.0019024913206400207,0.001895499718901128,-0.0,0.001,-0.001,1.405063747323546,140506.3747323546
2025-12-03 06:20:10.763715,212.2748532463934,215.4480722245608,0.03245548558422229,-2.679834728342607,0,1,-0.01761554919920949,-0.014391472463542332,-0.003438208963891864,0.0,-0.003438208963891864,1.4002328445526588,140023.28445526588
2025-12-03 06:35:10.763715,215.4448120289322,219.37190566219024,-0.6630360402393478,-3.1791625877732184,0,1,0.014933275110355915,0.018212432337475937,-0.0030081725361723183,0.0,-0.0030081725361723183,1.396020702565429,139602.0702565429
2025-12-03 06:50:10.763715,214.76403577635833,218.87275756612073,-0.8520910736179417,-3.164201284007786,0,1,-0.0031598637542613606,-0.0022753510508229935,-0.0009183678903721872,0.0,-0.0009183678903721872,1.3947386419778982,139473.8641977898
2025-12-03 07:05:10.763715,215.83456128185222,218.80501203049732,0.2851719745693799,-2.0678494286772677,0,1,0.004984659100971012,-0.0003095201813909654,0.00528957389911925,0.0,0.00528957389911925,1.4021162150945974,140211.62150945974
2025-12-03 07:20:10.763715,212.8040003456371,215.78487402457785,0.2298120941185573,-2.062023185525817,0,1,-0.014041129086168946,-0.013802873973922214,-0.0004436295218096329,0.0,-0.0004436295218096329,1.4014941949485733,140149.41949485734
2025-12-03 07:35:10.763715,211.66427939506107,214.37626612710875,0.4777402163643387,-1.7913938372238023,0,1,-0.005355730854330165,-0.006527834278637457,0.001074975093408051,0.0,0.001074975093408051,1.403000766301699,140300.0766301699
2025-12-03 07:50:10.763715,209.2991847367979,211.5710092610025,0.876162713069192,-1.4009342004114431,0,1,-0.011173801573995501,-0.013085669028505942,0.001717164412553934,0.0,0.001717164412553934,1.4054099492883783,140540.9949288378
2025-12-03 08:05:10.763715,208.9486921378995,211.0439683188298,1.04486915888657,-1.2247323001764734,0,1,-0.001674600879784438,-0.0024910829891751085,0.0007794170243192134,0.0,0.0007794170243192134,1.4065053497290012,140650.53497290012
2025-12-03 08:20:10.763715,214.22210301111014,216.55447222969738,0.8897674868848071,-1.3371691068463538,0,1,0.025237826660960083,0.026110691315957002,-0.0004843609403049516,0.0,-0.0004843609403049516,1.4058240934752626,140582.40934752626
2025-12-03 08:35:10.763715,209.52955447536786,212.1648575620155,0.5215200817822847,-1.6288075861434597,0,1,-0.02190506240851775,-0.02027025635852886,-0.0019364093203792926,0.0,-0.0019364093203792926,1.4031018425978432,140310.18425978432
2025-12-03 08:50:10.763715,205.55624939984955,207.11209770929418,1.5257943151814288,-0.7130864137204098,0,1,-0.018962981549151436,-0.023815253434440242,0.004497922231591345,0.0,0.004497922231591345,1.4094128855688508,140941.2885568851
2025-12-03 09:05:10.763715,210.93017257518926,211.75453211173814,2.3263583564696546,0.021461709267278486,0,1,0.026143321796489483,0.022415080788569686,0.004061757345963209,0.0,0.004061757345963209,1.415137578710305,141513.7578710305
2025-12-03 09:20:10.763715,209.49008544538822,211.11180639669834,1.5194337583824904,-0.6972484292361115,0,1,-0.006827316889847501,-0.003035239475774998,-0.0038372390605815577,0.0,-0.0038372390605815577,1.4097073575171812,140970.73575171814
2025-12-03 09:35:10.763715,207.04850019103324,209.02456693302938,1.1340317127978778,-1.0274706324484446,0,1,-0.01165489645566764,-0.009886891213212623,-0.0019151133337961708,0.0,-0.0019151133337961708,1.4070076081600495,140700.76081600494
2025-12-03 09:50:10.763715,210.12675171677947,212.33184564583723,0.9542138725857683,-1.170427199897539,0,1,0.01486729690341182,0.015822440210425004,-0.0007197195595965468,0.0,-0.0007197195595965468,1.4059949572639556,140599.49572639557
2025-12-03 10:05:10.763715,207.91976759026252,210.43275058120554,0.618067976048593,-1.450296132217409,0,1,-0.010503108759286617,-0.008943995465472088,-0.001692191940430082,0.0,-0.001692191940430082,1.4036157439289882,140361.57439289882
2025-12-03 10:20:10.763715,213.84413745008308,216.2978240654145,0.7646313951859156,-1.2917302216338096,0,1,0.02849353829355672,0.027871486106653576,0.0010367549519656322,0.0,0.0010367549519656322,1.4050709495021636,140507.09495021636
2025-12-03 10:35:10.763715,215.6828936314832,218.53040565699385,0.4040248006705838,-1.5932009863980565,0,1,0.008598581206507694,0.010321794041276089,-0.0015696337786340019,0.0,-0.0015696337786340019,1.4028655026784478,140286.55026784478
2025-12-03 10:50:10.763715,215.36824312593336,216.95858657637677,1.637806114778158,-0.44139878750285555,0,1,-0.001458857029651428,-0.007192679096034826,0.0056268014397143126,0.0,0.0056268014397143126,1.4107591483086444,141075.91483086444
2025-12-03 11:05:10.763715,222.80067873009972,224.1165240510224,2.0188079467394573,-0.07641217566043912,0,1,0.03451036000614227,0.03299218338208432,0.002009070780962373,0.0,0.002009070780962373,1.4135934632924865,141359.34632924866
2025-12-03 11:20:10.763715,221.0078798278444,222.11169576313816,2.201007281997903,0.09169820990876207,0,1,-0.008046649195477151,-0.008945472880115823,0.0007657230554156784,0.0,0.0007657230554156784,1.4146758843983145,141467.58843983145
2025-12-03 11:35:10.763715,223.9045436560776,224.62038959389238,2.6263043981073224,0.48732755748350914,0,1,0.01310660882539394,0.01129473989262375,0.001979924552273537,0.0,0.001979924552273537,1.417476835915344,141747.6835915344
2025-12-03 11:50:10.763715,225.4133126537547,225.6536290282002,3.1172076393902444,0.9296641414091633,0,0,0.0067384474340752565,0.004599936079604738,0.0022069542858600784,0.001,0.0012069542858600783,1.4191876656575595,141918.76656575594
2025-12-03 12:05:10.763715,229.328048072207,230.12607894012618,2.6260391972459445,0.4748035695331545,0,0,0.01736692199925871,0.019819977773843034,0.0,0.0,0.0,1.4191876656575595,141918.76656575594
2025-12-03 12:20:10.763715,234.08800611198697,235.6034266411844,1.9901475668995943,-0.11222346978068172,0,0,0.020756109336792727,0.02380150796591507,0.0,0.0,0.0,1.4191876656575595,141918.76656575594
2025-12-03 12:35:10.763715,234.2437091837022,235.7401309363144,2.011180381030215,-0.08825527671159222,0,0,0.0006651475840275811,0.0005802305046189726,0.0,0.0,0.0,1.4191876656575595,141918.76656575594
2025-12-03 12:50:10.763715,232.16543623801556,233.1142764434455,2.5196915638021267,0.38420804372801715,0,0,-0.008872267916731125,-0.01113876743191533,0.0,0.0,0.0,1.4191876656575595,141918.76656575594
2025-12-03 13:05:10.763715,233.75517792408493,234.75170293563474,2.496370198199884,0.3594277821670854,0,0,0.0068474520231323055,0.007024136475770382,0.0,0.0,0.0,1.4191876656575595,141918.76656575594
2025-12-03 13:20:10.763715,230.69608662301096,232.40060814277487,1.7533915039698513,-0.32442353724151574,0,0,-0.013086731717521394,-0.010015240628539757,0.0,0.0,0.0,1.4191876656575595,141918.76656575594
2025-12-03 13:35:10.763715,237.09111414149302,239.5503083373288,1.1050999669841417,-0.9248153470612431,0,0,0.027720572169619873,0.03076455028104541,0.0,0.0,0.0,1.4191876656575595,141918.76656575594
2025-12-03 13:50:10.763715,237.5675702176141,240.0654226204549,1.0741061994251595,-0.9423362514621554,0,0,0.0020095906075869863,0.0021503386353431964,0.0,0.0,0.0,1.4191876656575595,141918.76656575594
2025-12-03 14:05:10.763715,236.33082684328295,238.77738089860316,1.1062396390709353,-0.9006058718462852,0,0,-0.005205859424324166,-0.005365377936530913,0.0,0.0,0.0,1.4191876656575595,141918.76656575594
2025-12-03 14:20:10.763715,237.99449037048802,239.46370530733017,2.0937906504111083,0.0033125919887913905,0,0,0.007039553618234828,0.0028743275688181136,0.0,0.0,0.0,1.4191876656575595,141918.76656575594
2025-12-03 14:35:10.763715,232.74784911791195,234.69691713369824,1.5430120302702335,-0.5162954047064497,0,0,-0.022045221485625932,-0.01990609878651206,0.0,0.0,0.0,1.4191876656575595,141918.76656575594
2025-12-03 14:50:10.763715,229.80739818428577,231.3243311731728,1.924965996931462,-0.1637210633546286,0,0,-0.012633633113131482,-0.014369962766081823,0.0,0.0,0.0,1.4191876656575595,141918.76656575594
2025-12-03 15:05:10.763715,234.5647174027055,235.55088574448243,2.51861799280735,0.37719792931544255,0,0,0.020701331880554896,0.01827111981638274,0.0,0.0,0.0,1.4191876656575595,141918.76656575594
2025-12-03 15:20:10.763715,233.48892855257014,233.26462792808832,3.6950694892233855,1.4467686583868793,0,0,-0.004586319980461551,-0.009706003903013016,0.0,0.0,0.0,1.4191876656575595,141918.76656575594
2025-12-03 15:35:10.763715,229.76139670247255,229.65309473076064,3.525334455217262,1.2611723455589559,0,0,-0.01596449079279716,-0.0154825582832947,0.0,0.0,0.0,1.4191876656575595,141918.76656575594
2025-12-03 15:50:10.763715,231.71287220932837,231.53236695803247,3.62549962337701,1.3251241029454304,0,0,0.008493487308413483,0.008183091238004092,0.0,0.0,0.0,1.4191876656575595,141918.76656575594
2025-12-03 16:05:10.763715,235.87932033318333,235.71070814246983,3.6757765395202853,1.3436083760649375,0,0,0.01798108186277636,0.018046466847525977,0.0,0.0,0.0,1.4191876656575595,141918.76656575594
2025-12-03 16:20:10.763715,238.32993473615312,238.29026700255932,3.585213609235126,1.2341907929306886,0,0,0.010389271935785871,0.010943749142403592,0.0,0.0,0.0,1.4191876656575595,141918.76656575594
2025-12-03 16:35:10.763715,241.61339091442034,241.90141209000453,3.31125530656567,0.964013492031803,0,0,0.013776935666525603,0.015154396076976218,0.0,0.0,0.0,1.4191876656575595,141918.76656575594
2025-12-03 16:50:10.763715,239.16975511764693,239.19481101623862,3.5339487823016213,1.1472201068686956,0,0,-0.01011382600742916,-0.011188860165722625,0.0,0.0,0.0,1.4191876656575595,141918.76656575594
2025-12-03 17:05:10.763715,233.03417750416835,234.17089487070416,2.3475359390981225,0.04222103706348479,0,0,-0.025653651777418518,-0.021003449548884223,0.0,0.0,0.0,1.4191876656575595,141918.76656575594
2025-12-03 17:20:10.763715,238.4360649222044,239.52820438844594,2.4718258096045815,0.15355407560412748,0,0,0.02318066592587864,0.0228777770213493,0.0,0.0,0.0,1.4191876656575595,141918.76656575594
2025-12-03 17:35:10.763715,237.37885232156282,238.39548016232644,2.5304835125170655,0.20359367458516575,0,0,-0.004433945850375154,-0.004728980576677921,0.0,0.0,0.0,1.4191876656575595,141918.76656575594
2025-12-03 17:50:10.763715,236.39450847280182,237.52395480232198,2.404697506519682,0.09098647326760897,0,0,-0.004146720902616807,-0.0036557964916575925,0.0,0.0,0.0,1.4191876656575595,141918.76656575594
2025-12-03 18:05:10.763715,241.9442636398257,242.3278091598945,3.2220753688063155,0.8441775400235061,0,0,0.023476667046444577,0.020224715277962213,0.0,0.0,0.0,1.4191876656575595,141918.76656575594
2025-12-03 18:20:10.763715,243.47216226299662,244.38255429617084,2.725801624094089,0.3773480762831778,0,0,0.006315085136490151,0.008479196603145667,0.0,0.0,0.0,1.4191876656575595,141918.76656575594
2025-12-03 18:35:10.763715,244.82161198445826,246.0840537699349,2.3990686609223815,0.07095748288610994,0,0,0.005542521612815765,0.0069624424651115735,0.0,0.0,0.0,1.4191876656575595,141918.76656575594
2025-12-03 18:50:10.763715,253.50608107284773,254.23224375144872,3.0565855411502696,0.6787327892196637,0,0,0.035472640744399486,0.033111409929599045,0.0,0.0,0.0,1.4191876656575595,141918.76656575594
2025-12-03 19:05:10.763715,250.6945711004249,251.81518391508098,2.626171718278215,0.2770873928691356,0,0,-0.011090503077971214,-0.009507290659523049,0.0,0.0,0.0,1.4191876656575595,141918.76656575594
2025-12-03 19:20:10.763715,253.72297208187547,255.36988490663228,2.152762477063135,-0.16037199418540138,0,0,0.012080042133171931,0.014116309176773312,0.0,0.0,0.0,1.4191876656575595,141918.76656575594
2025-12-03 19:35:10.763715,253.82522309911815,255.61392995925002,2.0145996136224937,-0.2833642954970166,0,0,0.000403002599266733,0.000955653219278263,0.0,0.0,0.0,1.4191876656575595,141918.76656575594
2025-12-03 19:50:10.763715,255.20069387890794,256.6715120862148,2.348224141838358,0.026770966800140402,0,0,0.005418968071792651,0.004137419768685646,0.0,0.0,0.0,1.4191876656575595,141918.76656575594
2025-12-03 20:05:10.763715,260.91646573471246,262.6504683725075,2.174001229032683,-0.13598154899899045,0,0,0.02239716424327831,0.023294195127834705,0.0,0.0,0.0,1.4191876656575595,141918.76656575594
2025-12-03 20:20:10.763715,262.13334067353685,264.68532484770964,1.3862965355739334,-0.8514878658124475,0,0,0.004663848773966084,0.007747393285879145,0.0,0.0,0.0,1.4191876656575595,141918.76656575594
2025-12-03 20:35:10.763715,263.8970382837339,266.8578469478899,1.0097972297827482,-1.175584663726389,0,0,0.006728246035644814,0.008207943154499686,0.0,0.0,0.0,1.4191876656575595,141918.76656575594
2025-12-03 20:50:10.763715,267.7114534328265,271.21279068458534,0.5340663068034814,-1.5783103817883237,0,0,0.014454179455365646,0.016319339253103582,0.0,0.0,0.0,1.4191876656575595,141918.76656575594
2025-12-03 21:05:10.763715,266.2888944008702,269.75912395277356,0.5435447468895518,-1.5321253863475768,0,0,-0.005313777254260077,-0.005359875277793802,0.0,0.0,0.0,1.4191876656575595,141918.76656575594
2025-12-03 21:20:10.763715,263.3204786944857,266.4112805807602,0.8731594998499759,-1.211736406955095,0,0,-0.011147350748754392,-0.012410491711855709,0.0,0.0,0.0,1.4191876656575595,141918.76656575594
2025-12-03 21:35:10.763715,259.607457429501,262.29482159571756,1.2153479949174653,-0.8901741133379226,0,0,-0.014100769083337017,-0.0154515190800818,0.0,0.0,0.0,1.4191876656575595,141918.76656575594
2025-12-03 21:50:10.763715,251.47995673104614,254.69679425282052,0.5728227936108681,-1.4348827861076505,0,0,-0.03130688455150388,-0.028967507999864694,0.0,0.0,0.0,1.4191876656575595,141918.76656575594
2025-12-03 22:05:10.763715,259.64012219747815,262.7011048656572,0.8477746243411843,-1.1654044336238152,0,0,0.032448571935930426,0.031426821198587085,0.0,0.0,0.0,1.4191876656575595,141918.76656575594
2025-12-03 22:20:10.763715,255.6913838622561,258.4155057820097,1.1208694945089235,-0.9040511801010324,0,0,-0.015208505918891557,-0.016313593678409344,0.0,0.0,0.0,1.4191876656575595,141918.76656575594
2025-12-03 22:35:10.763715,255.58488809564452,257.5850540747032,1.8324690571494955,-0.26124863357382994,0,0,-0.00041650119375524763,-0.0032136295567614104,0.0,0.0,0.0,1.4191876656575595,141918.76656575594
2025-12-03 22:50:10.763715,254.77344256040232,256.5433800087519,2.0471984101760086,-0.0675851587632263,0,0,-0.003174857251100671,-0.00404400041645725,0.0,0.0,0.0,1.4191876656575595,141918.76656575594
2025-12-03 23:05:10.763715,256.4221228451546,257.7548330440033,2.502450996450847,0.3384192255055127,0,0,0.006471162253740115,0.004722215148214248,0.0,0.0,0.0,1.4191876656575595,141918.76656575594
2025-12-03 23:20:10.763715,259.6170471995972,260.9542049086192,2.5456072758150867,0.37891763936921474,0,0,0.012459628361987773,0.012412461201337432,0.0,0.0,0.0,1.4191876656575595,141918.76656575594
2025-12-03 23:35:10.763715,263.45023980879927,264.3706337064309,3.0132044896178627,0.7843843529851643,0,0,0.014764795496094774,0.013092062643742741,0.0,0.0,0.0,1.4191876656575595,141918.76656575594
2025-12-03 23:50:10.763715,261.43431716252644,262.0946957328549,3.239355897101973,0.9749207831726039,0,0,-0.007652005356821423,-0.00860889101662965,0.0,0.0,0.0,1.4191876656575595,141918.76656575594
2025-12-04 00:05:10.763715,260.664586887282,261.4646380052683,3.090308654432249,0.8374407772279917,0,0,-0.0029442587476606885,-0.002403931624121225,0.0,0.0,0.0,1.4191876656575595,141918.76656575594
2025-12-04 00:20:10.763715,262.76718210097164,262.60151894482624,4.072938699304586,1.685699471961793,0,0,0.008066286405828071,0.004348125039895567,0.0,0.0,0.0,1.4191876656575595,141918.76656575594
2025-12-04 00:35:10.763715,262.1428828144018,261.6499074789942,4.38609175175759,1.910795722237019,0,0,-0.0023758647544119826,-0.003623785078074926,0.0,0.0,0.0,1.4191876656575595,141918.76656575594
2025-12-04 00:50:10.763715,268.34228241740055,268.0618031926409,4.268998909940194,1.7618121625791998,0,0,0.02364893349932351,0.02450562958506497,0.0,0.0,0.0,1.4191876656575595,141918.76656575594
2025-12-04 01:05:10.763715,269.4279959075804,270.0702707375553,3.376129054463206,0.9878948443974759,0,0,0.0040460022937833795,0.007492554034156829,0.0,0.0,0.0,1.4191876656575595,141918.76656575594
2025-12-04 01:20:10.763715,271.51054584961577,273.0910767229366,2.482819900208881,0.23111448006999052,0,0,0.007729523188636067,0.01118525921839364,0.0,0.0,0.0,1.4191876656575595,141918.76656575594
2025-12-04 01:35:10.763715,274.1719083733512,275.8476092816795,2.4286646022599143,0.1902688101395292,0,0,0.0098020594942545,0.010093821415994464,0.0,0.0,0.0,1.4191876656575595,141918.76656575594
2025-12-04 01:50:10.763715,278.8190676952549,280.7741700193715,2.2225660004066867,0.024747163765784466,0,0,0.016949801128332442,0.017859718815475656,0.0,0.0,0.0,1.4191876656575595,141918.76656575594
2025-12-04 02:05:10.763715,279.1598307565828,281.5657538642922,1.7835232758671964,-0.3382290717047642,0,0,0.0012221655575590518,0.0028192901251069546,0.0,0.0,0.0,1.4191876656575595,141918.76656575594
2025-12-04 02:20:10.763715,274.01992618108847,276.1691457632132,1.959930103496447,-0.18617490429371425,0,0,-0.018412049332327207,-0.019166422148341522,0.0,0.0,0.0,1.4191876656575595,141918.76656575594
2025-12-04 02:35:10.763715,276.33533357148934,277.8576255649825,2.6119807601935463,0.3680929339302724,0,0,0.008449777440165951,0.006113933535562444,0.0,0.0,0.0,1.4191876656575595,141918.76656575594
2025-12-04 02:50:10.763715,274.02417571964105,275.1835943808924,2.9350669019834186,0.6357494784481159,0,0,-0.008363598755098733,-0.009623745897392233,0.0,0.0,0.0,1.4191876656575595,141918.76656575594
2025-12-04 03:05:10.763715,271.28491767200427,273.0375251810284,2.3099464654968074,0.11531839102184621,0,0,-0.009996410135868272,-0.007798681475515323,0.0,0.0,0.0,1.4191876656575595,141918.76656575594
2025-12-04 03:20:10.763715,273.45184754732776,275.4771543667087,2.0735466536725653,-0.07828291724363319,0,0,0.007987653327426791,0.008935142464622015,0.0,0.0,0.0,1.4191876656575595,141918.76656575594
2025-12-04 03:35:10.763715,277.89496546114253,280.66981615532853,1.4012649382491418,-0.6372634329213835,0,0,0.016248264378779798,0.018849700261196478,0.0,0.0,0.0,1.4191876656575595,141918.76656575594
2025-12-04 03:50:10.763715,277.74994717259284,280.78746212936386,1.1403511424509816,-0.8464386505514474,0,0,-0.000521845684786193,0.00041916147467113696,-0.0,0.0,-0.0,1.4191876656575595,141918.76656575594
2025-12-04 04:05:10.763715,278.7584223112283,282.1194367387693,0.8366702615975896,-1.093556242146729,0,0,0.0036308742770301272,0.004743711130491324,0.0,0.0,0.0,1.4191876656575595,141918.76656575594
2025-12-04 04:20:10.763715,285.4412088193199,289.44454954915193,0.30333508110169305,-1.534690671920508,0,0,0.023973397656234408,0.025964580445286156,0.0,0.0,0.0,1.4191876656575595,141918.76656575594
2025-12-04 04:35:10.763715,285.8125969825155,290.52076027185046,-0.3854744261806218,-2.081552977953716,1,1,0.001301102124433129,0.00371819308525545,0.0,0.001,-0.001,1.417768477991902,141776.8477991902
2025-12-04 04:50:10.763715,296.77026394072413,302.1127476773037,-0.8473164770018684,-2.398157650584046,0,1,0.03833864243177132,0.03990071964084829,-0.0009683902165813427,0.0,-0.0009683902165813427,1.4163955248684372,141639.55248684372
2025-12-04 05:05:10.763715,298.9756835248167,304.7168330298095,-1.2072357863274874,-2.599837329449389,0,1,0.007431403520040902,0.008619581174665658,-0.0010599260022680808,0.0,-0.0010599260022680808,1.414894250422133,141489.4250422133
2025-12-04 05:20:10.763715,290.01889203964987,296.80385141629284,-2.368783741352786,-3.346981833452196,0,1,-0.02995826075073882,-0.02596831141501965,-0.00437633456493167,0.0,-0.00437633456493167,1.4087021998082874,140870.21998082873
2025-12-04 05:35:10.763715,294.37542937870177,300.20681245472406,-1.3645744265240864,-2.45457743631574,0,1,0.015021563969206175,0.011465353371234555,0.003726804793317896,0.0,0.003726804793317896,1.4139521579188903,141395.21579188903
2025-12-04 05:50:10.763715,296.6247965354223,301.9583179357219,-0.8406519170441129,-1.9902248541556813,0,1,0.007641151170354021,0.005834329563263907,0.0018936312085915483,0.0,0.0018936312085915483,1.4166296618525809,141662.9661852581
2025-12-04 06:05:10.763715,302.08139000546925,307.88775325923103,-1.2252690804231179,-2.2035968697931363,0,1,0.01839560796595552,0.01963660204509199,-0.0009488190177360904,0.0,-0.0009488190177360904,1.4152855366883261,141528.5536688326
2025-12-04 06:20:10.763715,305.10942436710525,311.04357016157394,-1.3060958904443964,-2.1850366077072922,0,1,0.010023902371414373,0.010249894219358069,-7.348259680078559e-05,0.0,-7.348259680078559e-05,1.4151815378318757,141518.15378318756
2025-12-04 06:35:10.763715,303.9591334205388,310.4292942276506,-1.851250779136251,-2.4752698924169487,0,1,-0.003770093136101882,-0.0019748870989496625,-0.001824590589432162,0.0,-0.001824590589432162,1.4125994109156095,141259.94109156093
2025-12-04 06:50:10.763715,299.51698460221866,304.81093100448,-0.7586325899615076,-1.6598057993943771,0,1,-0.014614296232297375,-0.01809868890482491,0.0032151003820441483,0.0,0.0032151003820441483,1.4171410598213197,141714.10598213196
2025-12-04 07:05:10.763715,299.5906844130131,303.88712623690736,0.2251266003761998,-0.965326526546721,0,1,0.00024606220876699503,-0.003030746845358534,0.003231714253935648,0.0,0.003231714253935648,1.4217208547841818,142172.0854784182
2025-12-04 07:20:10.763715,295.99294815923827,300.0648237174331,0.39282042598881617,-0.8529931920180993,0,1,-0.012008838862342608,-0.012578033715368475,0.0003820449701365126,0.0,0.0003820449701365126,1.4222640160856903,142226.40160856902
2025-12-04 07:35:10.763715,294.01490795669247,297.492995040323,0.9483423919219263,-0.4815345746446619,0,1,-0.00668272745971521,-0.008570910262816867,0.0017606553303471956,0.0,0.0017606553303471956,1.4247681328067727,142476.81328067728
2025-12-04 07:50:10.763715,296.5674298161645,300.1611072544539,0.8724511587402617,-0.5553747727486897,0,1,0.008681606919904938,0.00896865559395521,-0.00015360310679655813,0.0,-0.00015360310679655813,1.4245492839951088,142454.92839951089
2025-12-04 08:05:10.763715,303.0904722608112,307.80544837056584,-0.1351065594869283,-1.2712647813107718,0,1,0.021995141033154475,0.02546746041162362,-0.0030933863638675854,0.0,-0.0030933863638675854,1.420142602665341,142014.2602665341
2025-12-04 08:20:10.763715,304.61646584989245,309.6640484642519,-0.4400587583597826,-1.4757471128832194,0,1,0.005034779145971058,0.006038230003805767,-0.0009136074002924956,0.0,-0.0009136074002924956,1.4188451498740753,141884.5149874075
2025-12-04 08:35:10.763715,299.4595061122239,304.18916137939726,-0.2035928303390051,-1.2960255941668015,0,1,-0.016929353189363616,-0.01768008624832873,0.00048766920131258426,0.0,0.00048766920131258426,1.4195370769551006,141953.70769551006
2025-12-04 08:50:10.763715,301.17099276483776,306.2552146973714,-0.527418471684598,-1.4998606659066762,0,1,0.005715252371960133,0.006792001755109522,-0.0009756904766606966,0.0,-0.0009756904766606966,1.4181520481478487,141815.20481478487
2025-12-04 09:05:10.763715,306.34927549337795,311.8331476525024,-0.8440740487983476,-1.6848269681671206,0,1,0.01719382959494875,0.018213348499691362,-0.0007485205821212149,0.0,-0.0007485205821212149,1.4170905321512328,141709.05321512328
2025-12-04 09:20:10.763715,303.6302519136223,309.0247955053171,-0.7965312475187147,-1.6201952077374233,0,1,-0.008875567194917,-0.009005944904596386,-3.6226891384216753e-06,0.0,-3.6226891384216753e-06,1.4170853984727538,141708.5398472754
2025-12-04 09:35:10.763715,303.0267120651839,308.4350420418149,-0.8190926360942399,-1.6090875892839667,0,1,-0.0019877460978759975,-0.0019084341194623988,-0.00010770776984187543,0.0,-0.00010770776984187543,1.4169327673648089,141693.27673648088
2025-12-04 09:50:10.763715,303.14604411124617,308.5338566808533,-0.7971049556920775,-1.558885185847446,0,1,0.0003938004186132549,0.0003203742298030221,7.8193070577702e-05,0.0,7.8193070577702e-05,1.4170435616886914,141704.35616886913
2025-12-04 10:05:10.763715,299.21211187915486,304.95313490646254,-1.2035933482353016,-1.7793319929655615,0,1,-0.012977019850694993,-0.011605604042653428,-0.001544096807837977,0.0,-0.001544096807837977,1.4148555092485207,141485.55092485205
2025-12-04 10:20:10.763715,301.73842492450717,307.9638220704805,-1.6431711368136348,-2.004745328895063,0,1,0.00844321785467228,0.009872622443908963,-0.0012825088044105676,0.0,-0.0012825088044105676,1.4130409446009407,141304.09446009406
2025-12-04 10:35:10.763715,300.63640020069613,307.4363558672347,-2.2255778823399055,-2.2939792182660086,0,1,-0.0036522518604873433,-0.0017127537893886213,-0.0019649823143720346,0.0,-0.0019649823143720346,1.4102643441353162,141026.43441353162
2025-12-04 10:50:10.763715,303.06986068299324,309.4080883028085,-1.7345122219039126,-1.9329673319598726,0,1,0.008094364091216555,0.006413465414693231,0.0017763253011004385,0.0,0.0017763253011004385,1.4127694323710436,141276.94323710437
2025-12-04 11:05:10.763715,298.20235451084926,305.34695792232685,-2.601313998446301,-2.3766558121914945,0,1,-0.016060673803639403,-0.013125482280563872,-0.003130486950585194,0.0,-0.003130486950585194,1.4083467760988204,140834.67760988206
2025-12-04 11:20:10.763715,297.0045976542919,303.3802054970807,-1.861581945374212,-1.8858250677095763,0,1,-0.004016590876762427,-0.006441041491385913,0.0023286136827089625,0.0,0.0023286136827089625,1.4116262716716432,141162.62716716432
2025-12-04 11:35:10.763715,300.9271958472395,306.716093513838,-1.2252367415002823,-1.48860359104627,0,1,0.013207196871455329,0.01099573392170261,0.0023750696280536963,0.0,0.0023750696280536963,1.4149789823556533,141497.89823556534
2025-12-04 11:50:10.763715,299.202741834604,305.0360741783754,-1.2946686025731537,-1.4947746174724312,0,1,-0.0057304691514517,-0.005477441096147895,-0.00033452747587101993,0.0,-0.00033452747587101993,1.4145056330082753,141450.56330082752
2025-12-04 12:05:10.763715,305.5647680804363,313.07240929206307,-2.8494039973865597,-2.2964963235133697,0,1,0.021263261849883586,0.026345523673991122,-0.0046902640141301515,0.0,-0.0046902640141301515,1.407871228139992,140787.12281399922
2025-12-04 12:20:10.763715,303.7288229260862,311.2324188597287,-2.8727361300310577,-2.2259076908823032,0,1,-0.006008366625130046,-0.00587720405159653,-0.00021861010904371259,0.0,-0.00021861010904371259,1.407563453257289,140756.3453257289
2025-12-04 12:35:10.763715,304.82166976731645,312.31435588324644,-2.8457280578674613,-2.1364563497723013,0,1,0.003598100538177107,0.003476299247622272,0.00017352551166945453,0.0,0.00017352551166945453,1.4078077014257226,140780.77014257226
2025-12-04 12:50:10.763715,308.6199509150456,316.74565255862035,-3.412809857505806,-2.3488404034517063,0,1,0.012460666430403444,0.014188578244640482,-0.0015167984703757936,0.0,-0.0015167984703757936,1.4056723408576168,140567.23408576168
2025-12-04 13:05:10.763715,302.1718718512095,310.1089253820792,-3.3229103045490547,-2.2203508587325165,0,1,-0.020893267090211665,-0.02095285956707138,-0.0002521673182649571,0.0,-0.0002521673182649571,1.4053178762330636,140531.78762330636
2025-12-04 13:20:10.763715,295.407996699214,302.055711577326,-2.1533962646481086,-1.5841661163416274,0,1,-0.02238419847141193,-0.025968984268450068,0.0031983905563688735,0.0,0.0031983905563688735,1.4098126316571038,140981.26316571038
2025-12-04 13:35:10.763715,289.3534520614549,295.25123296272363,-1.5047068387945046,-1.2315809024792905,0,1,-0.02049553399166726,-0.022527230420737898,0.0016965114048874616,0.0,0.0016965114048874616,1.4122043948654646,141220.43948654644
2025-12-04 13:50:10.763715,294.3392470383115,300.9263025115542,-2.1095414557256618,-1.498532755054068,0,1,0.01723081214803579,0.019221154444923227,-0.0017043487239039035,0.0,-0.0017043487239039035,1.4097975061071841,140979.75061071842
2025-12-04 14:05:10.763715,291.2891279500807,298.4754009106949,-2.745226165077497,-1.7650763787912305,0,1,-0.010362597305393684,-0.008144524358302707,-0.00233925617925098,0.0,-0.00233925617925098,1.4064996285795301,140649.962857953
2025-12-04 14:20:10.763715,302.3603930321242,310.18239943184693,-3.206769945309361,-1.9310896153103572,0,1,0.03800782116365431,0.03922265783187551,-0.0006312386284993213,0.0,-0.0006312386284993213,1.4056117916830009,140561.1791683001
2025-12-04 14:35:10.763715,299.91502371364237,307.59894127372786,-3.107120650571005,-1.8309322352537123,0,1,-0.008087598028165055,-0.00832883542989904,0.0001173117858083595,0.0,0.0001173117858083595,1.4057766865124366,140577.66865124367
2025-12-04 14:50:10.763715,301.1176878631308,308.48248446424026,-2.7748533597934966,-1.6330970273886085,0,1,0.004010016352621104,0.002872386968738372,0.0011803679308589159,0.0,0.0011803679308589159,1.407436020231145,140743.60202311448
2025-12-04 15:05:10.763715,307.8349913511029,315.73293522777817,-3.2001204179901492,-1.7820832595830782,0,1,0.022307900726925567,0.023503605970141894,-0.0008459926248270931,0.0,-0.0008459926248270931,1.4062453397381134,140624.53397381134
2025-12-04 15:20:10.763715,317.39019212422016,325.4107101011172,-3.1786978908247647,-1.7250071076848164,0,1,0.031040008581152634,0.03065177494504101,0.0008443046104091544,0.0,0.0008443046104091544,1.4074326391618206,140743.26391618207
2025-12-04 15:35:10.763715,328.1858942812894,335.66400064158773,-2.483726488865045,-1.3796518340530468,0,1,0.03401397530533656,0.03150876791143231,0.002974029656433834,0.0,0.002974029656433834,1.4116183855701208,141161.8385570121
2025-12-04 15:50:10.763715,334.4934343697696,341.8377314424795,-2.2580576131626344,-1.251769863137467,0,1,0.019219412529272173,0.018392591368425748,0.0011004864569114856,0.0,0.0011004864569114856,1.413171852485768,141317.1852485768
2025-12-04 16:05:10.763715,339.541900506395,347.16393130064944,-2.456542248382675,-1.3116741617345322,0,1,0.015092870645241119,0.01558107654089147,-0.00025637342358796576,0.0,-0.00025637342358796576,1.412809552779828,141280.95527798278
2025-12-04 16:20:10.763715,342.441140596288,350.2982719469216,-2.645006621542791,-1.3681953918163798,0,1,0.008538681339678611,0.009028416732490996,-0.0003554006333103925,0.0,-0.0003554006333103925,1.412307439370023,141230.7439370023
2025-12-04 16:35:10.763715,346.2217402155279,354.44756173499053,-2.951959072419754,-1.473570868532534,0,1,0.011040144337379543,0.011845019288869496,-0.0006286316671341892,0.0,-0.0006286316671341892,1.4114196181899057,141141.96181899056
2025-12-04 16:50:10.763715,344.0981350978948,351.5643009502591,-2.2352037449463182,-1.1343470206505673,0,1,-0.006133656183205494,-0.00813452001367454,0.0018798294540020646,0.0,0.0018798294540020646,1.4140728463601355,141407.28463601356
2025-12-04 17:05:10.763715,339.7379140652806,347.3106568977527,-2.405071141051849,-1.188058333844135,0,1,-0.012671446276143583,-0.012099192213228194,-0.000752279212871439,0.0,-0.000752279212871439,1.413009068752333,141300.90687523328
2025-12-04 17:20:10.763715,339.78718004735344,347.3278086116407,-2.372701670717106,-1.1522849330555016,0,1,0.00014501172825642783,4.938435820300846e-05,9.636216509876627e-05,0.0,9.636216509876627e-05,1.413145229365502,141314.5229365502
2025-12-04 17:35:10.763715,339.01316338151224,346.47693753430707,-2.3085074592273713,-1.1024622108835136,0,1,-0.0022779454649622943,-0.002449763756996015,0.0001353680001515956,0.0,0.0001353680001515956,1.4133365240091251,141333.6524009125
2025-12-04 17:50:10.763715,336.5718296583183,344.1638449126311,-2.471165308470347,-1.1548507658945664,0,1,-0.007201294778181211,-0.006676036327661672,-0.0006245918952502809,0.0,-0.0006245918952502809,1.4124537654709677,141245.37654709676
2025-12-04 18:05:10.763715,339.3710459127418,347.8125374157169,-3.2663522786886574,-1.4813316289438554,0,1,0.008316846532477884,0.01060161477453292,-0.0021270257038817093,0.0,-0.0021270257038817093,1.4094494400062665,140944.94400062665
2025-12-04 18:20:10.763715,344.38749024599775,352.86770988923024,-3.229863977504351,-1.4329846648449063,0,1,0.014781591988097142,0.014534187039586755,0.0004636606418805776,0.0,0.0004636606418805776,1.4101029462383181,141010.2946238318
2025-12-04 18:35:10.763715,344.8772355276757,353.37129468940606,-3.2362106049423005,-1.4052343161251009,0,1,0.0014220762819465715,0.001427120663247683,1.6189896729916888e-05,0.0,1.6189896729916888e-05,1.4101257756593963,141012.57756593963
2025-12-04 18:50:10.763715,352.7261784964084,361.32660838693386,-3.2242133868442693,-1.370227119674288,0,1,0.02275865774881769,0.02251262006021193,0.0005810053237022758,0.0,0.0005810053237022758,1.4109450662421443,141094.50662421444
2025-12-04 19:05:10.763715,346.69142944137025,355.2269727286418,-3.2500839023061303,-1.3559079754769545,0,1,-0.017108877715747983,-0.016881224677923967,-0.0004788305503824475,0.0,-0.0004788305503824475,1.4102694626395162,141026.94626395163
2025-12-04 19:20:10.763715,346.39532148278187,354.23199552807665,-2.566019030454129,-1.0300281092724273,0,1,-0.0008540965638104137,-0.002800961855239481,0.0019051894862080077,0.0,0.0019051894862080077,1.4129562931924573,141295.62931924572
2025-12-04 19:35:10.763715,342.39748562667626,350.4786242870827,-2.866330449930274,-1.141881760512021,0,1,-0.011541252459740026,-0.010595799612619805,-0.0011031088608895213,0.0,-0.0011031088608895213,1.4113976485853872,141139.76485853872
2025-12-04 19:50:10.763715,334.12095266904316,340.83608379029886,-1.6437952821823956,-0.5778770594878813,0,1,-0.024172294789153836,-0.02751249242774212,0.0029308363781271225,0.0,0.0029308363781271225,1.4155342241578643,141553.42241578642
2025-12-04 20:05:10.763715,332.8618175912146,340.44768045398155,-2.520306117672078,-0.9565887884414317,0,1,-0.00376850080119262,-0.0011395604948808424,-0.0026458959464371263,0.0,-0.0026458959464371263,1.411788867892122,141178.8867892122
2025-12-04 20:20:10.763715,332.549557331129,339.8605023125421,-2.2541249214705203,-0.8181975397702114,0,1,-0.0009381077780122871,-0.0017247235776622905,0.0007609534566415238,0.0,0.0007609534566415238,1.4128631735111925,141286.31735111924
2025-12-04 20:35:10.763715,340.249685079143,347.69894064250144,-2.2758065573752333,-0.811112115602628,0,1,0.02315482783922862,0.023063693122983064,0.0004343018252419596,0.0,0.0004343018252419596,1.4134767825662655,141347.67825662656
2025-12-04 20:50:10.763715,343.0287916831724,351.0396456019101,-2.78769821327586,-1.025917381560296,0,1,0.00816784475019583,0.009608038935164709,-0.0012972351659200302,0.0,-0.0012972351659200302,1.411643170777709,141164.31707777092
2025-12-04 21:05:10.763715,338.2126225676584,345.72247753203993,-2.3658139603188033,-0.8146550153013298,0,1,-0.01404013083532163,-0.015146916128954802,0.0008814127398766077,0.0,0.0008814127398766077,1.4128874110525924,141288.74110525925
2025-12-04 21:20:10.763715,348.1598151878702,355.5080004067165,-2.0585443935834746,-0.6579936247188113,0,1,0.029411062617043182,0.028304560769467857,0.0015276483759685648,0.0,0.0015276483759685648,1.4150458062115132,141504.5806211513
2025-12-04 21:35:10.763715,353.3071824984157,362.115513533345,-3.420376328830855,-1.2621347797894393,0,1,0.014784495757409477,0.01858611654046949,-0.003525076005662358,0.0,-0.003525076005662358,1.410057662193124,141005.7662193124
2025-12-04 21:50:10.763715,356.6452478822219,365.32768744086883,-3.2466905800718564,-1.1584712918298232,0,1,0.009448054127292327,0.008870577999216422,0.0007094623885106986,0.0,0.0007094623885106986,1.4110580450700814,141105.80450700814
2025-12-04 22:05:10.763715,354.27694790644773,364.1250902567222,-4.430286941335851,-1.657724383615569,0,1,-0.0066404921692837515,-0.003291831485784269,-0.0033976401894379405,0.0,-0.0033976401894379405,1.4062637775465217,140626.37775465217
2025-12-04 22:20:10.763715,348.96763940649765,358.9581739513955,-4.64955822559466,-1.7108267356696416,0,1,-0.014986322229895932,-0.014189948574221622,-0.0010075073888131184,0.0,-0.0010075073888131184,1.4048469564000232,140484.69564000232
2025-12-04 22:35:10.763715,348.0196767151941,356.99535588179504,-3.663907823224122,-1.24337986434396,0,1,-0.002716477358518876,-0.005468096876006134,0.002670259130551595,0.0,0.002670259130551595,1.408598261812378,140859.8261812378
2025-12-04 22:50:10.763715,353.40369413642435,362.909685217901,-4.106219811587607,-1.408268593903758,0,1,0.015470439694811544,0.016566964355873237,-0.0008500230607960298,0.0,-0.0008500230607960298,1.4074009208064402,140740.092080644
2025-12-04 23:05:10.763715,362.8053766625073,373.352419078173,-4.991892613390746,-1.7516005844510554,0,1,0.02660323783274765,0.02877502112957342,-0.001743636739390611,0.0,-0.001743636739390611,1.40494692485387,140494.692485387
2025-12-04 23:20:10.763715,371.14292334196875,382.1340448369793,-5.305308962015488,-1.8360103845059723,0,1,0.02298076934845783,0.02352100940041746,-0.0001902684861059753,0.0,-0.0001902684861059753,1.4046796077294188,140467.96077294188
2025-12-04 23:35:10.763715,369.654887201285,379.3801392870597,-4.080415202298411,-1.2820233702631032,0,1,-0.0040093345369074385,-0.007206647999903781,0.003090084991541472,0.0,0.003090084991541472,1.4090201871031878,140902.01871031878
2025-12-04 23:50:10.763715,362.81000532442476,373.0992413825036,-4.737853313292078,-1.5318883227545939,0,1,-0.018516952200156034,-0.01655568453414391,-0.002207601432627198,0.0,-0.002207601432627198,1.4059096321195381,140590.96321195381
2025-12-05 00:05:10.763715,363.1514221532099,373.92593410372166,-5.210828758018863,-1.6983920288773726,0,1,0.0009410347668881158,0.0022157448462098994,-0.0012417417793581572,0.0,-0.0012417417793581572,1.4041638553913331,140416.3855391333
2025-12-05 00:20:10.763715,354.73949504886747,364.1737723056179,-4.015697502500302,-1.1657765933071174,0,1,-0.02316369038145616,-0.026080463826289924,0.002528719488130944,0.0,0.002528719488130944,1.4077145918969902,140771.45918969903
2025-12-05 00:35:10.763715,357.445534583382,365.9799922326413,-3.089002959270829,-0.7509127554980772,0,1,0.007628244309649812,0.004959774877767886,0.0027422664424908002,0.0,0.0027422664424908002,1.411574920382954,141157.4920382954
2025-12-05 00:50:10.763715,356.67135714041973,365.2071135666428,-3.101801478968923,-0.7423301124896337,0,1,-0.002165861279718184,-0.0021118057882988372,-8.54772712387381e-05,0.0,-8.54772712387381e-05,1.4114542628106106,141145.42628106105
2025-12-05 01:05:10.763715,353.6831652707681,362.69928666581876,-3.6194806672855293,-0.9591920839752586,0,1,-0.008377997867866971,-0.006866862138397045,-0.0016133084914532322,0.0,-0.0016133084914532322,1.4091771516631204,140917.71516631203
2025-12-05 01:20:10.763715,346.6644190513698,354.16168053593367,-2.2276526938662187,-0.30917422291781144,0,1,-0.01984472801815418,-0.023539076154156846,0.003344107753025207,0.0,0.003344107753025207,1.413889591901383,141388.9591901383
2025-12-05 01:35:10.763715,350.0870556516172,356.93637162170677,-1.5384222597051007,0.04373983749165636,0,1,0.009873054205024268,0.007834532187599441,0.002155092843563621,0.0,0.002155092843563621,1.4169366552424787,141693.66552424786
2025-12-05 01:50:10.763715,347.71159180659214,354.13104298133163,-1.150298243430143,0.27171819373776857,0,1,-0.006785351833713538,-0.00785946421663164,0.0009571705905043583,0.0,0.0009571705905043583,1.4182929053374842,141829.29053374843
2025-12-05 02:05:10.763715,341.42176504506347,348.005495046233,-1.4057197400604196,0.1715632196931724,0,1,-0.018089206427800875,-0.017297404609122435,-0.0010491717160839194,0.0,-0.0010491717160839194,1.4168048725360818,141680.48725360818
2025-12-05 02:20:10.763715,327.4467972224783,333.36378355717096,-0.9568316345150834,0.4381813254230033,0,1,-0.040931684073335584,-0.042073219237865445,0.0005155233226690897,0.0,0.0005155233226690897,1.4175352684915452,141753.52684915453
2025-12-05 02:35:10.763715,327.23003434526856,333.2595491418772,-1.070911011228759,0.4057960786058946,0,1,-0.0006619789200823512,-0.00031267468283913136,-0.0003539565566438516,0.0,-0.0003539565566438516,1.4170335225889887,141703.35225889887
2025-12-05 02:50:10.763715,335.9254996146699,342.27187835252755,-1.2536795609005935,0.33176443176449033,0,1,0.026572943668815352,0.02704297366379005,-6.765475344753039e-05,0.0,-6.765475344753039e-05,1.416937653535391,141693.76535353911
2025-12-05 03:05:10.763715,344.85035793171534,350.9431608335467,-0.8710828033577513,0.5774293127095138,0,0,0.026567969169601247,0.02533448708306696,0.0016104365770334382,0.001,0.0006104365770334382,1.4178026041064848,141780.26041064848
2025-12-05 03:20:10.763715,342.9723698997826,348.58002525932653,-0.4210966031349699,0.873015877666739,0,0,-0.0054458056624797635,-0.00673367040009365,0.0,0.0,0.0,1.4178026041064848,141780.26041064848
2025-12-05 03:35:10.763715,339.3975565149487,345.47996415283137,-0.9419750158250508,0.6050015695226204,0,0,-0.010423036076866787,-0.008893398593877722,0.0,0.0,0.0,1.4178026041064848,141780.26041064848
2025-12-05 03:50:10.763715,342.3752295610728,347.9526003103075,-0.4001475144492588,1.003164907383252,0,0,0.008773407436104996,0.007157104359262645,0.0,0.0,0.0,1.4178026041064848,141780.26041064848
2025-12-05 04:05:10.763715,337.55991251260826,342.8148422522474,-0.1541517458697399,1.2170581164770935,0,0,-0.014064443431371476,-0.014765683755425973,0.0,0.0,0.0,1.4178026041064848,141780.26041064848
2025-12-05 04:20:10.763715,339.3195006819545,344.40468003126364,0.039254007523254586,1.3992399866664957,0,0,0.005212669230326705,0.004637599027426109,0.0,0.0,0.0,1.4178026041064848,141780.26041064848
2025-12-05 04:35:10.763715,343.760544865096,348.4199710692793,0.5247510891447291,1.7606060564502657,0,0,0.013088090057353119,0.011658642494785987,0.0,0.0,0.0,1.4178026041064848,141780.26041064848
2025-12-05 04:50:10.763715,349.24849839555185,354.927152408939,-0.39765568640507354,1.1506732575401897,0,0,0.01596446599946355,0.018676258194068263,0.0,0.0,0.0,1.4178026041064848,141780.26041064848
2025-12-05 05:05:10.763715,348.65469941284124,354.4297829215659,-0.5014855945114505,1.1031697820102584,0,0,-0.0017002191432132774,-0.0014013283683633748,0.0,0.0,0.0,1.4178026041064848,141780.26041064848
2025-12-05 05:20:10.763715,347.29811180226875,353.3839512868026,-0.8278026089055857,0.8860413117679741,0,0,-0.00389092019369619,-0.002950744223982893,0.0,0.0,0.0,1.4178026041064848,141780.26041064848
2025-12-05 05:35:10.763715,342.07585860679166,348.7953664670088,-1.5297450193932036,0.3868646485645223,0,0,-0.015036802729438192,-0.012984700643832392,0.0,0.0,0.0,1.4178026041064848,141780.26041064848
2025-12-05 05:50:10.763715,338.1614405444695,344.530355911253,-1.2426120653513522,0.6011249386822668,0,0,-0.011443128662352309,-0.012227830314824994,0.0,0.0,0.0,1.4178026041064848,141780.26041064848
2025-12-05 06:05:10.763715,338.2969350987572,343.3962468585525,0.010117014091520105,1.49632322695239,0,0,0.0004006800836593438,-0.003291753638662409,0.0,0.0,0.0,1.4178026041064848,141780.26041064848
2025-12-05 06:20:10.763715,339.10880294697205,345.3282802792097,-1.081301630444898,0.692856555511469,0,0,0.0023998675837184624,0.005626250835097268,0.0,0.0,0.0,1.4178026041064848,141780.26041064848
2025-12-05 06:35:10.763715,343.6002055848026,350.12816425546384,-1.318364991753299,0.5206495014666112,0,0,0.013244724403491448,0.013899481306232087,0.0,0.0,0.0,1.4178026041064848,141780.26041064848
2025-12-05 06:50:10.763715,339.9211409954502,345.96983417148044,-0.9009717265854533,0.823798397315889,0,0,-0.010707399266804085,-0.01187659408327224,0.0,0.0,0.0,1.4178026041064848,141780.26041064848
2025-12-05 07:05:10.763715,347.39586674621404,353.8389674099678,-1.1782935555048653,0.6223316277121745,0,0,0.02198958772871351,0.022745142672141228,0.0,0.0,0.0,1.4178026041064848,141780.26041064848
2025-12-05 07:20:10.763715,345.9460554817053,352.4381201963745,-1.248100959038311,0.5711935915000503,0,0,-0.004173369355507939,-0.003958996443628626,0.0,0.0,0.0,1.4178026041064848,141780.26041064848
2025-12-05 07:35:10.763715,345.1661332471471,352.3604128405031,-1.9514720536233767,0.06236161542378803,0,0,-0.002254461995446655,-0.000220485104812429,0.0,0.0,0.0,1.4178026041064848,141780.26041064848
2025-12-05 07:50:10.763715,341.5635383658673,348.4679905243806,-1.719560378676249,0.23832328089184196,0,0,-0.01043727797796501,-0.011046707218737573,0.0,0.0,0.0,1.4178026041064848,141780.26041064848
2025-12-05 08:05:10.763715,329.3694015269377,336.0576668590791,-1.6880280597686692,0.27898837818258354,0,0,-0.035700932532991336,-0.035613955952241705,0.0,0.0,0.0,1.4178026041064848,141780.26041064848
2025-12-05 08:20:10.763715,332.56279313856913,340.5777546113542,-2.947469340659893,-0.6347441040470776,0,0,0.009695471397243027,0.013450333671960246,0.0,0.0,0.0,1.4178026041064848,141780.26041064848
2025-12-05 08:35:10.763715,336.8380197487834,344.3973617827716,-2.435017566142733,-0.23191658376302235,0,0,0.012855396630112148,0.01121508119570569,0.0,0.0,0.0,1.4178026041064848,141780.26041064848
2025-12-05 08:50:10.763715,335.98901632434035,342.981393328449,-1.8891208794078693,0.21514436880908425,0,0,-0.002520509487249134,-0.004111438156764291,0.0,0.0,0.0,1.4178026041064848,141780.26041064848
2025-12-05 09:05:10.763715,336.3672104757135,343.36054942956815,-1.884441325757848,0.2357237209092274,0,0,0.0011256146272593526,0.0011054713418698903,0.0,0.0,0.0,1.4178026041064848,141780.26041064848
2025-12-05 09:20:10.763715,339.04011408361674,346.06276068186463,-1.8735424855085512,0.25842643866215537,0,0,0.007946385749440399,0.007869894362604324,0.0,0.0,0.0,1.4178026041064848,141780.26041064848
2025-12-05 09:35:10.763715,331.9794351373962,338.0797992284056,-1.070039299023506,0.9237948657862333,0,0,-0.020825497199069454,-0.02306795864926292,0.0,0.0,0.0,1.4178026041064848,141780.26041064848
2025-12-05 09:50:10.763715,329.54459175727254,335.44102879157174,-0.9053747844085365,1.0653457247824694,0,0,-0.007334319907845943,-0.007805170385383198,0.0,0.0,0.0,1.4178026041064848,141780.26041064848
2025-12-05 10:05:10.763715,333.804389404883,339.4953125710389,-0.6395368026797996,1.2789242087924155,0,0,0.012926316359480827,0.012086427811388356,0.0,0.0,0.0,1.4178026041064848,141780.26041064848
2025-12-05 10:20:10.763715,327.61182353531973,333.2009624173478,-0.6314068146673435,1.282095384961719,0,0,-0.018551481245059676,-0.018540315346398217,0.0,0.0,0.0,1.4178026041064848,141780.26041064848
2025-12-05 10:35:10.763715,329.642985078947,334.7048730871186,-0.08177909621866775,1.7100522323686775,0,0,0.00619990304900675,0.004513524387384837,0.0,0.0,0.0,1.4178026041064848,141780.26041064848
2025-12-05 10:50:10.763715,323.3459776751428,327.995680998212,0.2305788161039004,1.9297207706907595,0,0,-0.01910250692061921,-0.0200450983190803,0.0,0.0,0.0,1.4178026041064848,141780.26041064848
2025-12-05 11:05:10.763715,325.57458874595744,330.33156429858434,0.158062439169953,1.8344154942946889,0,0,0.006892342025833553,0.0071216892041485735,0.0,0.0,0.0,1.4178026041064848,141780.26041064848
2025-12-05 11:20:10.763715,324.7152167330076,330.188026050712,-0.5599070465525529,1.251256098384359,0,0,-0.002639554936581412,-0.00043452779990049706,0.0,0.0,0.0,1.4178026041064848,141780.26041064848
2025-12-05 11:35:10.763715,317.3293160752694,322.3169218552936,-0.19181849375132742,1.5055619570561027,0,0,-0.022745779307937863,-0.023838248435482434,0.0,0.0,0.0,1.4178026041064848,141780.26041064848
2025-12-05 11:50:10.763715,322.2847601854497,328.0304308916774,-0.8648715197450088,0.9742453598328724,0,0,0.015616092995974329,0.01772637006923561,0.0,0.0,0.0,1.4178026041064848,141780.26041064848
2025-12-05 12:05:10.763715,318.54869864558736,324.4681912762244,-1.0916963810157085,0.7860719713309586,0,0,-0.011592423848129085,-0.010859479121402948,0.0,0.0,0.0,1.4178026041064848,141780.26041064848
2025-12-05 12:20:10.763715,314.4326014994121,320.58059813374183,-1.3780442908229702,0.56170235383671,0,0,-0.012921406251779288,-0.011981430682593497,0.0,0.0,0.0,1.4178026041064848,141780.26041064848
2025-12-05 12:35:10.763715,314.8536154480083,321.57868558444045,-1.9402671450627054,0.1364262630310819,0,0,0.0013389640469485542,0.0031133744727815937,0.0,0.0,0.0,1.4178026041064848,141780.26041064848
2025-12-05 12:50:10.763715,321.28862329789285,327.2000701691937,-1.0430027090998237,0.822829288826577,0,0,0.020438094194116463,0.017480588225357252,0.0,0.0,0.0,1.4178026041064848,141780.26041064848
2025-12-05 13:05:10.763715,317.26201089972517,322.28443427729474,-0.22711947737718674,1.4163823871516583,0,0,-0.012532695234696467,-0.015023333856123866,0.0,0.0,0.0,1.4178026041064848,141780.26041064848
2025-12-05 13:20:10.763715,318.4816506984231,322.6150089767059,0.6668642775342164,2.0292525839167084,-1,-1,0.003844266747345948,0.001025723442562354,0.0,0.001,-0.001,1.4163848015023783,141638.48015023783
2025-12-05 13:35:10.763715,319.7789177554508,324.7293081086354,-0.118708918826826,1.410939037297323,0,-1,0.0040732866530388545,0.0065536291651022704,0.002382830376342986,0.0,0.002382830376342986,1.4197598062319887,141975.98062319888
2025-12-05 13:50:10.763715,323.00541617145336,328.15580841775073,-0.26772755445409757,1.2736963184272336,0,-1,0.01008977839642955,0.010551866504051599,0.00030508577918302894,0.0,0.00030508577918302894,1.4201929547587258,142019.29547587258
2025-12-05 14:05:10.763715,323.1532238106258,329.058367744597,-1.0090499672394913,0.7116154905566757,0,-1,0.00045760111679982174,0.0027503987547807807,0.0022518741664349,0.0,0.0022518741664349,1.4233910505848997,142339.10505848998
2025-12-05 14:20:10.763715,321.09278337552485,327.28446850897643,-1.3219851995008867,0.4736662653752284,0,-1,-0.00637604790323365,-0.0053908346041434685,0.0010654240925792,0.0,0.0010654240925792,1.4249075657033543,142490.75657033542
2025-12-05 14:35:10.763715,316.8199427922168,323.27904727002925,-1.649001626581878,0.23334570853513695,0,-1,-0.013307183482572538,-0.012238348056034742,0.0012509310908742268,0.0,0.0012509310908742268,1.4266900268789144,142669.00268789145
2025-12-05 14:50:10.763715,317.88234296164615,323.7294162810745,-1.0302693804458158,0.6807901269919753,0,-1,0.003353324794096446,0.0013931277478340665,-0.0019809255401396454,0.0,-0.0019809255401396454,1.4238638601668074,142386.38601668074
2025-12-05 15:05:10.763715,312.7911496786107,318.59667041870256,-1.0650874651400386,0.6425121130318366,0,-1,-0.016015967529375286,-0.015855049322782255,0.00039682714841261617,0.0,0.00039682714841261617,1.4244288880021654,142442.88880021655
2025-12-05 15:20:10.763715,300.3715497013654,304.9676451502288,-0.05844987035214899,1.3540874392159423,0,-1,-0.03970572693634811,-0.042778304150392965,-0.0024360743398182463,0.0,-0.0024360743398182463,1.4209588733392073,142095.88733392072
2025-12-05 15:35:10.763715,302.5735816826439,307.00194607329894,0.13954976465686286,1.4649796758070663,0,-1,0.007331027134453327,0.006670546713465342,-0.0007597321851733254,0.0,-0.0007597321851733254,1.4198793251493238,141987.93251493238
2025-12-05 15:50:10.763715,307.6903244895311,311.22406194328346,1.0969980064227798,2.0901157648185427,0,-1,0.016910738797592417,0.013752733244812854,-0.0033626339131750706,0.0,-0.0033626339131750706,1.4151047907779606,141510.47907779604
2025-12-05 16:05:10.763715,296.5818390529033,300.4162829507705,0.6354814851118817,1.7158127599171555,0,-1,-0.036102810366420046,-0.034726681880022925,0.0018928304283740496,0.0,0.0018928304283740496,1.417783344185283,141778.3344185283
2025-12-05 16:20:10.763715,292.8902308278645,295.9300657587193,1.3633395559899668,2.155112666771774,0,-1,-0.012447182325214134,-0.014933335663387948,-0.0022639586705656568,0.0,-0.0022639586705656568,1.4145735412902312,141457.35412902312
2025-12-05 16:35:10.763715,296.0271326779349,298.721134003692,1.7507017582438493,2.329703684168115,0,-1,0.010710162101357223,0.00943151294146749,-0.0014189816301635547,0.0,-0.0014189816301635547,1.412566287420625,141256.62874206252
2025-12-05 16:50:10.763715,304.3524599522819,308.1149439637782,0.821990556164053,1.660803717812056,0,-1,0.028123527728806552,0.03144675381411122,0.00285532653703343,0.0,0.00285532653703343,1.416599625426416,141659.9625426416
2025-12-05 17:05:10.763715,304.89445685777565,308.24188438124327,1.2389358039782792,1.8809851934767086,0,-1,0.0017808198612185855,0.00041199045989781524,-0.0013749594505849249,0.0,-0.0013749594505849249,1.4146518583837409,141465.18583837408
2025-12-05 17:20:10.763715,301.80794438243555,304.9246721474817,1.4202784136500668,1.9389336728857318,0,-1,-0.010123216102875476,-0.010761717994361542,-0.00047837716071259286,0.0,-0.00047837716071259286,1.4139751212443303,141397.51212443304
2025-12-05 17:35:10.763715,300.82299268980694,304.1196844942864,1.2283368784943036,1.7669612131207557,0,-1,-0.0032635048578461,-0.0026399557881823243,0.000662829248726082,0.0,0.000662829248726082,1.414912345311662,141491.2345311662
2025-12-05 17:50:10.763715,306.36522878223815,310.4877565542116,0.49725212309073186,1.2765370241527938,0,-1,0.018423578739362068,0.020939361654654265,0.0022042239570220987,0.0,0.0022042239570220987,1.4180311290002845,141803.11290002844
2025-12-05 18:05:10.763715,303.1205596784482,307.52457615918166,0.1716739424419984,1.0510684199397213,0,-1,-0.010590853004719514,-0.009543630408861525,0.0011892232736885298,0.0,0.0011892232736885298,1.4197174846217064,141971.74846217065
2025-12-05 18:20:10.763715,300.6443924751462,303.8904049646199,1.2756047193303175,1.697223219783663,0,-1,-0.008168918683472803,-0.011817498425493733,-0.0034727459434778403,0.0,-0.0034727459434778403,1.4147871664861018,141478.7166486102
2025-12-05 18:35:10.763715,298.4930307474304,301.72800733382337,1.25446608126083,1.641372068053402,0,-1,-0.007155835204522121,-0.007115715387750687,0.0001459952923526745,0.0,0.0001459952923526745,1.4149937187520896,141499.37187520895
2025-12-05 18:50:10.763715,294.74999667130675,297.4737674518503,1.7023726057033741,1.85961310535717,0,-1,-0.012539770415245677,-0.01409958564856173,-0.0013500260196257913,0.0,-0.0013500260196257913,1.4130834404141672,141308.3440414167
2025-12-05 19:05:10.763715,294.7958428947219,298.0514430243254,1.179138552075358,1.5104280862563488,0,-1,0.00015554274447127092,0.001941937863709775,0.0017575008220855534,0.0,0.0017575008220855534,1.4155669357223706,141556.69357223707
2025-12-05 19:20:10.763715,301.3377397901175,305.4347819396802,0.44755400623415653,1.05187601699526,0,-1,0.02219127933134346,0.02477202874925255,0.002212163803951818,0.0,0.002212163803951818,1.4186984016596467,141869.84016596468
2025-12-05 19:35:10.763715,303.258753873841,306.94926249385867,0.876621650790014,1.2819380876302575,0,-1,0.006374953515817516,0.004958441682904269,-0.0014902890067759146,0.0,-0.0014902890067759146,1.4165841310277227,141658.41310277226
2025-12-05 19:50:10.763715,301.42845495134156,305.8201434501851,0.15864149128645977,0.8356315418414351,0,-1,-0.0060354364024751694,-0.003678520138800212,0.002411649350639212,0.0,0.002411649350639212,1.4200004352274416,142000.04352274415
2025-12-05 20:05:10.763715,299.93589361923966,304.5148923823262,-0.04808974049552717,0.6959843233350324,0,-1,-0.00495162718577058,-0.004268034973541668,0.0007470967522501416,0.0,0.0007470967522501416,1.4210613129407936,142106.13129407936
2025-12-05 20:20:10.763715,293.24452584297626,297.4874774465388,0.1833957751333628,0.8189105431051318,0,-1,-0.022309326488139214,-0.023077409714873043,-0.0004247120271280401,0.0,-0.0004247120271280401,1.4204577711099013,142045.77711099014
2025-12-05 20:35:10.763715,297.0658619803533,301.48455213063903,0.06713012186526157,0.733064218622883,0,-1,0.01303122752723862,0.01343611071769768,0.00020496588985323416,0.0,0.00020496588985323416,1.420748916500956,142074.89165009558
2025-12-05 20:50:10.763715,296.63794199463314,301.16287163548134,-0.043895686523910626,0.655192364507484,0,-1,-0.001440488593564715,-0.0010669883179231787,0.0003893761067342487,0.0,0.0003893761067342487,1.4213021221827098,142130.212218271
2025-12-05 21:05:10.763715,296.0642308637691,300.3787028729912,0.1548942158381692,0.7594298408922306,0,-1,-0.0019340450078850768,-0.002603802913126896,-0.0006310156485993322,0.0,-0.0006310156485993322,1.420405258302225,142040.5258302225
2025-12-05 21:20:10.763715,310.40574848651335,315.14745329568245,-0.05259279755944135,0.6212454494097113,0,-1,0.048440561633881885,0.04916710233260413,-5.021773742175384e-06,0.0,-5.021773742175384e-06,1.4203981253483957,142039.81253483958
2025-12-05 21:35:10.763715,312.09702437490506,316.5945485677275,0.21311930111755828,0.7663727959897623,0,-1,0.005448597188158155,0.004591803795054972,-0.0009251153233779787,0.0,-0.0009251153233779787,1.4190840932773385,141908.40932773385
2025-12-05 21:50:10.763715,308.19462060613614,313.0757151965098,-0.22280818723442053,0.4899379035622782,0,-1,-0.012503816005887902,-0.011114636645314535,0.0015545552049699967,0.0,0.0015545552049699967,1.4212901378408331,142129.0137840833
2025-12-05 22:05:10.763715,306.147410514651,311.11098047645913,-0.3345170526383754,0.4109316586300263,0,-1,-0.00664258865861711,-0.006275589656698388,0.00046037415863162817,0.0,0.00046037415863162817,1.421944463092213,142194.4463092213
2025-12-05 22:20:10.763715,311.8808113324616,316.54847346590424,0.0422958042247501,0.6271855701486136,0,-1,0.018727582272123122,0.017477663376322283,-0.001509970882309801,0.0,-0.001509970882309801,1.419797368356682,141979.7368356682
2025-12-05 22:35:10.763715,312.811647855053,317.1184745246381,0.4116123736193913,0.834732196667088,0,-1,0.0029845905511614035,0.0018006754305048833,-0.0012107075592496025,0.0,-0.0012107075592496025,1.4180784089502099,141807.84089502099
2025-12-05 22:50:10.763715,305.6473676890246,310.38121601152693,-0.11565365534715966,0.4970697473566171,0,-1,-0.02290285612813292,-0.021245241303617934,0.001973724998163992,0.0,0.001973724998163992,1.4208773057553115,142087.73057553114
2025-12-05 23:05:10.763715,309.90759048704786,314.7219986133699,-0.13162649955404504,0.47157236449324713,0,-1,0.013938359195547756,0.013985326359704064,-0.00016112197359103263,0.0,-0.00016112197359103263,1.4206483711995774,142064.83711995775
2025-12-05 23:20:10.763715,305.92047588207106,311.61471715013624,-1.057693208093724,-0.14108911836870838,0,-1,-0.012865495158446039,-0.009873099042723488,0.0031392989919124138,0.0,0.0031392989919124138,1.4251082111991462,142510.82111991462
2025-12-05 23:35:10.763715,314.4164378098041,320.52715841979403,-1.3415634015919409,-0.34706076107099065,0,-1,0.027771798874319797,0.0286008355162628,0.00040348181051763285,0.0,0.00040348181051763285,1.4256832164403843,142568.32164403843
2025-12-05 23:50:10.763715,320.3737977427907,325.7947987252294,-0.5734660014433075,0.14213420323391435,0,-1,0.018947355216174522,0.016434302576433524,-0.0027575803514762395,0.0,-0.0027575803514762395,1.4217517804152988,142175.17804152987
2025-12-06 00:05:10.763715,317.8173853381301,323.6484523059295,-1.0154677002948347,-0.19341849881195355,0,-1,-0.007979467805020013,-0.006588031569865871,0.0014894602478633216,0.0,0.0014894602478633216,1.4238694231745561,142386.9423174556
2025-12-06 00:20:10.763715,323.3791634331068,329.9605653586635,-1.6718840658988938,-0.7229016193626392,0,0,0.017499917724951963,0.019502991618719268,0.00171288683591456,0.001,0.00071288683591456,1.4248844809423984,142488.44809423984
2025-12-06 00:35:10.763715,324.1159415842932,330.32961228236746,-1.298661750531494,-0.47957576036119887,0,0,0.002278372370577264,0.0011184576656997347,0.0,0.0,0.0,1.4248844809423984,142488.44809423984
2025-12-06 00:50:10.763715,327.40114457617176,334.61565885635235,-2.2357327961244096,-1.2796636322221513,0,0,0.0101358883361935,0.012975060105483882,0.0,0.0,0.0,1.4248844809423984,142488.44809423984
2025-12-06 01:05:10.763715,329.46073742995077,337.09122075304003,-2.6148676939246798,-1.705957244759228,0,0,0.006290731990094889,0.007398224892249949,0.0,0.0,0.0,1.4248844809423984,142488.44809423984
2025-12-06 01:20:10.763715,325.7895566708061,332.8720655507165,-2.1296705035243804,-1.353063795992841,0,0,-0.011142999277494181,-0.012516360387251235,0.0,0.0,0.0,1.4248844809423984,142488.44809423984
2025-12-06 01:35:10.763715,322.4877346451464,329.70719778025995,-2.3137151582291153,-1.5439059614040798,0,0,-0.010134830776653891,-0.00950776018173971,0.0,0.0,0.0,1.4248844809423984,142488.44809423984
2025-12-06 01:50:10.763715,327.31493338063694,334.8740173242505,-2.576458316815774,-1.8030161365861388,0,0,0.014968627382998534,0.015670933418426847,0.0,0.0,0.0,1.4248844809423984,142488.44809423984
2025-12-06 02:05:10.763715,326.1659223194911,333.2299404082784,-2.1058548548601834,-1.4302072843692908,0,0,-0.0035104144173271346,-0.004909538605320174,0.0,0.0,0.0,1.4248844809423984,142488.44809423984
2025-12-06 02:20:10.763715,324.51734421417774,331.25154335512025,-1.8054726842721038,-1.1587400871928701,0,0,-0.005054415536698831,-0.005937032701005873,0.0,0.0,0.0,1.4248844809423984,142488.44809423984
2025-12-06 02:35:10.763715,320.21400184559633,326.57224581260607,-1.4991412692593258,-0.8705672036375197,0,0,-0.013260746907078236,-0.014126115444231147,0.0,0.0,0.0,1.4248844809423984,142488.44809423984
2025-12-06 02:50:10.763715,322.05470570933676,328.68675467529715,-1.7414842690631644,-1.088565661672034,0,0,0.005748355328409449,0.0064748578294813175,0.0,0.0,0.0,1.4248844809423984,142488.44809423984
2025-12-06 03:05:10.763715,332.0932452821196,339.0484635737588,-1.9104806412610742,-1.236541596558437,0,0,0.03117029310493269,0.0315245708902927,0.0,0.0,0.0,1.4248844809423984,142488.44809423984
2025-12-06 03:20:10.763715,326.94657209515,333.6958882026353,-1.7842199874552875,-1.104572255433417,0,0,-0.01549767500569732,-0.01578705095638666,0.0,0.0,0.0,1.4248844809423984,142488.44809423984
2025-12-06 03:35:10.763715,327.3256036679034,333.850522605712,-1.5575219962764777,-0.8867320371201906,0,0,0.001159307376506602,0.00046339918633586663,0.0,0.0,0.0,1.4248844809423984,142488.44809423984
2025-12-06 03:50:10.763715,333.89127405203726,341.03211919130854,-2.0665924689052986,-1.3408165444392814,0,0,0.02005852982645151,0.021511413340149943,0.0,0.0,0.0,1.4248844809423984,142488.44809423984
2025-12-06 04:05:10.763715,333.4500097180912,340.6590225536859,-2.1403115092318217,-1.3836312461776794,0,0,-0.0013215809104291099,-0.0010940219897979109,0.0,0.0,0.0,1.4248844809423984,142488.44809423984
2025-12-06 04:20:10.763715,335.1998755068198,343.0127505532743,-2.7091523543167,-1.8481043682501113,0,0,0.00524776049701714,0.0069093370313346725,0.0,0.0,0.0,1.4248844809423984,142488.44809423984
2025-12-06 04:35:10.763715,330.09580712994403,337.6236174503141,-2.5042731049067015,-1.6288763526252064,0,0,-0.015226939953836394,-0.01571117427637203,0.0,0.0,0.0,1.4248844809423984,142488.44809423984
2025-12-06 04:50:10.763715,331.82219829711994,339.8336807414695,-2.9550614653761045,-1.9650087656754522,0,0,0.005229969996245032,0.006545938071055302,0.0,0.0,0.0,1.4248844809423984,142488.44809423984
2025-12-06 05:05:10.763715,330.4433607144808,338.91493939628845,-3.428827751670724,-2.285835684725872,1,1,-0.004155350635717592,-0.0027035029111195374,0.0,0.001,-0.001,1.423459596461456,142345.9596461456
2025-12-06 05:20:10.763715,335.47765064080914,343.9977475718685,-3.4017183649711455,-2.1834958143343988,0,1,0.015234955592520638,0.014997297506666785,0.00046080444843674996,0.0,0.00046080444843674996,1.4241155329756754,142411.55329756753
2025-12-06 05:35:10.763715,341.5559712526711,350.21452677851045,-3.4476768498929005,-2.1486406713664468,0,1,0.018118406994479308,0.018072150909485662,0.0003151535138609593,0.0,0.0003151535138609593,1.4245643479900367,142456.43479900368
2025-12-06 05:50:10.763715,355.21703013233144,364.1221378867634,-3.4872962741156357,-2.1073866434718407,0,1,0.0399965453086879,0.039711691105973834,0.0008757286198131722,0.0,0.0008757286198131722,1.425811879760337,142581.1879760337
2025-12-06 06:05:10.763715,358.0919915200013,367.33853170723995,-3.780871645918239,-2.2536476580319005,0,1,0.008093534779564981,0.00883328280764073,-0.0006083166867080891,0.0,-0.0006083166867080891,1.4249445346017722,142494.4534601772
2025-12-06 06:20:10.763715,360.08464735481977,369.17500405598344,-3.5973630951491486,-2.0458033878339745,0,1,0.0055646478614621575,0.00499940025406076,0.0006396342081402143,0.0,0.0006396342081402143,1.425855977870806,142585.5977870806
2025-12-06 06:35:10.763715,361.4509005599062,370.2900294181217,-3.329544672889085,-1.8019632032454032,0,1,0.003794255642729949,0.003020316516253674,0.0008188787327054275,0.0,0.0008188787327054275,1.4270235810069853,142702.35810069853
2025-12-06 06:50:10.763715,359.86591070113866,368.3704419107019,-3.0235087680943025,-1.5430546702023762,0,1,-0.004385076524397347,-0.005184010788614191,0.000721800823971659,0.0,0.000721800823971659,1.428053607803583,142805.3607803583
2025-12-06 07:05:10.763715,361.2738737295378,370.28253603080594,-3.4991896108375045,-1.8380427861642679,0,1,0.003912465689389633,0.005190682808821956,-0.0012009844054986767,0.0,-0.0012009844054986767,1.4263385376903948,142633.85376903947
2025-12-06 07:20:10.763715,359.85306025777237,368.68230235934544,-3.3435794557794907,-1.6844634217150416,0,1,-0.003932787768730517,-0.004321655805358815,0.00032456566662647686,0.0,0.00032456566662647686,1.4268014782087153,142680.14782087153
2025-12-06 07:35:10.763715,360.97616838140306,369.65207249242235,-3.1758121537019974,-1.533566567606409,0,1,0.003121018681420118,0.0026303680075527858,0.0005297881953360436,0.0,0.0005297881953360436,1.4275573807889583,142755.73807889584
2025-12-06 07:50:10.763715,368.0347827136057,377.068240991821,-3.423020371955772,-1.6656547084297229,0,1,0.01955423917277721,0.020062564371394753,-0.00020981219908734056,0.0,-0.00020981219908734056,1.4272578618355716,142725.78618355715
2025-12-06 08:05:10.763715,361.6680790847279,371.4551177169542,-4.26011897590206,-2.1706872988762487,0,1,-0.017299189989420705,-0.014886226588859297,-0.0026344571273086495,0.0,-0.0026344571273086495,1.4234978121889514,142349.78121889514
2025-12-06 08:20:10.763715,367.9304596225775,377.8987193891058,-4.345465085091405,-2.154745355380655,0,1,0.017315270271287986,0.01734691855036319,0.00022645834145523444,0.0,0.00022645834145523444,1.423820175142565,142382.0175142565
2025-12-06 08:35:10.763715,376.2902776122165,385.477547052355,-3.4517085869999846,-1.5383388325870262,0,1,0.022721190298336635,0.020055182180825692,0.0029644112766533948,0.0,0.0029644112766533948,1.4280409637256841,142804.0963725684
2025-12-06 08:50:10.763715,375.4945020281381,384.83394120595926,-3.6134546035753488,-1.6112581483792712,0,1,-0.0021147917749246847,-0.0016696325150900027,-0.0004700018971449606,0.0,-0.0004700018971449606,1.4273697817635322,142736.97817635324
2025-12-06 09:05:10.763715,363.71798621857926,372.8156629254252,-3.5505133556649753,-1.5407051234006168,0,1,-0.03136268506183437,-0.031229777297896888,-0.0005975788958665351,0.0,-0.0005975788958665351,1.4265168157053527,142651.68157053526
2025-12-06 09:20:10.763715,360.7481496682882,369.4689729168194,-3.22345564900354,-1.32739923710928,0,1,-0.008165217731372576,-0.00897679561621656,0.0006780112013452834,0.0,0.0006780112013452834,1.4274840100853086,142748.40100853087
2025-12-06 09:35:10.763715,367.84794529171717,376.7650126937259,-3.311141261400394,-1.3691613142319772,0,1,0.019680754093838848,0.019747368011194588,0.0002272092424718923,0.0,0.0002272092424718923,1.427808347645881,142780.8347645881
2025-12-06 09:50:10.763715,368.3612805851728,376.6734620330746,-2.7076174991755693,-0.9785268635418825,0,1,0.001395509476200818,-0.0002429914072878958,0.0016348853888536912,0.0,0.0016348853888536912,1.4301426506515305,143014.26506515304
2025-12-06 10:05:10.763715,362.4176744851932,371.1065173600877,-3.1671100798427574,-1.2512379692200633,0,1,-0.016135262887938984,-0.014779232502708295,-0.0015759321357480885,0.0,-0.0015759321357480885,1.4278888428896648,142788.88428896648
2025-12-06 10:20:10.763715,360.16572673329034,368.3440818563668,-2.697724895620752,-0.9489145096064227,0,1,-0.00621368081758622,-0.007443780624958651,0.0011193430147178772,0.0,0.0011193430147178772,1.4294871402917468,142948.71402917468
2025-12-06 10:35:10.763715,364.9247024300028,373.05535250328666,-2.5799203557342025,-0.8627722920840823,0,1,0.013213294168427536,0.0127904067934963,0.0006131971791246589,0.0,0.0006131971791246589,1.4303636977737686,143036.36977737685
2025-12-06 10:50:10.763715,367.78166459498004,376.16497493596194,-2.78631222510586,-0.9746878412267798,0,1,0.00782890866513819,0.008335552383336609,-0.00038261816001809376,0.0,-0.00038261816001809376,1.4298164146475698,142981.64146475698
2025-12-06 11:05:10.763715,366.6869034193035,374.8567034471761,-2.5922678206953265,-0.8401441677952343,0,1,-0.0029766605599605978,-0.003477919466076229,0.00044951057760069966,0.0,0.00044951057760069966,1.4304591322499811,143045.9132249981
2025-12-06 11:20:10.763715,365.2543102315439,372.8370506352451,-2.0352588225425734,-0.48790007224354254,0,1,-0.003906856706364148,-0.005387799640124591,0.0014007772978193818,0.0,0.0014007772978193818,1.4324628869278953,143246.28869278953
2025-12-06 11:35:10.763715,363.59744676829894,370.68961321750174,-1.5766368146153127,-0.1966231282518108,0,1,-0.004536191406460444,-0.005759721074084512,0.0011378301736583944,0.0,0.0011378301736583944,1.4340927864232877,143409.27864232878
2025-12-06 11:50:10.763715,358.14963575534256,365.63257569504293,-2.042654496813441,-0.4718849356064225,0,1,-0.014983083796042074,-0.013642242302299379,-0.001543825847815778,0.0,-0.001543825847815778,1.4318787969114413,143187.87969114413
2025-12-06 12:05:10.763715,367.074700933119,374.63775519678114,-1.9887798104667809,-0.4265452058960121,0,1,0.024919933700207064,0.02462904046396841,0.0006573513125019553,0.0,0.0006573513125019553,1.4328200443179346,143282.00443179347
2025-12-06 12:20:10.763715,365.30275248043404,372.868110485876,-2.017414281508138,-0.4353351580644208,0,1,-0.00482721486438753,-0.004723615509535706,-0.0001738825254513597,0.0,-0.0001738825254513597,1.4325709019501114,143257.09019501114
2025-12-06 12:35:10.763715,371.8479764791633,379.77620451289084,-2.277498054215073,-0.5844716264531447,0,1,0.01791725891547946,0.018526910274019093,-0.0003339875173903016,0.0,-0.0003339875173903016,1.4320924411510834,143209.24411510833
2025-12-06 12:50:10.763715,380.19619099822927,388.5810941267445,-2.603164272943502,-0.7741990899095851,0,1,0.02245061166692608,0.023184416267330477,-0.00038884123908128343,0.0,-0.00038884123908128343,1.4315355845517872,143153.55845517872
2025-12-06 13:05:10.763715,385.6758603161864,394.4831976964786,-2.9377805066683322,-0.9658457030671344,0,1,0.01441274123123093,0.015188859311330738,-0.0005501214493334895,0.0,-0.0005501214493334895,1.430748066121241,143074.8066121241
2025-12-06 13:20:10.763715,383.8446420552742,391.9766388709637,-2.2997352937291,-0.5652199931227229,0,1,-0.004748075908642346,-0.0063540319084604,0.0015114136926138192,0.0,0.0015114136926138192,1.4329105183390574,143291.05183390575
2025-12-06 13:35:10.763715,386.0288512504619,394.39707037781136,-2.499943751133401,-0.6839768851704207,0,1,0.0056903469682225705,0.006174938164221766,-0.00039271364339961163,0.0,-0.00039271364339961163,1.4323477948287346,143234.77948287348
2025-12-06 13:50:10.763715,385.3029940018335,394.29338357269575,-3.123656961494646,-1.0493157579390948,0,1,-0.0018803186504768865,-0.00026289953172387026,-0.0016213308284595716,0.0,-0.0016213308284595716,1.4300254851919028,143002.54851919028
2025-12-06 14:05:10.763715,380.06361813836344,389.0234920410152,-3.171552562112936,-1.0573713539409986,0,1,-0.013598066833202749,-0.013365406956439507,-0.0004315251686895921,0.0,-0.0004315251686895921,1.429408393203175,142940.8393203175
2025-12-06 14:20:10.763715,381.96803433438487,390.95994874900055,-3.1747803316148406,-1.0389661687195761,0,1,0.005010782682514314,0.004977737199945764,0.00010710975645307486,0.0,0.00010710975645307486,1.429561496788043,142956.1496788043
2025-12-06 14:35:10.763715,376.0804317252218,384.1447846961902,-2.3486224287130995,-0.5208045737027087,0,1,-0.015413862103468401,-0.01743187268828339,0.0017586399227560827,0.0,0.0017586399227560827,1.4320755807083294,143207.55807083295
2025-12-06 14:50:10.763715,382.9216759161834,391.0888280242736,-2.348100416835166,-0.5085371331280326,0,1,0.01819090708755633,0.01807663049122299,0.00038324067736716233,0.0,0.00038324067736716233,1.432624410323921,143262.4410323921
2025-12-06 15:05:10.763715,379.8836234209125,388.4115434019144,-2.7487038884481194,-0.7422332986473242,0,1,-0.00793387443529281,-0.006845720027044644,-0.0011900125945391842,0.0,-0.0011900125945391842,1.4309195692323913,143091.95692323914
2025-12-06 15:20:10.763715,382.23367087268565,389.6242648260075,-1.5933336515035421,-0.03243295078501695,0,1,0.006186229958034417,0.0031222589665369505,0.0031104274101365474,0.0,0.0031104274101365474,1.4353703406822325,143537.03406822323
2025-12-06 15:35:10.763715,383.8749034268059,391.32255520814454,-1.6251224388004744,-0.05206513103475158,0,1,0.004293793768542331,0.004358790084327602,-1.414209518700929e-07,0.0,-1.414209518700929e-07,1.4353701376907926,143537.01376907926
2025-12-06 15:50:10.763715,383.0027643935592,389.84475457309946,-1.0414491876490501,0.3057832349387794,0,1,-0.0022719355328030266,-0.0037764259058847838,0.0014483005359402722,0.0,0.0014483005359402722,1.4374489850304828,143744.8985030483
2025-12-06 16:05:10.763715,386.10539571144915,393.3300186911356,-1.3722243774334402,0.10494637386192944,0,1,0.008100806590267462,0.008940133417602691,-0.0007063056445349939,0.0,-0.0007063056445349939,1.4364337066986246,143643.37066986246
2025-12-06 16:20:10.763715,383.63473015523,390.57712260605314,-1.1309544781556724,0.2604871888342715,0,1,-0.006398940765038108,-0.006998947332428673,0.0004958684959515975,0.0,0.0004958684959515975,1.4371459889202993,143714.59889202993
2025-12-06 16:35:10.763715,388.8439643571931,395.7548311678193,-1.0223891692078269,0.3361505772675415,0,1,0.013578630380662648,0.013256558723201417,0.0005193173851087592,0.0,0.0005193173851087592,1.437892323817285,143789.2323817285
2025-12-06 16:50:10.763715,381.8315175952535,387.8835676094735,-0.2806897288583059,0.8121754322417166,0,0,-0.018034089261310893,-0.019889241870070795,0.0015592184929057104,0.001,0.0005592184929057104,1.4386964197955707,143869.64197955708
2025-12-06 17:05:10.763715,382.9292215766583,388.6584373431876,0.05367388687199082,1.0294697053683137,0,0,0.0028748385893286876,0.0019976864152548846,0.0,0.0,0.0,1.4386964197955707,143869.64197955708
2025-12-06 17:20:10.763715,394.11436408130066,400.1681524059638,-0.09964441365423227,0.9548217883286078,0,0,0.029209425330845917,0.02961395908822917,0.0,0.0,0.0,1.4386964197955707,143869.64197955708
2025-12-06 17:35:10.763715,388.1348389759872,394.24788843234836,-0.24699377395853617,0.8911297479076454,0,0,-0.015172055754050118,-0.014794440632070582,0.0,0.0,0.0,1.4386964197955707,143869.64197955708
2025-12-06 17:50:10.763715,383.91777097775133,390.29922766498515,-0.5741535425412962,0.6951086499089776,0,0,-0.010864956130611003,-0.010015680193150356,0.0,0.0,0.0,1.4386964197955707,143869.64197955708
2025-12-06 18:05:10.763715,386.83404577490853,393.35885532477033,-0.6719818843124017,0.6540251212898627,0,0,0.007596092230193197,0.007839184510022745,0.0,0.0,0.0,1.4386964197955707,143869.64197955708
2025-12-06 18:20:10.763715,388.18890311187533,394.4593289685757,-0.4012241283823528,0.8621301285376701,0,0,0.0035024252693496294,0.0027976328202825584,0.0,0.0,0.0,1.4386964197955707,143869.64197955708
2025-12-06 18:35:10.763715,389.9186886268488,396.5790899106264,-0.7596594100731977,0.6438149507475837,0,0,0.004456040605763878,0.0053738390408801795,0.0,0.0,0.0,1.4386964197955707,143869.64197955708
2025-12-06 18:50:10.763715,393.10548870225506,399.539765440244,-0.4894826625509836,0.8442490881083052,0,0,0.008172986236256063,0.007465536143836715,0.0,0.0,0.0,1.4386964197955707,143869.64197955708
2025-12-06 19:05:10.763715,397.3239901020007,403.40221660203747,-0.07596260865187787,1.1365692021118974,0,0,0.010731219789558377,0.009667250911902237,0.0,0.0,0.0,1.4386964197955707,143869.64197955708
2025-12-06 19:20:10.763715,403.1326803054031,410.2142638435557,-0.9779624813843384,0.5335323376968805,0,0,0.014619530529508484,0.016886489367604174,0.0,0.0,0.0,1.4386964197955707,143869.64197955708
2025-12-06 19:35:10.763715,404.9849712465389,412.7850088706454,-1.6581661824493494,0.07077905876151565,0,0,0.0045947427029051635,0.006266834807260757,0.0,0.0,0.0,1.4386964197955707,143869.64197955708
2025-12-06 19:50:10.763715,403.39534017220103,411.3350268665255,-1.8193896869869377,-0.021969750757613836,0,0,-0.003925160653357129,-0.003512680870090157,0.0,0.0,0.0,1.4386964197955707,143869.64197955708
2025-12-06 20:05:10.763715,407.4195285154871,415.547379752464,-1.9448781892397733,-0.09563547152241801,0,0,0.009975792832828123,0.010240686085081219,0.0,0.0,0.0,1.4386964197955707,143869.64197955708
2025-12-06 20:20:10.763715,418.4774753104632,427.602859951824,-2.7630368393066647,-0.7146799439952813,0,0,0.027141425535658348,0.029011084624191996,0.0,0.0,0.0,1.4386964197955707,143869.64197955708
2025-12-06 20:35:10.763715,418.27400309004736,426.7956645391525,-2.1713239922582943,-0.23113786886059856,0,0,-0.0004862202446258568,-0.0018877222027056106,0.0,0.0,0.0,1.4386964197955707,143869.64197955708
2025-12-06 20:50:10.763715,412.50126950108717,420.6442319803874,-1.8841528326840375,0.016650852984485934,0,0,-0.013801320537048634,-0.014413062432129697,0.0,0.0,0.0,1.4386964197955707,143869.64197955708
2025-12-06 21:05:10.763715,419.10861010854285,427.73063149546243,-2.257772458666466,-0.2733570700403253,0,0,0.01601774611614437,0.016846539132873373,0.0,0.0,0.0,1.4386964197955707,143869.64197955708
2025-12-06 21:20:10.763715,417.5599123989437,427.00166577096536,-3.088350801240381,-0.9425032497277455,0,0,-0.0036952180705570603,-0.0017042635500488235,0.0,0.0,0.0,1.4386964197955707,143869.64197955708
2025-12-06 21:35:10.763715,403.8387540229884,413.35131422158094,-3.3622626402222977,-1.1517255805355482,0,0,-0.032860334453863715,-0.03196791170530511,0.0,0.0,0.0,1.4386964197955707,143869.64197955708
2025-12-06 21:50:10.763715,408.9846712201837,418.6809593244007,-3.466690197365722,-1.2184469274004996,0,0,0.012742504640608221,0.012893741762637134,0.0,0.0,0.0,1.4386964197955707,143869.64197955708
2025-12-06 22:05:10.763715,404.7148560195979,415.37398101449725,-4.478731965171278,-2.0287194469632497,1,1,-0.010440037246009837,-0.007898563897531186,0.0,0.001,-0.001,1.437257723375775,143725.7723375775
2025-12-06 22:20:10.763715,404.7195949917477,414.8517694040963,-3.9595514239434237,-1.5615664060030896,0,1,1.1709409919902214e-05,-0.0012572082852313482,0.0012502115612138696,0.0,0.0012502115612138696,1.4390545995979833,143905.45995979832
2025-12-06 22:35:10.763715,406.6170490266692,416.9644553619915,-4.143348470962053,-1.6892378757614357,0,1,0.0046883176856316044,0.00509262853315029,-0.0003285370934371125,0.0,-0.0003285370934371125,1.438581816782534,143858.1816782534
2025-12-06 22:50:10.763715,409.386800624485,418.19945108268337,-2.5902169629782748,-0.35306280757908387,0,1,0.006811695683803354,0.0029618729002205413,0.003893892801119189,0.0,0.003893892801119189,1.4441835001627243,144418.35001627242
2025-12-06 23:05:10.763715,414.72649079867887,422.71587019182294,-1.6997456242975773,0.43131051611186527,0,1,0.013043142001766261,0.010799677277067099,0.002404154255621344,0.0,0.002404154255621344,1.4476555400705384,144765.55400705384
2025-12-06 23:20:10.763715,411.90365360355435,420.00556287110885,-1.852602445601633,0.3206225727373551,0,1,-0.006806503220202598,-0.006411652629659259,-0.000490250242501801,0.0,-0.000490250242501801,1.4469458265909598,144694.582659096
2025-12-06 23:35:10.763715,414.8286047625758,423.2929714017269,-2.1661461208735773,0.06658861794474823,0,1,0.007101056602514699,0.007827059499273537,-0.0006095432575334118,0.0,-0.0006095432575334118,1.4460638505183452,144606.3850518345
2025-12-06 23:50:10.763715,413.6689175336307,421.6903778339381,-1.7470849398119412,0.47366956361639145,0,1,-0.0027955816345135442,-0.0037860150677244686,0.000934100917924674,0.0,0.000934100917924674,1.447414620088492,144741.46200884922
2025-12-07 00:05:10.763715,418.8721282284628,426.4322486965093,-1.2151903136389706,0.994709465411166,0,0,0.012578200764646885,0.011244911223557752,0.001500603754599204,0.001,0.0005006037545992039,1.44813920128177,144813.920128177
2025-12-07 00:20:10.763715,421.6626179870499,430.4297001550819,-2.3626735141024255,-0.07962402019029087,0,0,0.006661913196251312,0.009374177189440447,0.0,0.0,0.0,1.44813920128177,144813.920128177
2025-12-07 00:35:10.763715,414.97447102470534,424.4747116417334,-3.184436861773463,-0.8454875126956282,0,0,-0.015861370387236784,-0.013834985158326485,0.0,0.0,0.0,1.44813920128177,144813.920128177
2025-12-07 00:50:10.763715,421.2409126143555,431.4890629477127,-3.8279793093254852,-1.4328085568640785,0,0,0.015100788186261926,0.01652478018973147,0.0,0.0,0.0,1.44813920128177,144813.920128177
2025-12-07 01:05:10.763715,418.22435436753227,428.0768398974929,-3.4830853305818437,-1.0815962495152582,0,0,-0.0071611236147541835,-0.007908017475365958,0.0,0.0,0.0,1.44813920128177,144813.920128177
2025-12-07 01:20:10.763715,423.3956122591361,433.34040718127784,-3.4970775530819083,-1.0735086788246966,0,0,0.012364793770616611,0.012295846897592888,0.0,0.0,0.0,1.44813920128177,144813.920128177
2025-12-07 01:35:10.763715,426.160078882596,435.7779778842401,-3.133912762431976,-0.7111470919997073,0,0,0.006529275560295478,0.005625071335529919,0.0,0.0,0.0,1.44813920128177,144813.920128177
2025-12-07 01:50:10.763715,437.067883437407,448.0055603196317,-4.271755161474857,-1.7534150633485173,0,0,0.02559555691704296,0.028059202290942054,0.0,0.0,0.0,1.44813920128177,144813.920128177
2025-12-07 02:05:10.763715,434.45486548322003,446.551017197511,-5.451872293213853,-2.729608685972922,1,1,-0.005978517418475882,-0.0032467077441693526,0.0,0.001,-0.001,1.4466910620804883,144669.10620804882
2025-12-07 02:20:10.763715,432.6974930173548,444.26174392778773,-4.954033826444913,-2.197501545978372,0,1,-0.004045005834865223,-0.005126566017227718,0.0010052814688958252,0.0,0.0010052814688958252,1.448145393796415,144814.5393796415
2025-12-07 02:35:10.763715,432.1702253751712,444.1767674105212,-5.397589325875117,-2.480847539378951,0,1,-0.0012185595033306074,-0.00019127579276856377,-0.0010301297231444767,0.0,-0.0010301297231444767,1.4466536161828307,144665.36161828306
2025-12-07 02:50:10.763715,429.27824874801036,442.2055906966184,-6.347718584204813,-3.098059136585886,0,1,-0.006691753520618571,-0.004437820387127589,-0.002319963928488782,0.0,-0.002319963928488782,1.4432974319762688,144329.74319762687
2025-12-07 03:05:10.763715,434.5052939401314,447.5883909055158,-6.423382352101669,-2.981299739636598,0,1,0.012176356960469592,0.012172619076157964,0.00018485556026253368,0.0,0.00018485556026253368,1.4435642335316823,144356.42335316824
2025-12-07 03:20:10.763715,424.7934893542655,436.9109421676414,-5.616609079760849,-2.268225049547084,0,1,-0.022351406809796193,-0.023855508665613145,0.001149153240312728,0.0,0.001149153240312728,1.4452231100482449,144522.3110048245
2025-12-07 03:35:10.763715,418.27827790325955,430.1027546200677,-5.424932719785488,-2.0554388503205114,0,1,-0.01533736183412271,-0.015582552164512764,1.3335902369038602e-05,0.0,1.3335902369038602e-05,1.445242383402542,144524.2383402542
2025-12-07 03:50:10.763715,411.6131405244703,423.31098605692216,-5.399356972230237,-1.973609977962415,0,1,-0.015934696423156813,-0.0157910371188974,-0.00037861580178352033,0.0,-0.00037861580178352033,1.4446951917987785,144469.51917987785
2025-12-07 04:05:10.763715,417.3743476751767,429.43127390460535,-5.6673732643992025,-2.096643535806072,0,1,0.013996655071229158,0.014458136096803686,-0.0002463569021585576,0.0,-0.0002463569021585576,1.4443392811667635,144433.92811667634
2025-12-07 04:20:10.763715,427.86355816524906,440.6367831094084,-6.216944032389506,-2.390352231802836,0,1,0.02513142110553379,0.026093835930757647,-0.0005741619035761376,0.0,-0.0005741619035761376,1.443509996575679,144350.9996575679
2025-12-07 04:35:10.763715,426.613070060805,439.99095801687315,-6.831216343587073,-2.6859743526357103,0,1,-0.002922632882796483,-0.001465663143185414,-0.0014787774952435924,0.0,-0.0014787774952435924,1.4413753664785838,144137.5366478584
2025-12-07 04:50:10.763715,425.30919087446017,438.92205712149337,-7.082098923085368,-2.7160711592428357,0,1,-0.0030563507727482397,-0.002429370140235476,-0.0006631274856321381,0.0,-0.0006631274856321381,1.4404195508559587,144041.95508559587
2025-12-07 05:05:10.763715,426.1332938119979,439.4274516641069,-6.755870709753708,-2.4041393133488644,0,1,0.0019376560752033534,0.001151444850887584,0.0008033436930206244,0.0,0.0008033436930206244,1.4415767028174424,144157.67028174424
2025-12-07 05:20:10.763715,433.7420206545669,447.1977130414075,-6.801790710473938,-2.3393212955996017,0,1,0.01785527428402678,0.017682694487735517,0.00043568246221148757,0.0,0.00043568246221148757,1.4422047725047928,144220.47725047928
2025-12-07 05:35:10.763715,428.05403190633757,441.06422989619574,-6.447557052515265,-2.0543791545366368,0,1,-0.013113759971066452,-0.013715372342800514,0.00039753990811816804,0.0,0.00039753990811816804,1.442778106457542,144277.8106457542
2025-12-07 05:50:10.763715,429.1472303423434,442.6883597405958,-6.954322862608933,-2.2707683656776,0,1,0.0025538795444519646,0.0036822978022550412,-0.0010736289625880597,0.0,-0.0010736289625880597,1.441229098095861,144122.9098095861
2025-12-07 06:05:10.763715,435.36655437908405,449.25650715875094,-7.205418089693069,-2.3281247429490852,0,1,0.014492285157658547,0.014836955329035284,-0.00012390955687219957,0.0,-0.00012390955687219957,1.4410505160369647,144105.05160369645
2025-12-07 06:20:10.763715,437.6124255642075,452.69129382954924,-8.343227024237876,-2.8212471248927034,0,1,0.005158575371795537,0.007645491197269649,-0.002373157760057868,0.0,-0.002373157760057868,1.4376306758221962,143763.0675822196
2025-12-07 06:35:10.763715,439.09171265753963,454.0258554955453,-8.17864451389886,-2.6110786898037466,0,1,0.0033803589818659496,0.002948061259818502,0.00047616223473765816,0.0,0.00047616223473765816,1.438315221257523,143831.5221257523
2025-12-07 06:50:10.763715,446.487077619229,460.9409013951465,-7.595435758590725,-2.2267329582427,0,1,0.016842415259741506,0.015230511249307188,0.0018385203847544225,0.0,0.0018385203847544225,1.4409595931115076,144095.95931115074
2025-12-07 07:05:10.763715,428.4616410401513,442.6685756600258,-7.620422453640856,-2.1669740835393583,0,1,-0.040371687071423135,-0.03964136330669554,-0.0013201517671249524,0.0,-0.0013201517671249524,1.4390573077583058,143905.73077583057
2025-12-07 07:20:10.763715,432.6127074950221,447.2373703965374,-7.970171159202209,-2.258218891561667,0,1,0.009688303589543201,0.010321027937660654,-0.00047915669091910633,0.0,-0.00047915669091910633,1.4383677738206773,143836.77738206772
2025-12-07 07:35:10.763715,428.78434663314965,442.91520832252485,-7.540679849888363,-1.9886562440924038,0,1,-0.008849395303341834,-0.00966413443979508,0.0006709454665074638,0.0,0.0006709454665074638,1.4393328401576928,143933.28401576928
2025-12-07 07:50:10.763715,418.15403939883294,430.9615413591639,-6.395179985344043,-1.4152030846730963,0,1,-0.024791733461789756,-0.02698861258034846,0.0017953127212936917,0.0,0.0017953127212936917,1.4419168927158037,144191.68927158037
2025-12-07 08:05:10.763715,421.1856226388529,434.32230378395485,-6.674354033505324,-1.5133169469323822,0,1,0.007249919776880276,0.007798288483449767,-0.00043233715430613523,0.0,-0.00043233715430613523,1.441293498469661,144129.3498469661
2025-12-07 08:20:10.763715,429.54254067991576,443.40863526595547,-7.268570995308778,-1.7429899745119968,0,1,0.019841413362365667,0.020920711192673247,-0.0007680163742174347,0.0,-0.0007680163742174347,1.4401865614627833,144018.65614627834
2025-12-07 08:35:10.763715,427.8173176012178,442.53964089897966,-8.137729565361099,-2.0704053601086865,0,1,-0.0040164195983176665,-0.0019598047892201986,-0.002085774950109048,0.0,-0.002085774950109048,1.4371826564094006,143718.26564094005
2025-12-07 08:50:10.763715,434.0936092343709,448.95522564198853,-8.181564516931417,-2.0250040411963743,0,1,0.014670494566102255,0.014497197878084345,0.00038900201577452345,0.0,0.00038900201577452345,1.4377417233597802,143774.17233597802
2025-12-07 09:05:10.763715,445.71950586247164,459.9911896964653,-7.42742667664146,-1.6587028057297006,0,1,0.026782003652635833,0.02458143579617711,0.002566317617876974,0.0,0.002566317617876974,1.4414314252743952,144143.14252743952
2025-12-07 09:20:10.763715,454.67102427133364,469.20090860217175,-7.548594799932857,-1.6736245602874817,0,1,0.020083299678663957,0.02002151152456566,0.00035969032401473103,0.0,0.00035969032401473103,1.4419498942107973,144194.98942107972
2025-12-07 09:35:10.763715,465.8600304192738,480.9342282784829,-7.918327034198853,-1.7822224433170708,0,1,0.02460901520142378,0.025007026758040007,-2.5929382638605752e-05,0.0,-2.5929382638605752e-05,1.4419125053402446,144191.25053402447
2025-12-07 09:50:10.763715,471.23309416834894,486.3664896168275,-7.896697437256137,-1.7283200810770982,0,1,0.011533644009423583,0.011295227120326823,0.0004064797581122045,0.0,0.0004064797581122045,1.4424986135866344,144249.86135866345
2025-12-07 10:05:10.763715,471.83766666374396,486.96582114207746,-7.882538950486378,-1.679967372895691,0,1,0.0012829584824936013,0.0012322631966732445,6.903025916873322e-05,0.0,6.903025916873322e-05,1.442598189639781,144259.8189639781
2025-12-07 10:20:10.763715,460.53135428810583,475.45129655200424,-7.845652555119955,-1.6243077195871598,0,1,-0.023962292912268923,-0.02364544715493233,-0.0006686688455912401,0.0,-0.0006686688455912401,1.4416335691736626,144163.35691736627
2025-12-07 10:35:10.763715,459.3813217802338,473.7470425125034,-7.3167887980944215,-1.3831364876884125,0,1,-0.0024971861246011473,-0.0035844976170222864,0.0010339773764199054,0.0,0.0010339773764199054,1.4431241856692756,144312.41856692755
2025-12-07 10:50:10.763715,453.9157450729004,467.8392784080597,-6.962503642725892,-1.2177351901535363,0,1,-0.011897690324353505,-0.012470292316996923,0.0003870552053208149,0.0,0.0003870552053208149,1.4436827543972635,144368.27543972633
2025-12-07 11:05:10.763715,468.7083232568686,483.37316586833714,-7.472682578252602,-1.3883886630667017,0,1,0.03258881927876822,0.03320347003170698,-0.00012061283981394666,0.0,-0.00012061283981394666,1.4435086277204652,144350.86277204653
2025-12-07 11:20:10.763715,467.08133459552243,482.14778180137967,-7.892519790697122,-1.5155777500408312,0,1,-0.003471217771514823,-0.002535068459491696,-0.0009738688615208097,0.0,-0.0009738688615208097,1.4421028396165916,144210.28396165915
2025-12-07 11:35:10.763715,468.6742068706426,483.0879559101832,-7.225832675206107,-1.2325054249198935,0,1,0.0034102674569505,0.0019499708269752336,0.0014893104504311754,0.0,0.0014893104504311754,1.4442505784462292,144425.0578446229
2025-12-07 11:50:10.763715,472.8779758244657,487.1494822459253,-7.023158180785174,-1.1323404211700059,0,1,0.008969490729801022,0.008407426196519019,0.0006871595094671053,0.0,0.0006871595094671053,1.445243008965262,144524.3008965262
2025-12-07 12:05:10.763715,472.9463107760075,487.5169493562066,-7.316822757849252,-1.2189278346151213,0,1,0.00014450863655190993,0.0007543210527232169,-0.0005985887941113951,0.0,-0.0005985887941113951,1.4443779026953276,144437.79026953276
2025-12-07 12:20:10.763715,485.4311692043849,500.12137719401403,-7.2488495634738115,-1.1688522153383516,0,1,0.026398045917500168,0.02585433768908385,0.0009283976306065644,0.0,0.0009283976306065644,1.4457188597178903,144571.88597178902
2025-12-07 12:35:10.763715,480.79686726350633,495.5216682696115,-7.35188213147336,-1.183181060933703,0,1,-0.00954677456841957,-0.009197185191742285,-0.0004864352597856395,0.0,-0.0004864352597856395,1.4450156110887864,144501.56110887864
2025-12-07 12:50:10.763715,481.82668255262416,497.01996422302426,-7.798069493129731,-1.3221964885842439,0,1,0.0021418926770033764,0.003023673936691562,-0.0008367916980481977,0.0,-0.0008367916980481977,1.4438064340218772,144380.64340218774
2025-12-07 13:05:10.763715,476.28124204334745,491.56448725092,-7.969205644364081,-1.3561083093815733,0,1,-0.011509201773339028,-0.01097637391816364,-0.0006961464739531492,0.0,-0.0006961464739531492,1.4428013332637621,144280.1333263762
2025-12-07 13:20:10.763715,466.321199040863,481.9752664422972,-8.482706860395979,-1.51118173635579,0,1,-0.02091210428475776,-0.019507554059184917,-0.001694805168455802,0.0,-0.001694805168455802,1.4403560661070918,144035.6066107092
2025-12-07 13:35:10.763715,462.49760650757673,477.6203938870747,-8.016223443966737,-1.3100942734055878,0,1,-0.008199482547974868,-0.009035468951276271,0.0007015467130964369,0.0,0.0007015467130964369,1.4413665431709577,144136.65431709576
2025-12-07 13:50:10.763715,461.4374676679309,477.4028625347233,-8.862067603068397,-1.5811052400542374,0,1,-0.0022922039481483303,-0.0004554482076887245,-0.0018435324021111774,0.0,-0.0018435324021111774,1.438709337245303,143870.9337245303
2025-12-07 14:05:10.763715,458.0619169711109,474.3859242524181,-9.265569358715084,-1.682813619034507,0,1,-0.007315293909442855,-0.006319480922856391,-0.0010898412060520403,0.0,-0.0010898412060520403,1.4371413725260413,143714.13725260412
2025-12-07 14:20:10.763715,452.5424203487804,469.53125249323335,-10.002627392144689,-1.8908053011558301,0,1,-0.012049673674746075,-0.010233591493750915,-0.001968348862173862,0.0,-0.001968348862173862,1.4343125769406466,143431.25769406467
2025-12-07 14:35:10.763715,443.4078085708088,459.77631522211146,-9.527446633791271,-1.6783831018037005,0,1,-0.02018509507005206,-0.020775906224181462,0.0002816842663532146,0.0,0.0002816842663532146,1.4347166002266032,143471.66002266033
2025-12-07 14:50:10.763715,443.001106508732,459.2494453521633,-9.415118177975273,-1.5984844527707267,0,1,-0.0009172189894167682,-0.0011459265136213315,0.00021165716341867992,0.0,0.00021165716341867992,1.435020268272517,143502.0268272517
2025-12-07 15:05:10.763715,433.30766027934203,449.04482277154443,-9.055777476428204,-1.4408620221141917,0,1,-0.02188131380931191,-0.0222202175394981,8.28678286381515e-06,0.0,8.28678286381515e-06,1.4350321599738856,143503.21599738856
2025-12-07 15:20:10.763715,437.8851113144141,454.2390267870456,-9.595245350520145,-1.5854666825267154,0,1,0.010563974410517263,0.011567228374757876,-0.0008311439600318243,0.0,-0.0008311439600318243,1.4338394416616718,143383.94416616717
2025-12-07 15:35:10.763715,438.0582557652909,454.84656691434157,-10.020601373663851,-1.6850544278322261,0,1,0.00039541068285475767,0.0013374899369462678,-0.0009221786010379775,0.0,-0.0009221786010379775,1.432517185611247,143251.7185611247
2025-12-07 15:50:10.763715,429.19033014998763,445.05455671724343,-9.242213138619832,-1.3930349112184588,0,1,-0.020243713018970322,-0.021528161163283488,0.0009641283763983412,0.0,0.0009641283763983412,1.4338983160795733,143389.83160795734
2025-12-07 16:05:10.763715,427.18124400999477,443.03941449544527,-9.266140569289462,-1.3701611199237729,0,1,-0.004681107655176597,-0.0045278543751174904,-0.00022062370020736223,0.0,-0.00022062370020736223,1.4335819641273586,143358.19641273585
2025-12-07 16:20:10.763715,422.8444411929083,438.11279137345736,-8.74962400654556,-1.1756475032459395,0,1,-0.010152137711797682,-0.011120056050991756,0.0008024618588919619,0.0,0.0008024618588919619,1.4347323589751664,143473.23589751663
2025-12-07 16:35:10.763715,424.6091932595531,440.2593607198922,-9.09950225588858,-1.2651922206393222,0,1,0.004173525520794863,0.00489958154315806,-0.0006531546346933191,0.0,-0.0006531546346933191,1.4337952568853574,143379.52568853574
2025-12-07 16:50:10.763715,433.4189534722425,449.24606479366764,-9.142732004496622,-1.2551330209851437,0,1,0.02074792621671806,0.020412295286761806,0.0006393476124574894,0.0,0.0006393476124574894,1.4347119504596,143471.19504596
2025-12-07 17:05:10.763715,422.44318776214914,436.82959623278504,-7.886775091717482,-0.8226247635046481,0,1,-0.02532368652123629,-0.027638458150068157,0.0019035361111763918,0.0,0.0019035361111763918,1.437442976466436,143744.2976466436
2025-12-07 17:20:10.763715,423.6217245478766,437.6277093407653,-7.494476205327089,-0.6764649358706628,0,1,0.0027898113163349336,0.001827058227883871,0.0009899380794534884,0.0,0.0009899380794534884,1.4388659560058832,143886.5956005883
2025-12-07 17:35:10.763715,422.56580363092235,436.6214525258826,-7.559112508087878,-0.6824210035595333,0,1,-0.0024926033198161557,-0.0022993443820056303,-0.0002274711240355361,0.0,-0.0002274711240355361,1.438538655549534,143853.8655549534
2025-12-07 17:50:10.763715,427.045616036021,441.0845936906062,-7.476033722209422,-0.6390693867403596,0,1,0.010601455126291848,0.01022199238929744,0.0005315568338813813,0.0,0.0005315568338813813,1.439303320602694,143930.3320602694
2025-12-07 18:05:10.763715,428.40874308753786,442.54166973300534,-7.5483027258324,-0.6490648213260124,0,1,0.00319199401733683,0.003303393642039465,-6.224808422856682e-05,0.0,-6.224808422856682e-05,1.4392137267283625,143921.37267283624
2025-12-07 18:20:10.763715,423.83910818574003,437.6218095729148,-7.271280582877807,-0.5370221682735097,0,1,-0.010666530446751699,-0.011117281143397828,0.000285335504485151,0.0,0.000285335504485151,1.4396243855031405,143962.43855031405
2025-12-07 18:35:10.763715,421.8278586359675,435.575994236994,-7.267154697686635,-0.5201912979411014,0,1,-0.0047453137545087065,-0.0046748477593412385,-0.0001400235452968879,0.0,-0.0001400235452968879,1.4394228041927866,143942.28041927866
2025-12-07 18:50:10.763715,416.97353051336836,430.44901811687265,-7.07079151559509,-0.4331587345082338,0,1,-0.011507841464753477,-0.011770566302907404,8.75893475852426e-05,0.0,8.75893475852426e-05,1.4395488822971052,143954.88822971052
2025-12-07 19:05:10.763715,423.8724587375165,437.49662834079686,-7.114611383665647,-0.4334473803065457,0,1,0.016545242609655286,0.01637269438958433,0.00041615925713233554,0.0,0.00041615925713233554,1.4401479638905677,144014.79638905678
2025-12-07 19:20:10.763715,423.6377088686822,437.68027315305443,-7.530273594334517,-0.5748992818264245,0,1,-0.0005538219433589564,0.0004197628058393299,-0.0009673390543836706,0.0,-0.0009673390543836706,1.4387548525210052,143875.4852521005
2025-12-07 19:35:10.763715,435.30879695132603,450.3866941686363,-8.376546356277515,-0.8857699468404288,0,1,0.027549691253432762,0.029031285609572244,-0.0010496348126282987,0.0,-0.0010496348126282987,1.4372446853409613,143724.46853409612
2025-12-07 19:50:10.763715,434.3960590959414,450.02206816451746,-8.930083516102115,-1.0896478083449344,0,1,-0.0020967594998699823,-0.0008095843168545169,-0.0012992210729786363,0.0,-0.0012992210729786363,1.4353773867587398,143537.738675874
2025-12-07 20:05:10.763715,429.275641281157,445.30993390604374,-9.40847941227355,-1.2717572525049048,0,1,-0.011787440764174817,-0.010470895966708582,-0.0014723423567875905,0.0,-0.0014723423567875905,1.43326401983424,143326.401983424
2025-12-07 20:20:10.763715,419.39949920447634,435.35631229862304,-9.479100861409052,-1.2862302732536188,0,1,-0.023006528036870866,-0.022352121184704643,-0.0009869864076602515,0.0,-0.0009869864076602515,1.431849407728075,143184.9407728075
2025-12-07 20:35:10.763715,408.6924947852792,423.7813801443494,-8.783397755884721,-0.9832636743303242,0,1,-0.02552936863183275,-0.02658726157698177,0.0006622982915585225,0.0,0.0006622982915585225,1.4327977191445824,143279.77191445825
2025-12-07 20:50:10.763715,399.02675724328935,413.8715542476793,-8.686758740106313,-0.9278253814999834,0,1,-0.023650391591037434,-0.0233842881282198,-0.0006140407385223437,0.0,-0.0006140407385223437,1.4319179229749657,143191.79229749658
2025-12-07 21:05:10.763715,401.10918831626105,415.57477832794865,-8.282209297672182,-0.7406686230570012,0,1,0.005218775521116381,0.004115344634799678,0.0011646635307729697,0.0,0.0011646635307729697,1.4335856255589148,143358.5625558915
2025-12-07 21:20:10.763715,404.3748349510298,418.7999859128202,-8.193782045845978,-0.6867591243137675,0,1,0.008141540333386432,0.007760835722148585,0.0004961788999375957,0.0,0.0004961788999375957,1.434296940497571,143429.6940497571
2025-12-07 21:35:10.763715,394.27833412470966,409.02471612028484,-8.660460344146315,-0.8770401505359571,0,1,-0.024968172976300163,-0.023341141646003427,-0.0019743266249671564,0.0,-0.0019743266249671564,1.4314651698598377,143146.51698598376
2025-12-07 21:50:10.763715,400.1119626988879,414.5945934598526,-8.313834320407693,-0.7088167325565837,0,1,0.014795711732750405,0.01361745909244716,0.0013808682423975677,0.0,0.0013808682423975677,1.4334418346529954,143344.18346529955
2025-12-07 22:05:10.763715,397.90051420163525,411.6424956972766,-7.617109627322463,-0.3747461717363531,0,1,-0.0055270741777768695,-0.007120444427266448,0.0014874244100333807,0.0,0.0014874244100333807,1.4355739710282212,143557.3971028221
2025-12-07 22:20:10.763715,398.46279253797076,412.5911450006599,-7.989365541886741,-0.5326842371703502,0,1,0.0014131128668273263,0.0023045465745132887,-0.0008571441174930021,0.0,-0.0008571441174930021,1.4343434772437282,143434.3477243728
2025-12-07 22:35:10.763715,408.4824595155161,422.7328623116757,-7.960516199779647,-0.5037725361875879,0,1,0.02514580323479154,0.02458055010123794,0.0009309897166239547,0.0,0.0009309897166239547,1.4356788362711486,143567.88362711485
2025-12-07 22:50:10.763715,413.68961548622707,428.5009855805039,-8.435658986794294,-0.7153260961464094,0,1,0.012747563204762669,0.013644842365189369,-0.0006942561197451711,0.0,-0.0006942561197451711,1.4346821074530787,143468.21074530788
2025-12-07 23:05:10.763715,412.31192508781567,426.82115228834795,-8.158510508791892,-0.5667198466967056,0,1,-0.003330251345062485,-0.003920255375562842,0.0005316741395940778,0.0,0.0005316741395940778,1.4354448908281496,143544.48908281495
2025-12-07 23:20:10.763715,406.49375412889106,421.19554151492383,-8.434774747028484,-0.6853730618664091,0,1,-0.014111090669243764,-0.01318025300119996,-0.0011269480348504012,0.0,-0.0011269480348504012,1.4338272190292949,143382.72190292948
2025-12-07 23:35:10.763715,393.108981581991,407.8583627400322,-8.680813800889325,-0.7895331530741417,0,1,-0.0329273756630859,-0.03166505212026105,-0.0017334711744893573,0.0,-0.0017334711744893573,1.4313417208759094,143134.17208759094
2025-12-07 23:50:10.763715,389.01648599232055,403.52266784959437,-8.502125759143098,-0.6878901204899646,0,1,-0.010410587855817943,-0.010630393505505653,6.163490975780346e-05,0.0,6.163490975780346e-05,1.4314299414937082,143142.99414937082
2025-12-08 00:05:10.763715,387.99721899142617,402.2869784274926,-8.304089290451657,-0.5760590537717206,0,1,-0.0026201126111516926,-0.0030622552846580886,0.00039657905594343585,0.0,0.00039657905594343585,1.431997616628555,143199.7616628555
2025-12-08 00:20:10.763715,382.4274051644403,396.4135631581104,-8.087879009877497,-0.4476121955221207,0,1,-0.014355293167987782,-0.014600063100080773,2.7534061909346638e-05,0.0,2.7534061909346638e-05,1.4320370453395854,143203.70453395855
2025-12-08 00:35:10.763715,381.34052380480864,395.67341571357497,-8.445625656430877,-0.6338615032967949,0,1,-0.0028420592900875175,-0.0018671092851588744,-0.001002730919812991,0.0,-0.001002730919812991,1.4306010975159058,143060.1097515906
2025-12-08 00:50:10.763715,381.8392369185513,396.16941738584217,-8.435534154050913,-0.6218804162995807,0,1,0.001307789449615182,0.001253563298845073,7.287805057274669e-05,0.0,7.287805057274669e-05,1.43070535693504,143070.535693504
2025-12-08 01:05:10.763715,380.9702142113848,394.8749378454666,-8.029338017693703,-0.3631353532902301,0,1,-0.002275886349919154,-0.0032674898252300633,0.0009429861514928953,0.0,0.0009429861514928953,1.4320544922734966,143205.44922734966
2025-12-08 01:20:10.763715,377.55319668626186,391.0827064274118,-7.710549133776624,-0.12930542186287894,0,1,-0.008969251132129208,-0.009603626501965778,0.0004914820038440827,0.0,0.0004914820038440827,1.4327583212849733,143275.83212849734
2025-12-08 01:35:10.763715,378.8215550830923,392.112537122719,-7.456698473324877,0.07824332962703649,0,1,0.003359416389432379,0.002633281089605921,0.0007653161653485745,0.0,0.0007653161653485745,1.4338548343892903,143385.48343892902
2025-12-08 01:50:10.763715,381.1858577978949,394.7600029709876,-7.700469684756854,-0.07233572321328464,0,1,0.006241204290194258,0.0067518010714358034,-0.0004101360249416557,0.0,-0.0004101360249416557,1.4332667588671704,143326.67588671704
2025-12-08 02:05:10.763715,375.9164552160533,388.3946674021172,-6.69924719328111,0.7368198433828467,0,0,-0.013823709547575835,-0.01612457067829698,0.002060941952384293,0.001,0.001060941952384293,1.4347873717006105,143478.73717006107
2025-12-08 02:20:10.763715,383.411181941981,396.74191945833536,-7.427572884731319,0.20634620190863986,0,0,0.019937213766341166,0.021491675238620056,0.0,0.0,0.0,1.4347873717006105,143478.73717006107
2025-12-08 02:35:10.763715,383.3103176228045,396.19525993739666,-6.989911487317158,0.6508997136321861,0,0,-0.0002630708855845265,-0.0013778718459724892,0.0,0.0,0.0,1.4347873717006105,143478.73717006107
2025-12-08 02:50:10.763715,384.19910912783496,396.34693045599073,-6.250533779326759,1.3897985023511685,0,0,0.0023187257534378336,0.0003828176001350325,0.0,0.0,0.0,1.4347873717006105,143478.73717006107
2025-12-08 03:05:10.763715,388.6154207646867,400.61991345621124,-6.043626980466399,1.6060714565226957,0,0,0.011494851320392518,0.01078091609112386,0.0,0.0,0.0,1.4347873717006105,143478.73717006107
2025-12-08 03:20:10.763715,389.9847512848242,402.0640374380367,-6.096933169962767,1.603703409564093,0,0,0.003523613441388962,0.0036047234131892925,0.0,0.0,0.0,1.4347873717006105,143478.73717006107
2025-12-08 03:35:10.763715,395.3582921653503,407.89444290097566,-6.467046537974568,1.279164131641998,0,0,0.013778848692987955,0.014501186179421754,0.0,0.0,0.0,1.4347873717006105,143478.73717006107
2025-12-08 03:50:10.763715,397.6948336403243,409.6959441851042,-5.905201620573337,1.8169755861753711,0,0,0.005909934156627772,0.004416586976071946,0.0,0.0,0.0,1.4347873717006105,143478.73717006107
2025-12-08 04:05:10.763715,393.5385903300247,405.99007943305685,-6.410720129158335,1.320719213392896,0,0,-0.01045083556217008,-0.009045402583661044,0.0,0.0,0.0,1.4347873717006105,143478.73717006107
2025-12-08 04:20:10.763715,395.29701640533807,408.2383835898297,-6.867145457257379,0.9021437296113832,0,0,0.004468243060582022,0.005537830283716572,0.0,0.0,0.0,1.4347873717006105,143478.73717006107
2025-12-08 04:35:10.763715,388.66607389165597,401.334556188581,-6.696983341697148,1.109638498467052,0,0,-0.01677458275294119,-0.016911264787353275,0.0,0.0,0.0,1.4347873717006105,143478.73717006107
2025-12-08 04:50:10.763715,390.07453994540367,402.0288208734409,-5.9724519357458234,1.880184583676264,0,0,0.0036238461454711768,0.0017298901232258856,0.0,0.0,0.0,1.4347873717006105,143478.73717006107
2025-12-08 05:05:10.763715,390.2049171605527,401.8686644554518,-5.684301286748791,2.1795812357741515,-1,-1,0.00033423666965637366,-0.00039837048906388173,0.0,0.001,-0.001,1.4333525843289099,143335.258432891
2025-12-08 05:20:10.763715,388.6475208270662,400.65614955246474,-6.047223853663638,1.7964124723107406,0,-1,-0.003991226827225525,-0.003017191959044707,0.0010189279837955405,0.0,0.0010189279837955405,1.4348130673877282,143481.3067387728
2025-12-08 05:35:10.763715,387.8959903118595,399.92439405256687,-6.077886735805066,1.738324652380051,0,-1,-0.0019337072152355583,-0.0018263927827271154,0.00013448952228258654,0.0,0.00013448952228258654,1.435006034711726,143500.6034711726
2025-12-08 05:50:10.763715,377.15281318205393,388.83215746344956,-5.893869828104414,1.884107333167309,0,-1,-0.027696025218431175,-0.02773583395780388,0.00037287564313926574,0.0,0.00037287564313926574,1.435541113509828,143554.1113509828
2025-12-08 06:05:10.763715,373.91851501488566,385.683430630331,-6.026291398956118,1.726020746423496,0,-1,-0.008575564211971143,-0.008097907471592225,0.0005981463549921753,0.0,0.0005981463549921753,1.4363997771943153,143639.97771943154
2025-12-08 06:20:10.763715,375.07931985465194,386.2595599527431,-5.433043592986849,2.2530749444566123,0,-1,0.0031044326321205684,0.001493788108736016,-0.0016328707533293705,0.0,-0.0016328707533293705,1.434054322008046,143405.4322008046
2025-12-08 06:35:10.763715,375.4045330894652,387.2255827889771,-6.05947963930663,1.6301357580102656,0,-1,0.0008670518943547645,0.002500968096044609,0.0015967040350764838,0.0,0.0015967040350764838,1.436344082330515,143634.40823305148
2025-12-08 06:50:10.763715,370.74094593374247,381.3403553030896,-4.925406226172413,2.620192006514224,0,-1,-0.012422831225139541,-0.015198446971141033,-0.002549476459439261,0.0,-0.002549476459439261,1.4326821569049584,143268.21569049582
2025-12-08 07:05:10.763715,378.2122935116443,388.6883691479316,-4.692740624423834,2.710340895147228,0,-1,0.020152474820617883,0.019268912252944803,-0.001170266734091211,0.0,-0.001170266734091211,1.4310055366362064,143100.55366362064
2025-12-08 07:20:10.763715,374.07971251314274,383.70932210293375,-3.9203583411339764,3.1928749691688,0,-1,-0.010926617324178323,-0.012809868882654563,-0.0016926521758169645,0.0,-0.0016926521758169645,1.428583342001013,142858.3342001013
2025-12-08 07:35:10.763715,379.24702191927247,389.3688715638918,-4.328389365934754,2.706594865752065,0,-1,0.013813391192520674,0.01474957509486785,0.000716723427511631,0.0,0.000716723427511631,1.429607241150378,142960.7241150378
2025-12-08 07:50:10.763715,381.6198527750656,391.91111462916706,-4.459975274207238,2.489708266955587,0,-1,0.00625668948904301,0.006529137922773431,0.00017530070577334925,0.0,0.00017530070577334925,1.4298578523087304,142985.78523087304
2025-12-08 08:05:10.763715,377.38336459681443,388.1693277058818,-5.010350969259491,1.9887440476480607,0,-1,-0.011101330676180132,-0.00954753969360067,0.0016958498270676584,0.0,0.0016958498270676584,1.4322826765002994,143228.26765002994
2025-12-08 08:20:10.763715,387.17967874566324,398.6848756176645,-5.5731227918979585,1.5133213697396257,0,-1,0.025958521407839275,0.02709010517119048,0.0007285072471820767,0.0,0.0007285072471820767,1.4333261048101433,143332.61048101433
2025-12-08 08:35:10.763715,380.8212459918522,391.6492884258871,-5.000651593680743,1.8998055358949224,0,-1,-0.016422434086443505,-0.017646987939729297,-0.0009619824688384057,0.0,-0.0009619824688384057,1.4319472702251876,143194.72702251875
2025-12-08 08:50:10.763715,386.7346093085635,397.12618619976456,-4.48269471442876,2.227536341935512,0,-1,0.015527923872287852,0.013984189262516322,-0.0017518068285305513,0.0,-0.0017518068285305513,1.4294387752191113,142943.87752191114
2025-12-08 09:05:10.763715,391.9511428973034,403.17181632405976,-5.221837685272931,1.648726891394777,0,-1,0.013488664999665945,0.015223448703163722,0.0015082724135424917,0.0,0.0015082724135424917,1.4315947582906223,143159.47582906223
2025-12-08 09:20:10.763715,388.02588144279696,399.17643462243717,-5.211165141548065,1.6195505087303823,0,-1,-0.010014670260917957,-0.009909873507654154,0.00025224680057443424,0.0,0.00025224680057443424,1.4319558734881201,143195.58734881203
2025-12-08 09:35:10.763715,396.05255181195423,407.64246978753994,-5.52456291231772,1.3629038869674106,0,-1,0.020685914917097037,0.021208754903355942,0.0002072726975862471,0.0,0.0002072726975862471,1.4322526788448426,143225.26788448426
2025-12-08 09:50:10.763715,394.00385395909086,406.157003496932,-6.10989688331324,0.926052578546613,0,-1,-0.005172792962677586,-0.003644042023840499,0.001582971022312643,0.0,0.001582971022312643,1.4345198933320837,143451.9893332084
2025-12-08 10:05:10.763715,396.10505376530386,407.9604353044941,-5.785295433645956,1.1385817660365225,0,-1,0.0053329422671870574,0.004440233190699416,-0.000958775771842852,0.0,-0.000958775771842852,1.4331445104141303,143314.45104141303
2025-12-08 10:20:10.763715,397.3711593723756,409.59752244580443,-6.131918576604221,0.8791489377269068,0,-1,0.0031963884202848014,0.004012857619608123,0.0007567614699153704,0.0,0.0007567614699153704,1.4342290589604323,143422.90589604323
2025-12-08 10:35:10.763715,396.6164845497204,408.8140445567269,-6.114772959867992,0.8757333392714083,0,-1,-0.0018991685854785612,-0.0019127993851114633,1.4829943040814983e-05,0.0,1.4829943040814983e-05,1.4342503284956842,143425.03284956844
2025-12-08 10:50:10.763715,401.26995242893935,413.8578336895863,-6.430047145986293,0.6423866390722525,0,-1,0.011732915954066003,0.012337612173594303,0.0004211235939754511,0.0,0.0004211235939754511,1.434854325148681,143485.4325148681
2025-12-08 11:05:10.763715,405.7173608629228,418.85502127699147,-6.9054726211683715,0.3010869995333588,0,-1,0.011083332821365532,0.012074647815301098,0.0008116550426505963,0.0,0.0008116550426505963,1.436018931897157,143601.8931897157
2025-12-08 11:20:10.763715,395.56158657802064,408.0529188983885,-6.419870141729916,0.6319422633065941,0,-1,-0.025031648296493403,-0.02578959742602549,-0.00037422300450612456,0.0,-0.00037422300450612456,1.4354815405779349,143548.1540577935
2025-12-08 11:35:10.763715,403.2568480022314,416.1567419454646,-6.707854131513955,0.4248702651615559,0,-1,0.01945401597455909,0.019859735518995558,0.00011022445667467629,0.0,0.00011022445667467629,1.4356397657508115,143563.97657508115
2025-12-08 11:50:10.763715,393.4770321038434,405.9478053143629,-6.430633237691666,0.6147935038863162,0,-1,-0.024252076429298164,-0.02453147000184741,8.561274257454579e-05,0.0,8.561274257454579e-05,1.4357626748085066,143576.26748085066
2025-12-08 12:05:10.763715,399.28016291581577,412.3253763412813,-6.910180904420997,0.2745848394086323,0,-1,0.014748334307962407,0.01571032271495998,0.000728232867555325,0.0,0.000728232867555325,1.4368082443783112,143680.82443783112
2025-12-08 12:20:10.763715,406.27758130008664,419.39506983439634,-6.8772653022812165,0.29066625594348955,0,-1,0.017525083974047062,0.017145909271573556,-0.0006342904848621114,0.0,-0.0006342904848621114,1.4358968905803307,143589.68905803305
2025-12-08 12:35:10.763715,400.78400348548377,412.6289927807348,-5.7054392333593,1.094853381757301,0,-1,-0.013521735058635187,-0.016132943709455727,-0.002371164889274878,0.0,-0.002371164889274878,1.4324921422887675,143249.21422887675
2025-12-08 12:50:10.763715,398.5454394736906,410.1351142428153,-5.4872313875674195,1.2268699087856512,0,-1,-0.00558546247436309,-0.00604387617339508,-0.0003684862315402621,0.0,-0.0003684862315402621,1.4319642886575445,143196.42886575445
2025-12-08 13:05:10.763715,392.7270546272467,403.42923013044833,-4.699509674694298,1.7266681161307855,0,-1,-0.014599050121179458,-0.016350426675236673,-0.0015080968406531482,0.0,-0.0015080968406531482,1.429804747837892,142980.4747837892
2025-12-08 13:20:10.763715,390.8631208356548,402.1709579948177,-5.323893293734557,1.2775990727521236,0,-1,-0.004746130345822497,-0.0031189414193507625,0.001673595982978273,0.0,0.001673595982978273,1.4321976633203168,143219.7663320317
2025-12-08 13:35:10.763715,389.278745300587,400.3570414498853,-5.121341738393426,1.3856018226061921,0,-1,-0.0040535303808669765,-0.0045103121169574045,-0.00038967232904124453,0.0,-0.00038967232904124453,1.4316395755212035,143163.95755212035
2025-12-08 13:50:10.763715,393.29570977693174,405.10717453619066,-5.783832619948441,0.9258519584734649,0,-1,0.010318992559542384,0.011864742203866019,0.0013692129006470134,0.0,0.0013692129006470134,1.433599794897084,143359.9794897084
2025-12-08 14:05:10.763715,400.3132485674286,413.18948606528573,-6.728347797597564,0.2885592325192143,0,-1,0.017842907044363754,0.01995104514835755,0.0018112844106797782,0.0,0.0018112844106797782,1.4361964518567347,143619.64518567346
2025-12-08 14:20:10.763715,408.3988266480882,421.9730919859799,-7.29568344387576,-0.0981327434093604,0,-1,0.020198127615298267,0.021258057663418706,0.0007436291785097235,0.0,0.0007436291785097235,1.4372644494444076,143726.44494444077
2025-12-08 14:35:10.763715,405.7921403882306,418.47160097124936,-6.452977741062398,0.45596572438394245,0,-1,-0.006382697720392128,-0.008297901172444666,-0.0017917381101880958,0.0,-0.0017917381101880958,1.4346892479559195,143468.92479559194
2025-12-08 14:50:10.763715,405.14889411665484,417.2020765368984,-5.845588965499132,0.8454496970028136,0,-1,-0.0015851619771648506,-0.0030337170584681106,-0.0014034160870009926,0.0,-0.0014034160870009926,1.4326757819854907,143267.57819854908
2025-12-08 15:05:10.763715,395.4857452284261,406.8396500327659,-5.300494980406313,1.189510354797774,0,-1,-0.02385085835985634,-0.024837907304174234,-0.0006174831164323137,0.0,-0.0006174831164323137,1.4317911288787932,143179.1128878793
2025-12-08 15:20:10.763715,390.1642991080406,401.9915532374232,-5.845979646156309,0.8071753255938215,0,-1,-0.013455468836966245,-0.011916480596107726,0.001716294805499851,0.0,0.001716294805499851,1.4342485045558486,143424.85045558485
2025-12-08 15:35:10.763715,395.7585163338934,407.8925782144455,-6.064985427767738,0.6415285460655293,0,-1,0.014338106378881443,0.014679475052395086,0.00012295122456244464,0.0,0.00012295122456244464,1.4344248471658105,143442.48471658106
2025-12-08 15:50:10.763715,405.5412742747108,417.9398795701034,-6.180033991933158,0.5462030133870217,0,-1,0.024719008023983857,0.024632224002800074,-0.00045328946565526343,0.0,-0.00045328946565526343,1.433774637493316,143377.4637493316
2025-12-08 16:05:10.763715,398.45939706831814,410.313852320602,-5.74935240812033,0.8328312744016341,0,-1,-0.01746277791097406,-0.018246708730800254,-0.0005124361268271649,0.0,-0.0005124361268271649,1.433039919571336,143303.99195713358
2025-12-08 16:20:10.763715,394.19430037717535,406.7242333403756,-6.478240436338183,0.2984658959177102,0,-1,-0.010703968139598175,-0.008748471346811004,0.002085666215533752,0.0,0.002085666215533752,1.436028762517097,143602.8762517097
2025-12-08 16:35:10.763715,393.7444402323524,406.6038256712997,-6.809484470422319,0.036632023800981885,0,-1,-0.0011412142296134409,-0.000296042525145257,0.0008495765522500362,0.0,0.0008495765522500362,1.4372487788820882,143724.87788820884
2025-12-08 16:50:10.763715,395.5043517057864,408.3569737215516,-6.7766357735227984,0.04341869860685307,0,-1,0.00446967955254296,0.0043116860677772095,-0.00022214751399642595,0.0,-0.00022214751399642595,1.4369294976388651,143692.9497638865
2025-12-08 17:05:10.763715,391.2499009713067,403.4682001892119,-6.215053549806157,0.45181811972578084,0,-1,-0.010757026354148769,-0.011971813503724338,-0.001036657280798256,0.0,-0.001036657280798256,1.435439894213144,143543.9894213144
2025-12-08 17:20:10.763715,392.73853411299444,406.0834134437545,-7.302721630351812,-0.39848406896936794,0,-1,0.003804814104724663,0.006481832405419219,0.002580574436491804,0.0,0.002580574436491804,1.4391441537092708,143914.41537092708
2025-12-08 17:35:10.763715,390.11557472757926,403.24769467469775,-7.132155203697437,-0.2860144242956661,0,-1,-0.006678640259579205,-0.0069830942983085675,-0.00020055184624780207,0.0,-0.00020055184624780207,1.4388555306922277,143885.55306922278
2025-12-08 17:50:10.763715,390.29085022640675,403.20060452019135,-6.910490209711497,-0.13116121316810644,0,-1,0.0004492912105595881,-0.00011677724418091007,-0.0005643309138762297,0.0,-0.0005643309138762297,1.4380435400356564,143804.35400356565
2025-12-08 18:05:10.763715,394.04339406758805,406.5587641449644,-6.466139584027985,0.21513229845421658,0,-1,0.009614736904553167,0.008328756423292782,-0.0014099049216384288,0.0,-0.0014099049216384288,1.4360160353710298,143601.603537103
2025-12-08 18:20:10.763715,394.5750321589273,406.638593308874,-6.0131428700957485,0.568597025303643,0,-1,0.0013491866615280568,0.0001963533219546676,-0.0011557549012451353,0.0,-0.0011557549012451353,1.4343563527998833,143435.63527998832
2025-12-08 18:35:10.763715,392.4708563532219,404.02591642536356,-5.543516085669182,0.9291793017621968,0,-1,-0.005332764706860282,-0.006425058827424057,-0.0009966949963826702,0.0,-0.0009966949963826702,1.432926737000018,143292.67370000182
2025-12-08 18:50:10.763715,391.5463500117607,403.4025224246752,-5.853903971162595,0.6661301215120976,0,-1,-0.0023556050761363023,-0.0015429554772224963,0.0008356073952912203,0.0,0.0008356073952912203,1.4341241011783659,143412.41011783658
2025-12-08 19:05:10.763715,390.20730890361443,402.9084778413398,-6.7062514371463635,-0.02654628655979291,0,-1,-0.0034198789188203405,-0.0012246938377230565,0.0022134074291599334,0.0,0.0022134074291599334,1.4372984021182516,143729.84021182515
2025-12-08 19:20:10.763715,388.05812234707423,400.7185331778741,-6.69807774655942,-0.024605880843412316,0,-1,-0.0055078070233458565,-0.005435340242028963,0.00015333977885995283,0.0,0.00015333977885995283,1.4375187971373882,143751.8797137388
2025-12-08 19:35:10.763715,387.25316237107364,399.20590149661075,-6.012912646733525,0.518512480895693,0,-1,-0.0020743283792953315,-0.0037747984084178787,-0.0016443044076865712,0.0,-0.0016443044076865712,1.4351550786431229,143515.5078643123
2025-12-08 19:50:10.763715,397.29247241673914,408.93533368541915,-5.558269547874374,0.8705218072058897,0,-1,0.025924410750313376,0.024371964823999503,-0.0019150789471668733,0.0,-0.0019150789471668733,1.4324066433660938,143240.6643366094
2025-12-08 20:05:10.763715,401.0291822130946,412.43178686014136,-5.265988832731352,1.0851052025172228,0,-1,0.009405438199281635,0.008550137116329237,-0.0009825194698814925,0.0,-0.0009825194698814925,1.430999275950199,143099.9275950199
2025-12-08 20:20:10.763715,399.58917282571576,410.6489125822659,-4.9496515156107534,1.309647496053035,0,-1,-0.0035907845394993476,-0.004322834307822321,-0.0006677298632593916,0.0,-0.0006677298632593916,1.4300437549993446,143004.37549993445
2025-12-08 20:35:10.763715,403.94457473248247,415.00598350458364,-4.886491215920273,1.333720537436968,0,-1,0.01089969949878089,0.010610209326793019,-0.0004473605894057091,0.0,-0.0004473605894057091,1.429404009782232,142940.40097822322
2025-12-08 20:50:10.763715,401.7520823187682,412.9744166412389,-5.0776446627289715,1.1641267700801223,0,-1,-0.0054277060538967525,-0.004895271258955947,0.0006052720494399595,0.0,0.0006052720494399595,1.4302691880767107,143026.91880767106
2025-12-08 21:05:10.763715,408.72046764028295,420.34782168731385,-5.372954720254143,0.9154225307550102,0,-1,0.017344988683806628,0.017854386976422276,0.00024374099614840258,0.0,0.00024374099614840258,1.430617803313373,143061.7803313373
2025-12-08 21:20:10.763715,411.8459479270367,422.72723997753207,-4.591489109414795,1.5506296981927798,0,-1,0.007646987450367959,0.005660593840279837,-0.002070618179545125,0.0,-0.002070618179545125,1.4276555400818514,142765.55400818514
2025-12-08 21:35:10.763715,410.7561584011081,422.08960100320195,-5.053127158190648,1.1460332593585791,0,-1,-0.0026461096228186376,-0.0015083933894678436,0.0011601597767994859,0.0,0.0011601597767994859,1.429311848614579,142931.1848614579
2025-12-08 21:50:10.763715,414.31734679900075,424.9762861347188,-4.335672600975045,1.7289400097879473,0,-1,0.008669835680017002,0.006839033998127242,-0.001932560386055257,0.0,-0.001932560386055257,1.426549617156627,142654.9617156627
2025-12-08 22:05:10.763715,404.7643896129467,415.12107628181656,-4.18005663518511,1.8216225410691742,0,-1,-0.02305710166339847,-0.023190023007020444,0.0002121254409690465,0.0,0.0002121254409690465,1.4268522246232305,142685.22246232306
2025-12-08 22:20:10.763715,398.83656101498485,408.2046801815552,-3.2943989158827662,2.4884356214652623,0,-1,-0.014645133687848033,-0.016661153806524553,-0.0017681170636956213,0.0,-0.0017681170636956213,1.424329382857502,142432.93828575022
2025-12-08 22:35:10.763715,391.2359971505135,400.99936374197915,-3.796854999807124,2.0257087042992974,0,-1,-0.019056838332797033,-0.017651234268973526,0.001668238629849092,0.0,0.001668238629849092,1.426705504155614,142670.5504155614
2025-12-08 22:50:10.763715,392.3704853794561,401.90027554002336,-3.5498738077741336,2.173930382633928,0,-1,0.002899754207704275,0.0022466664027525063,-0.0006865161899983784,0.0,-0.0006865161899983784,1.4257260477286513,142572.60477286513
2025-12-08 23:05:10.763715,402.0653294892917,412.5228969701613,-4.319596029671175,1.5006457654107213,0,-1,0.024708392886533703,0.02643098817452816,0.0013293258427496922,0.0,0.0013293258427496922,1.4276213022085782,142762.13022085783
2025-12-08 23:20:10.763715,414.72835415508564,426.60614658083284,-5.530274826479683,0.4836628878565914,0,-1,0.03149494307772982,0.034139316178830814,0.002136410634997553,0.0,0.002136410634997553,1.4306712875413656,143067.12875413656
2025-12-08 23:35:10.763715,418.8033361421533,430.7517683819138,-5.53923149890403,0.4610993305980187,0,-1,0.009825665272801265,0.009717679490338638,-0.0002525761548314836,0.0,-0.0002525761548314836,1.4303099340887306,143030.99340887307
2025-12-08 23:50:10.763715,422.4557132419897,434.0434515550771,-5.1295602730514815,0.7934896063294772,0,-1,0.00872098377601449,0.007641717143793247,-0.001192968543099972,0.0,-0.001192968543099972,1.4286036193304794,142860.36193304794
2025-12-09 00:05:10.763715,411.0770302563084,422.51661939386526,-5.152920042231472,0.7581445600465625,0,-1,-0.026934617355176882,-0.026556862267853365,0.0007728974264050829,0.0,0.0007728974264050829,1.429707783391213,142970.77833912132
2025-12-09 00:20:10.763715,407.1289242150419,419.1331604786753,-5.767910008378863,0.2023417821983172,0,-1,-0.009604297371723303,-0.008007871785123633,0.0017155755507906306,0.0,0.0017155755507906306,1.4321605551091743,143216.05551091742
2025-12-09 00:35:10.763715,402.49726858540566,414.2509371529346,-5.5899854252067485,0.34378841662643383,0,-1,-0.011376385597182015,-0.011648382390371692,-9.867928987078792e-05,0.0,-9.867928987078792e-05,1.4320192305226151,143201.92305226153
2025-12-09 00:50:10.763715,398.89669981905473,410.45208748192783,-5.448228003245504,0.4586641933427049,0,-1,-0.008945573168745447,-0.009170406944919773,-8.838632940906012e-05,0.0,-8.838632940906012e-05,1.431892659599186,143189.26595991862
2025-12-09 01:05:10.763715,398.2791711666932,409.4591110286882,-5.0875548031628455,0.7876207851548012,0,-1,-0.0015480916554126978,-0.0024192262228008854,-0.0008351386466802601,0.0,-0.0008351386466802601,1.430696830701257,143069.6830701257
2025-12-09 01:20:10.763715,396.08312324905614,406.6104853246384,-4.477362017376777,1.3624541008851985,0,-1,-0.005513840734387543,-0.0069570455933760655,-0.0013396902479197535,0.0,-0.0013396902479197535,1.4287801401094369,142878.01401094368
2025-12-09 01:35:10.763715,384.8008735877203,394.7553443128835,-4.080864553489903,1.7404017197286885,0,-1,-0.0284845503357678,-0.02915601402233814,-0.00023764829592355652,0.0,-0.00023764829592355652,1.4284405929438904,142844.05929438904
2025-12-09 01:50:10.763715,390.0082675618473,399.2488255142034,-3.300092802592758,2.4792969914966108,0,-1,0.013532697900541235,0.011382952165325033,-0.002319113874377157,0.0,-0.002319113874377157,1.4251278765460706,142512.78765460706
2025-12-09 02:05:10.763715,384.0673045253097,392.91515578511127,-3.0016254462399274,2.6970409484969537,0,-1,-0.015232915634526889,-0.015863965838684324,-0.0003950085925625395,0.0,-0.0003950085925625395,1.4245649387893344,142456.49387893346
2025-12-09 02:20:10.763715,385.2336184555733,394.36717947957425,-3.2657303975948366,2.3690443461137876,0,-1,0.003036743603325398,0.003695514599231009,0.0006037850465821538,0.0,0.0006037850465821538,1.4254250697972606,142542.50697972605
2025-12-09 02:35:10.763715,396.27624301849266,406.8699669953317,-4.539863063639757,1.0980640588649144,0,-1,0.028664747918911937,0.03170341794734721,0.0025669515476055803,0.0,0.0025669515476055803,1.4290840668861726,142908.40668861725
2025-12-09 02:50:10.763715,390.90163995371717,401.3375621679938,-4.46437853276575,1.1579106737099296,0,-1,-0.013562768799452618,-0.013597476530877506,0.00016761054803998178,0.0,0.00016761054803998178,1.4293235964498185,142932.35964498186
2025-12-09 03:05:10.763715,376.58891513548997,386.42915843029334,-4.090523316163399,1.5001596731550237,0,-1,-0.036614645105919275,-0.03714679397853127,2.0562171110426186e-05,0.0,2.0562171110426186e-05,1.429352986446181,142935.2986446181
2025-12-09 03:20:10.763715,375.5600203798171,384.81338324873747,-3.5276841786762247,2.0180116754193675,0,-1,-0.002732142966297091,-0.004181297260587913,-0.0013869403337980566,0.0,-0.0013869403337980566,1.4273705591380441,142737.05591380442
2025-12-09 03:35:10.763715,381.9164027727459,391.2602315598651,-3.5222267646805108,1.9700014857244172,0,-1,0.016925077345827155,0.016753181130814365,-0.000421168554204019,0.0,-0.000421168554204019,1.4267693955433385,142676.93955433386
2025-12-09 03:50:10.763715,392.43467456966766,402.9643531359511,-4.533929691335516,0.9503509602162433,0,-1,0.027540769971015067,0.029913905457307433,0.0019280433494937542,0.0,0.0019280433494937542,1.429520268787677,142952.0268787677
2025-12-09 04:05:10.763715,385.5817970192846,395.64006072641126,-4.171493747143643,1.2808000067581158,0,-1,-0.017462466989946135,-0.018176030590648318,-0.00044312053516349856,0.0,-0.00044312053516349856,1.4288868190011446,142888.68190011446
2025-12-09 04:20:10.763715,388.78002835010807,398.63864252790455,-3.927228004684821,1.4848777880502726,0,-1,0.008294559949528768,0.007579065163390686,-0.0008282644916291926,0.0,-0.0008282644916291926,1.4277033227864089,142770.33227864088
2025-12-09 04:35:10.763715,386.94394743417234,395.9055575824312,-3.0708898327086445,2.235675128286072,0,-1,-0.004722672930828287,-0.006856046187950882,-0.0020313614268004003,0.0,-0.0020313614268004003,1.424803141327586,142480.3141327586
2025-12-09 04:50:10.763715,386.78631994196826,395.3164038041491,-2.6481296274906754,2.52332590656374,0,-1,-0.00040736518363782004,-0.0014881169688036877,-0.001058609936706916,0.0,-0.001058609936706916,1.4232948305643254,142329.48305643254
2025-12-09 05:05:10.763715,402.33967989164705,411.35295479249055,-2.89271114201523,2.2182265287446086,0,-1,0.040211763311619686,0.040566368696115074,-0.00024898587010969975,0.0,-0.00024898587010969975,1.4229404502625147,142294.04502625146
2025-12-09 05:20:10.763715,393.61870028305725,402.2231611462186,-2.6197402615680403,2.3775880789529276,0,-1,-0.021675663735027162,-0.022194549813985165,-0.000188651044415674,0.0,-0.000188651044415674,1.4226720110604314,142267.20110604315
2025-12-09 05:35:10.763715,395.2330060320798,403.79735546834314,-2.5562062322428574,2.3467918509556758,0,-1,0.004101191706241902,0.003913733653821749,-0.00024569090594462077,0.0,-0.00024569090594462077,1.4223224734851718,142232.24734851718
2025-12-09 05:50:10.763715,398.5157362362015,406.68078038479194,-2.113998162812095,2.6056346948187135,0,-1,0.008305809874227021,0.00714077216554454,-0.0012712860066885802,0.0,-0.0012712860066885802,1.4205142948276315,142051.42948276314
2025-12-09 06:05:10.763715,404.12403937428417,413.39987678516553,-3.124817285034055,1.7144499199058427,0,-1,0.014072977872970682,0.01652179479447269,0.0022029874038780005,0.0,0.0022029874038780005,1.4236436699261654,142364.36699261653
2025-12-09 06:20:10.763715,404.4965826808786,414.04931972371475,-3.3920537873897842,1.45993749193335,0,-1,0.0009218538624211625,0.0015709800002836616,0.0006257513616671252,0.0,0.0006257513616671252,1.4245345168911505,142453.45168911506
2025-12-09 06:35:10.763715,405.9140970842953,416.0085673289382,-3.9046351385841263,1.0209171728953517,0,-1,0.003504391542746399,0.004731918425879389,0.0011571201725703315,0.0,0.0011571201725703315,1.426182874517168,142618.2874517168
2025-12-09 06:50:10.763715,403.79273296310953,413.6131538821397,-3.6662274208875942,1.1904716081282618,0,-1,-0.005226140546543356,-0.005758086815804586,-0.00044627109159591123,0.0,-0.00044627109159591123,1.425546410328942,142554.6410328942
2025-12-09 07:05:10.763715,405.99372323394556,415.3277760103128,-3.1543472357425912,1.566150717838795,0,-1,0.005450792179157782,0.004145472918546611,-0.001367000186961292,0.0,-0.001367000186961292,1.4235976881195003,142359.76881195002
2025-12-09 07:20:10.763715,403.6369376116314,413.23653213900104,-3.451004823644894,1.301375516955535,0,-1,-0.0058049804404392,-0.0050351649759630135,0.0008447342122633447,0.0,0.0008447342122633447,1.4248002497911538,142480.02497911538
2025-12-09 07:35:10.763715,406.1056182709509,417.1491052411413,-4.83668168091134,0.19002557313937085,0,-1,0.006116092035399312,0.009468120066461472,0.003211150879536039,0.0,0.003211150879536039,1.429375498366434,142937.5498366434
2025-12-09 07:50:10.763715,403.7571984662916,414.8842515384531,-4.953946778672446,0.09671409158861191,0,-1,-0.005782780880151384,-0.0054293624850974,0.00043420244892468634,0.0,0.00043420244892468634,1.4299961367082576,142999.61367082575
2025-12-09 08:05:10.763715,406.50848974914663,417.27942247748933,-4.562188435235839,0.40803026591254854,0,-1,0.0068142222437297395,0.005773106427044539,-0.0011270144727214809,0.0,-0.0011270144727214809,1.4283845103662516,142838.45103662516
2025-12-09 08:20:10.763715,406.6383136214498,417.1380128360208,-4.293058970351183,0.6270660564199286,0,-1,0.00031936324966608254,-0.0003388847708544196,-0.0006532057184712638,0.0,-0.0006532057184712638,1.4274514814359045,142745.14814359046
2025-12-09 08:35:10.763715,413.6251871592138,424.28605545204204,-4.347871572807151,0.5834659571672555,0,-1,0.017182034510078825,0.017135917600564543,-0.00030108402478197516,0.0,-0.00030108402478197516,1.4270216985986928,142702.1698598693
2025-12-09 08:50:10.763715,413.1871862798728,424.00149492107874,-4.505545927170999,0.45787430313518335,0,-1,-0.0010589318371766465,-0.0006706808468172065,0.00039823012102313104,0.0,0.00039823012102313104,1.4275899816224282,142758.99816224282
2025-12-09 09:05:10.763715,401.9961078207149,412.91488988338864,-4.774978107805509,0.24051835394684606,0,-1,-0.027084766495100387,-0.02614756120082473,0.0013262575998516414,0.0,0.0013262575998516414,1.429483333685027,142948.3333685027
2025-12-09 09:20:10.763715,409.8032989891701,420.8474079141442,-4.782276202329513,0.22848769052414877,0,-1,0.019421061588827948,0.01921102441473055,-0.0004958800212992165,0.0,-0.0004958800212992165,1.4287744814590724,142877.44814590723
2025-12-09 09:35:10.763715,404.03067420758725,415.2099649635875,-5.001338138296319,0.05331112732065499,0,-1,-0.01408633067576992,-0.013395456035948272,0.0008901870351536861,0.0,0.0008901870351536861,1.4300463579786256,143004.63579786255
2025-12-09 09:50:10.763715,401.3334621509238,411.199228070172,-3.747489476444798,1.045422458189267,0,-1,-0.006675760601477565,-0.009659539105154158,-0.0028400532081969097,0.0,-0.0028400532081969097,1.425984950231778,142598.49502317782
2025-12-09 10:05:10.763715,398.14794057211395,407.5823171135677,-3.369916496130884,1.3195025025605407,0,-1,-0.007937343578921285,-0.008796006192859585,-0.0007277859152317011,0.0,-0.0007277859152317011,1.424947138469667,142494.7138469667
2025-12-09 10:20:10.763715,405.91556820251407,416.11409474239747,-4.007121280371564,0.8046022373006713,0,-1,0.019509400498815888,0.02093264911306858,0.001111789532592885,0.0,0.001111789532592885,1.426531379782716,142653.13797827158
2025-12-09 10:35:10.763715,393.1547476181426,403.0353904783814,-3.8838370132220916,0.8857843745522048,0,-1,-0.03143713024085093,-0.031430572598394435,0.00047421642872192554,0.0,0.00047421642872192554,1.4272078643990962,142720.78643990963
2025-12-09 10:50:10.763715,411.5865625632803,422.5004887748325,-4.627497125399202,0.2921192123199266,0,-1,0.04688183229835974,0.04829625079164157,0.0006958135122340572,0.0,0.0006958135122340572,1.428200934915912,142820.0934915912
2025-12-09 11:05:10.763715,417.90579259386243,429.2894739358351,-4.996238233551082,-0.004152840708840438,0,-1,0.01535334387796139,0.01606858534220712,0.00047615529759654357,0.0,0.00047615529759654357,1.4288809803571043,142888.09803571043
2025-12-09 11:20:10.763715,419.8690163833592,430.7724702721222,-4.49394512231072,0.3801140466753576,0,-1,0.004697766396850822,0.0034545369181560037,-0.0012946298958267824,0.0,-0.0012946298958267824,1.4270311083223557,142703.11083223557
2025-12-09 11:35:10.763715,419.63452918085204,430.46095784460954,-4.421554923387021,0.4253491030936917,0,-1,-0.0005584770329732924,-0.000723148411308272,-0.00015391157727620162,0.0,-0.00015391157727620162,1.4268114717136515,142681.14717136516
2025-12-09 11:50:10.763715,421.0303187327128,432.3519435106502,-4.8886148635072,0.04284801771445986,0,-1,0.0033262028141138877,0.004392931882856832,0.001001366174508288,0.0,0.001001366174508288,1.428240232458826,142824.0232458826
2025-12-09 12:05:10.763715,425.22536277903674,435.78838806183524,-4.078884149462056,0.6741940876938816,0,-1,0.009963757619524616,0.007948257438792794,-0.0021337631368111166,0.0,-0.0021337631368111166,1.4251927061002947,142519.27061002946
2025-12-09 12:20:10.763715,429.2567326300681,440.0705305789783,-4.265942367931643,0.508970935543609,0,-1,0.009480548913368025,0.009826196921372432,0.00019944299339742268,0.0,0.00019944299339742268,1.4254769507997673,142547.69507997672
2025-12-09 12:35:10.763715,433.1225823303574,443.79781088561697,-4.071914379665316,0.6510551053890689,0,-1,0.009005915123574404,0.008469733935001056,-0.000662203248134428,0.0,-0.000662203248134428,1.424532995332807,142453.2995332807
2025-12-09 12:50:10.763715,433.3518552301658,444.4389890466506,-4.4742794837829365,0.30760346716201253,0,-1,0.0005293487552067155,0.0014447528701282408,0.0008939074854349793,0.0,0.0008939074854349793,1.4258063960405842,142580.63960405844
2025-12-09 13:05:10.763715,432.27082454213496,443.16967565706034,-4.304883029278358,0.4321111330315154,0,-1,-0.0024945795777352453,-0.0028559901828437706,-0.0003189160276294333,0.0,-0.0003189160276294333,1.4253516835285902,142535.168352859
2025-12-09 13:20:10.763715,431.4511725530847,442.209438445244,-4.178585276700744,0.522609464040196,0,-1,-0.0018961538519710608,-0.0021667484590245367,-0.000238355329473733,0.0,-0.000238355329473733,1.425011943358447,142501.1943358447
2025-12-09 13:35:10.763715,429.25420911370634,440.962566348586,-5.147228960124551,-0.30620203669083285,0,-1,-0.005092032607949548,-0.0028196415278739506,0.0023143448221049903,0.0,0.0023143448221049903,1.4283099123709964,142830.99123709963
2025-12-09 13:50:10.763715,437.47268484009174,448.5708050067782,-4.42378811095125,0.30161087222136,0,-1,0.01914594091774746,0.017253706411391345,-0.0021489542136943,0.0,-0.0021489542136943,1.4252405397663452,142524.05397663452
2025-12-09 14:05:10.763715,441.90551794778094,452.6276806714209,-3.9874679893878806,0.6663408953098686,0,-1,0.010132822599677294,0.009044002907370174,-0.0012233863601398848,0.0,-0.0012233863601398848,1.4234969199300767,142349.69199300767
2025-12-09 14:20:10.763715,423.09942159001145,433.1413252669999,-3.597148468611749,0.980222962881745,0,-1,-0.04255682627613577,-0.043051621092892955,0.00014577476892354418,0.0,0.00014577476892354418,1.4237044298646429,142370.44298646427
2025-12-09 14:35:10.763715,426.57745915845845,437.4675679701504,-4.3809829843800685,0.3091396016542602,0,-1,0.008220378925068106,0.009988062673271125,0.001619070316096356,0.0,0.001619070316096356,1.4260095074459316,142600.95074459317
2025-12-09 14:50:10.763715,427.9595027834039,438.7911745989761,-4.3028519064044985,0.3640438961769885,0,-1,0.003239842132474413,0.003025610869777706,-0.0002592496441672378,0.0,-0.0002592496441672378,1.4256398149885472,142563.98149885473
2025-12-09 15:05:10.763715,427.8721676186904,438.7119223161321,-4.312113991302681,0.3404594208480768,0,-1,-0.00020407343252215604,-0.00018061503382893473,2.6145788725245232e-05,0.0,2.6145788725245232e-05,1.425677089465948,142567.7089465948
2025-12-09 15:20:10.763715,425.6148318967155,436.2062611315655,-4.101070524280715,0.5075234530497511,0,-1,-0.005275724603771348,-0.005711404356959826,-0.0003506991687245676,0.0,-0.0003506991687245676,1.4251771056958027,142517.71056958026
2025-12-09 15:35:10.763715,432.73848145066444,443.66816118097427,-4.328294626269155,0.2912079056792549,0,-1,0.016737315102960615,0.01710635704781449,0.00011451466415098727,0.0,0.00011451466415098727,1.4253403093734172,142534.0309373417
2025-12-09 15:50:10.763715,439.0049625486329,450.0640001491347,-4.3624881376307485,0.24865566571513406,0,-1,0.014480988787873406,0.014415816882454857,-0.0002796663568056003,0.0,-0.0002796663568056003,1.4249416896418865,142494.16896418866
2025-12-09 16:05:10.763715,434.77051143313923,444.92095189140645,-3.530414949847909,0.9793513621816218,0,-1,-0.009645565487257035,-0.011427370898414502,-0.0016117763610080452,0.0,-0.0016117763610080452,1.422645002310707,142264.50023107068
2025-12-09 16:20:10.763715,437.5809678062749,447.6906204465501,-3.448416942929157,1.0322418158345203,0,-1,0.006464229517019193,0.0062250800807861495,-0.0003317730556682899,0.0,-0.0003317730556682899,1.422173007031159,142217.30070311588
2025-12-09 16:35:10.763715,430.83049499949885,441.25704030105703,-3.8610355179785643,0.6459387383454269,0,-1,-0.015426797103672452,-0.014370594003233483,0.0012700246758629158,0.0,0.0012700246758629158,1.4239792018434347,142397.92018434347
2025-12-09 16:50:10.763715,422.8852498134562,432.2626073781895,-2.945676891987887,1.4452605428761822,0,-1,-0.018441696393965534,-0.020383658732630927,-0.0016386717424565975,0.0,-0.0016386717424565975,1.421645767363528,142164.5767363528
2025-12-09 17:05:10.763715,419.79212339089264,428.2608757317696,-2.096613853017516,2.142135543114008,0,-1,-0.007314339821329785,-0.009257640096819064,-0.0018055548775075154,0.0,-0.0018055548775075154,1.419078907914177,141907.8907914177
2025-12-09 17:20:10.763715,426.5592851804228,433.88018941025354,-0.8651553843712918,3.0778758569343387,0,-1,0.016120268610254174,0.013121239872501134,-0.0031942610420281747,0.0,-0.0031942610420281747,1.414545999443063,141454.5999443063
2025-12-09 17:35:10.763715,431.75599874914013,440.1718903022232,-1.8665278301512558,2.1686794347747416,0,-1,0.01218286355323217,0.014501009830666822,0.00210238423123575,0.0,0.00210238423123575,1.4175199186466496,141751.99186466497
2025-12-09 17:50:10.763715,434.9706647832442,443.617006276571,-2.0457175284740288,1.9772086641009732,0,-1,0.00744556194567636,0.007826751435632051,0.0002647344344414984,0.0,0.0002647344344414984,1.417895184980622,141789.5184980622
2025-12-09 18:05:10.763715,438.40423823768987,448.5131623261133,-3.435449704179632,0.7702351923175793,0,-1,0.00789380464578393,0.011036898902134995,0.0029788750799886726,0.0,0.0029788750799886726,1.4221189176131968,142211.89176131968
2025-12-09 18:20:10.763715,441.9197797568739,452.04453458125914,-3.398736781971593,0.7931031838521214,0,-1,0.00801894966461969,0.007873508632012527,-0.0002625917933503979,0.0,-0.0002625917933503979,1.421745480856263,142174.5480856263
2025-12-09 18:35:10.763715,437.45196789971857,447.76049446248226,-3.6462512026059244,0.5586364465577047,0,-1,-0.010110006525648862,-0.0094770311131962,0.0007739851523777784,0.0,0.0007739851523777784,1.422845890748906,142284.58907489062
2025-12-09 18:50:10.763715,441.11739804619367,450.7159493646724,-2.892301434850424,1.2468845973124505,0,-1,0.008379045964916898,0.00660052626066987,-0.0018767296267711772,0.0,-0.0018767296267711772,1.420175593711408,142017.55937114081
2025-12-09 19:05:10.763715,445.79834211381393,456.20554290163795,-3.619270666186992,0.544633276996551,0,-1,0.010611560750841464,0.012179718833344344,0.0013869347685201427,0.0,0.0013869347685201427,1.42214528461973,142214.528461973
2025-12-09 19:20:10.763715,449.80887146860636,461.4426741559948,-4.767948740524901,-0.5862497100859704,0,0,0.008996285934523618,0.011479762435692376,0.0023126679118411295,0.001,0.0013126679118411295,1.4240120891008266,142401.20891008264
2025-12-09 19:35:10.763715,457.4338462046882,469.7926985322618,-5.368757492229008,-1.1798121533713744,0,0,0.016951588151622454,0.018095475004646477,0.0,0.0,0.0,1.4240120891008266,142401.20891008264
2025-12-09 19:50:10.763715,461.20172417620796,474.85813115024104,-6.590943035481189,-2.3396501369637694,1,1,0.008236989900904046,0.010782271912281205,0.0,0.001,-0.001,1.4225880770117256,142258.80770117257
2025-12-09 20:05:10.763715,464.0027352298394,477.4158009455587,-6.309545940023497,-2.089307770428373,0,1,0.006073288339575322,0.005386176686334343,0.0007672531410823731,0.0,0.0007672531410823731,1.423679562182279,142367.95621822792
2025-12-09 20:20:10.763715,470.33256522734825,485.1897564584165,-7.63800195593069,-3.290427535269864,0,1,0.013641794577726962,0.01628340640896453,-0.0023993293194047374,0.0,-0.0023993293194047374,1.4202636860672977,142026.36860672978
2025-12-09 20:35:10.763715,470.2394258872847,485.0452792994034,-7.588813827783383,-3.113451552007609,0,1,-0.00019802868640095284,-0.00029777454509294365,9.53152400036752e-05,0.0,9.53152400036752e-05,1.4203990588414037,142039.90588414037
2025-12-09 20:50:10.763715,463.2183886284998,478.7191626454936,-8.377861385862502,-3.582222678964043,0,1,-0.01493077116096142,-0.013042321869511153,-0.002082507366481653,0.0,-0.002082507366481653,1.4174410673380229,141744.1067338023
2025-12-09 21:05:10.763715,462.07080762018313,477.59740169782594,-8.420372245306908,-3.3886865405862,0,1,-0.002477408143736315,-0.00234325474139907,-0.00016901893540517817,0.0,-0.00016901893540517817,1.4172014929578218,141720.14929578218
2025-12-09 21:20:10.763715,457.97828957941755,472.3378824153992,-7.331627942690034,-2.412262354093737,0,1,-0.008856906719217794,-0.011012453718821646,0.001991691545687896,0.0,0.001991691545687896,1.4200241211898823,142002.41211898823
